Distance_m,ReceivedPower_dBm,PathLoss_dB,RMSDelaySpread_ns,KFactor_dB,TotalPower,MeanDelay,RMSDelay,Entropy,Frequency_GHz,TxHeight,RxHeight,LOS,Scenario
312.9,-81,111,2,0,3.000000001,1048.833333,2.817011813,1.098612289,28,800,30,1,UMi_LOS_28
312.8,-81.3,111.3,2.2,2.7,3.000000001,1047.933333,2.991469353,1.098612289,28,800,30,1,UMi_LOS_28
312.7,-82,112,1.9,0.1,3.000000004,1039.466667,5.741273571,1.098612289,28,800,30,1,UMi_LOS_28
312.7,-82.6,112.6,2.4,0,82,1242.200488,227.5203616,4.406719247,28,800,30,1,UMi_LOS_28
312.7,-80,110,3.5,0.3,4.000000001,1035.25,3.130894441,1.386294361,28,800,30,1,UMi_LOS_28
312.6,-80.3,110.3,3.1,0.5,4.000000003,1035.225,3.186985252,1.386294361,28,800,30,1,UMi_LOS_28
312.6,-79.1,109.1,3.7,-1.2,4.000000001,1035.225,3.186985252,1.386294361,28,800,30,1,UMi_LOS_28
312.5,-81.7,111.7,3.9,2.7,4.00000001,1035.225,3.211210832,1.386294361,28,800,30,1,UMi_LOS_28
312.5,-82,112,3.7,-1.2,4,1035.225,3.211210831,1.386294361,28,800,30,1,UMi_LOS_28
312.4,-79.7,109.7,3.2,1.1,4.000000001,1035.25,3.269938837,1.386294361,28,800,30,1,UMi_LOS_28
312.4,-81.9,111.9,2.8,-1.2,4,1035.25,3.269938837,1.386294361,28,800,30,1,UMi_LOS_28
312.3,-82.5,112.5,1.9,0.6,4.000000001,1035.225,3.328945028,1.386294361,28,800,30,1,UMi_LOS_28
312.3,-79.7,109.7,1.3,7.7,4,1035.225,3.328945028,1.386294361,28,800,30,1,UMi_LOS_28
312.3,-82,112,2.7,5.7,3.000000002,1047.8,3.034248946,1.098612289,28,800,30,1,UMi_LOS_28
312.2,-82.7,112.7,2.1,9.5,4.000000005,1035.25,3.389321466,1.386294361,28,800,30,1,UMi_LOS_28
312.2,-79.7,109.7,2.9,5.8,4.000000001,1035.25,3.389321466,1.386294361,28,800,30,1,UMi_LOS_28
312.1,-84.2,114.2,1.8,5.9,4.000000002,1035.25,3.417967232,1.386294361,28,800,30,1,UMi_LOS_28
312.1,-78.6,108.6,3.5,4.2,4.000000001,1035.225,3.433201859,1.386294361,28,800,30,1,UMi_LOS_28
312,-83.4,113.4,3.3,-2.8,4.000000001,1035.275,3.480211919,1.386294361,28,800,30,1,UMi_LOS_28
312,-80.9,110.9,3.4,-2.4,4,1035.25,3.542245051,1.386294361,28,800,30,1,UMi_LOS_28
312,-81.3,111.3,1.2,2.2,4.000000005,1035.25,3.542245051,1.386294361,28,800,30,1,UMi_LOS_28
311.9,-83,113,3.4,0.4,4.000000001,1035.25,3.573863456,1.386294361,28,800,30,1,UMi_LOS_28
311.9,-78,108,1.6,7.8,4,1035.275,3.605811282,1.386294361,28,800,30,1,UMi_LOS_28
311.8,-84.9,114.9,2.5,3.2,4,1035.275,3.638251641,1.386294361,28,800,30,1,UMi_LOS_28
311.8,-84.3,114.3,1.9,8.2,3,1047.7,3.082207002,1.098612289,28,800,30,1,UMi_LOS_28
311.7,-81,111,3.1,4.6,4.000000001,1035.275,3.638251641,1.386294361,28,800,30,1,UMi_LOS_28
311.7,-83.8,113.8,1.2,10.5,4,1035.275,3.671767286,1.386294361,28,800,30,1,UMi_LOS_28
311.7,-81.7,111.7,3,2.2,4.000000001,1035.275,3.733882028,1.386294361,28,800,30,1,UMi_LOS_28
311.6,-80.8,110.8,3.5,-2.1,4.000000001,1035.275,3.767874069,1.386294361,28,800,30,1,UMi_LOS_28
311.6,-78.1,108.1,3.1,2.3,4.000000001,1035.275,3.767874069,1.386294361,28,800,30,1,UMi_LOS_28
311.5,-80,110,1.8,7.3,4,1035.275,3.8028772,1.386294361,28,800,30,1,UMi_LOS_28
311.5,-82.4,112.4,3.8,-3.2,4,1035.3,3.834057903,1.386294361,28,800,30,1,UMi_LOS_28
311.4,-82.9,112.9,2.7,-0.9,4.000000002,1035.3,3.869754514,1.386294361,28,800,30,1,UMi_LOS_28
311.4,-81.7,111.7,3.2,1.6,4.000000023,1035.325,3.887399518,1.386294361,28,800,30,1,UMi_LOS_28
311.4,-76.8,106.8,2.9,-1.4,4.000000001,1035.275,3.935971926,1.386294361,28,800,30,1,UMi_LOS_28
311.3,-79.1,109.1,3.1,1.5,3,1047.6,3.082207002,1.098612289,28,800,30,1,UMi_LOS_28
311.3,-82.8,112.8,3.2,-1.5,4.000000001,1035.325,3.984579652,1.386294361,28,800,30,1,UMi_LOS_28
311.2,-83.8,113.8,3.3,-0.4,4,1035.3,4.003748244,1.386294361,28,800,30,1,UMi_LOS_28
311.2,-75,105,2.6,3.8,4,1035.3,4.041658076,1.386294361,28,800,30,1,UMi_LOS_28
311.1,-80.3,110.3,1.1,2,4.000000003,1035.3,4.041658075,1.386294361,28,800,30,1,UMi_LOS_28
311.1,-81.1,111.1,3.7,-2,4,1035.325,4.110580859,1.386294361,28,800,30,1,UMi_LOS_28
311.1,-85.8,115.8,3.3,2.9,4.000000001,1035.325,4.110580859,1.386294361,28,800,30,1,UMi_LOS_28
311,-83.3,113.3,3.1,-0.2,4,1035.325,4.149924698,1.386294361,28,800,30,1,UMi_LOS_28
311,-84.8,114.8,1.3,9.5,4.000000001,1035.3,4.178516483,1.386294361,28,800,30,1,UMi_LOS_28
310.9,-84,114,3.6,-0.3,4,1035.325,4.248161367,1.386294361,28,800,30,1,UMi_LOS_28
310.9,-83.5,113.5,3.5,-1.4,4.000000004,1035.35,4.267610572,1.386294361,28,800,30,1,UMi_LOS_28
310.8,-83.8,113.8,3,1.9,3,1047.5,3.131559782,1.098612289,28,800,30,1,UMi_LOS_28
310.8,-84.4,114.4,3.7,-0.9,4,1035.325,4.288574938,1.386294361,28,800,30,1,UMi_LOS_28
310.8,-82.7,112.7,1.7,9.8,4,1035.35,4.308421985,1.386294361,28,800,30,1,UMi_LOS_28
310.7,-82.5,112.5,1.8,11,4.000000009,1035.35,4.359185702,1.386294361,28,800,30,1,UMi_LOS_28
310.7,-75.3,105.3,2.5,5.4,4.000000001,1035.375,4.379140897,1.386294361,28,800,30,1,UMi_LOS_28
310.6,-78,108,2,3.4,4,1035.325,4.428529666,1.386294361,28,800,30,1,UMi_LOS_28
310.6,-82.5,112.5,2.8,2.2,4.000000001,1035.35,4.448876263,1.386294361,28,800,30,1,UMi_LOS_28
310.5,-83.5,113.5,2.1,4.7,4,1035.35,4.499722214,1.386294361,28,800,30,1,UMi_LOS_28
310.5,-84.9,114.9,2.9,0.9,4.000000016,1035.375,4.520163161,1.386294361,28,800,30,1,UMi_LOS_28
310.5,-85.8,115.8,3.7,-0.5,4.000000001,1035.35,4.542301179,1.386294361,28,800,30,1,UMi_LOS_28
310.4,-86.7,116.7,3.7,-1.2,4.000000002,1035.375,4.563099276,1.386294361,28,800,30,1,UMi_LOS_28
310.4,-85.3,115.3,1.8,5.4,3,1047.4,3.131559782,1.098612289,28,800,30,1,UMi_LOS_28
310.3,-83.1,113.1,3.5,-0.8,4,1035.4,4.635191474,1.386294361,28,800,30,1,UMi_LOS_28
310.3,-78.1,108.1,3.6,-1.5,4,1035.4,4.635191474,1.386294361,28,800,30,1,UMi_LOS_28
310.2,-75.6,105.6,3.7,0.4,4.000000002,1035.375,4.706046642,1.386294361,28,800,30,1,UMi_LOS_28
310.2,-82.5,112.5,3.1,2.6,4,1035.375,4.706046642,1.386294361,28,800,30,1,UMi_LOS_28
310.2,-82.4,112.4,3.2,3.5,4.000000001,1035.4,4.778598121,1.386294361,28,800,30,1,UMi_LOS_28
310.1,-80.8,110.8,3.6,0.1,4.000000006,1035.4,4.778598121,1.386294361,28,800,30,1,UMi_LOS_28
310.1,-76.8,106.8,3.4,2.2,4,1035.4,4.823380557,1.386294361,28,800,30,1,UMi_LOS_28
310,-87.7,117.7,2.4,6.5,4.000000001,1035.4,4.823380557,1.386294361,28,800,30,1,UMi_LOS_28
310,-85.3,115.3,3.3,2.8,4.000000001,1035.425,4.896618731,1.386294361,28,800,30,1,UMi_LOS_28
310,-73,103,3.7,-1.5,4.000000006,1035.425,4.896618731,1.386294361,28,800,30,1,UMi_LOS_28
309.9,-80.3,110.3,3.4,2.6,3.000000001,1047.333333,3.138293946,1.098612289,28,800,30,1,UMi_LOS_28
309.9,-79.9,109.9,3.4,2.6,4,1035.425,4.942355208,1.386294361,28,800,30,1,UMi_LOS_28
309.8,-83.6,113.6,3.7,0.5,4,1035.425,4.990678812,1.386294361,28,800,30,1,UMi_LOS_28
309.8,-76.9,106.9,0.7,16.5,4.000000001,1035.425,5.042011008,1.386294361,28,800,30,1,UMi_LOS_28
309.7,-76,106,3,4.6,4,1035.45,5.064336087,1.386294361,28,800,30,1,UMi_LOS_28
309.7,-82.8,112.8,3.5,2.4,4.000000001,1035.425,5.088405939,1.386294361,28,800,30,1,UMi_LOS_28
309.7,-77.7,107.7,3.9,-0.3,4,1035.45,5.111017511,1.386294361,28,800,30,1,UMi_LOS_28
309.6,-79.9,109.9,3,4.6,4.000000004,1035.475,5.138275489,1.386294361,28,800,30,1,UMi_LOS_28
309.6,-86.3,116.3,2.9,5.1,4,1035.475,5.185255539,1.386294361,28,800,30,1,UMi_LOS_28
309.5,-82.5,112.5,2.7,1.3,4,1035.475,5.185255539,1.386294361,28,800,30,1,UMi_LOS_28
309.5,-85,115,3.6,1.3,4,1035.45,5.258089006,1.386294361,28,800,30,1,UMi_LOS_28
309.4,-76.4,106.4,3.3,-0.2,3.000000001,1047.2,3.182242396,1.098612289,28,800,30,1,UMi_LOS_28
309.4,-79.9,109.9,3,3.1,4.000000047,1035.5,5.308012811,1.386294361,28,800,30,1,UMi_LOS_28
309.4,-77.2,107.2,3.5,-1.5,4.000000005,1035.475,5.332623651,1.386294361,28,800,30,1,UMi_LOS_28
309.3,-78.5,108.5,4.1,-0.9,4.000000013,1035.5,5.355837936,1.386294361,28,800,30,1,UMi_LOS_28
309.3,-78.7,108.7,4.2,-1,4,1035.475,5.380694658,1.386294361,28,800,30,1,UMi_LOS_28
309.2,-79.1,109.1,4.5,-1.9,4,1035.525,5.430642227,1.386294361,28,800,30,1,UMi_LOS_28
309.2,-77.2,107.2,1.9,8.5,4,1035.5,5.455730932,1.386294361,28,800,30,1,UMi_LOS_28
309.2,-86.8,116.8,4.3,-0.4,4.000000002,1035.525,5.479222116,1.386294361,28,800,30,1,UMi_LOS_28
309.1,-85.8,115.8,2.6,6.1,4.000000002,1035.5,5.504543578,1.386294361,28,800,30,1,UMi_LOS_28
309.1,-75.6,105.6,4.7,-2.5,4,1035.525,5.57914644,1.386294361,28,800,30,1,UMi_LOS_28
309,-77.7,107.7,3.5,2,4.000000004,1035.525,5.6282213,1.386294361,28,800,30,1,UMi_LOS_28
309,-78,108,4.6,-1.2,3.000000001,1047.133333,3.189914663,1.098612289,28,800,30,1,UMi_LOS_28
309,-85.6,115.6,3.7,1.9,4.000000004,1035.525,5.6282213,1.386294361,28,800,30,1,UMi_LOS_28
308.9,-71.5,101.5,4,-0.2,4.000000008,1035.525,5.677752636,1.386294361,28,800,30,1,UMi_LOS_28
308.9,-81.4,111.4,4.6,-3.7,4,1035.55,5.703726852,1.386294361,28,800,30,1,UMi_LOS_28
308.8,-84.3,114.3,3.7,0.7,4,1035.55,5.753477209,1.386294361,28,800,30,1,UMi_LOS_28
308.8,-75.7,105.7,3.7,0.9,4,1035.55,5.753477209,1.386294361,28,800,30,1,UMi_LOS_28
308.7,-77.1,107.1,4.2,-0.7,4,1035.575,5.777704994,1.386294361,28,800,30,1,UMi_LOS_28
308.7,-86.7,116.7,4,0.4,4,1035.575,5.829397482,1.386294361,28,800,30,1,UMi_LOS_28
308.7,-75.9,105.9,4.9,-2.5,4,1035.6,5.853631352,1.386294361,28,800,30,1,UMi_LOS_28
308.6,-77.4,107.4,4.4,-1.2,4.000000002,1035.575,5.928058282,1.386294361,28,800,30,1,UMi_LOS_28
308.6,-77.1,107.1,4.7,-2.9,4,1035.575,5.928058282,1.386294361,28,800,30,1,UMi_LOS_28
308.5,-78.3,108.3,4.3,-2,3.000000001,1047,3.234192326,1.098612289,28,800,30,1,UMi_LOS_28
308.5,-81.8,111.8,2,8.2,4,1035.6,6.004165221,1.386294361,28,800,30,1,UMi_LOS_28
308.5,-77.1,107.1,3.4,-1.9,4.000000001,1035.6,6.004165221,1.386294361,28,800,30,1,UMi_LOS_28
308.4,-72.8,102.8,4.2,-1.2,4.00000004,1035.6,6.055163086,1.386294361,28,800,30,1,UMi_LOS_28
308.4,-81.1,111.1,3.5,0.2,4,1035.6,6.055163086,1.386294361,28,800,30,1,UMi_LOS_28
308.3,-101,131,3.4,1.7,4.000000001,1035.625,6.131629066,1.386294361,28,800,30,1,UMi_LOS_28
308.3,-81.5,111.5,3.4,3.3,4.000000006,1035.625,6.131629066,1.386294361,28,800,30,1,UMi_LOS_28
308.3,-85.5,115.5,4.3,-2,4,1035.625,6.183192945,1.386294361,28,800,30,1,UMi_LOS_28
308.2,-83.3,113.3,4.6,-0.7,4,1035.65,6.208260626,1.386294361,28,800,30,1,UMi_LOS_28
308.2,-83.7,113.7,4.4,-3,4.00000001,1035.65,6.256396726,1.386294361,28,800,30,1,UMi_LOS_28
308.1,-85.5,115.5,3.5,-2.2,20,1650.23,308.0080083,2.995732274,28,800,30,1,UMi_LOS_28
308.1,-84.3,114.3,4,0,3.000000001,1048.733333,2.817011813,1.098612289,28,800,30,1,UMi_LOS_28
308,-77.6,107.6,2.5,1.8,3.000000001,1046.933333,3.242769735,1.098612289,28,800,30,1,UMi_LOS_28
308,-80.1,110.1,4.1,-2.8,27,1590.4,283.7397686,3.295836866,28,800,30,1,UMi_LOS_28
308,-90.4,120.4,3.6,-2.6,53,1412.566038,273.4696658,3.970291913,28,800,30,1,UMi_LOS_28
307.9,-84,114,3.2,-1.8,58,1382.134483,279.5527102,4.06044301,28,800,30,1,UMi_LOS_28
307.9,-69.3,99.3,5.4,-0.7,58,1381.224138,280.6809284,4.06044301,28,800,30,1,UMi_LOS_28
307.8,-94.4,124.4,2.6,1.6,58,1381.208621,280.6679559,4.06044301,28,800,30,1,UMi_LOS_28
307.8,-74.1,104.1,3.3,6.9,58,1381.191379,280.6675732,4.06044301,28,800,30,1,UMi_LOS_28
307.8,-84.7,114.7,4.2,2.1,58,1381.181034,280.6609548,4.06044301,28,800,30,1,UMi_LOS_28
307.7,-65.2,95.2,3.8,5.2,58,1381.165517,280.659889,4.06044301,28,800,30,1,UMi_LOS_28
307.7,-85.8,115.8,2.4,9.9,58,1381.155172,280.6589353,4.06044301,28,800,30,1,UMi_LOS_28
307.6,-79.8,109.8,4.8,-4.4,58.00000001,1381.144828,280.6562532,4.06044301,28,800,30,1,UMi_LOS_28
307.6,-91.9,121.9,4.5,-0.7,3.000000001,1046.8,3.287349489,1.098612289,28,800,30,1,UMi_LOS_28
307.6,-84.5,114.5,3.6,0.9,58,1381.12931,280.6528842,4.06044301,28,800,30,1,UMi_LOS_28
307.5,-80.9,110.9,2.2,2.3,58,1381.113793,280.6415811,4.06044301,28,800,30,1,UMi_LOS_28
307.5,-73.1,103.1,3.7,1.6,58,1381.103448,280.6353543,4.06044301,28,800,30,1,UMi_LOS_28
307.4,-78.7,108.7,3.4,0.9,58,1381.089655,280.6329716,4.06044301,28,800,30,1,UMi_LOS_28
307.4,-75.4,105.4,5.5,-0.6,58,1381.081034,280.6268042,4.06044301,28,800,30,1,UMi_LOS_28
307.4,-84.7,114.7,1.5,15.1,58,1381.062069,280.6268229,4.06044301,28,800,30,1,UMi_LOS_28
307.3,-85.9,115.9,4.3,4.3,58.00000001,1381.051724,280.6197595,4.06044301,28,800,30,1,UMi_LOS_28
307.3,-79.3,109.3,3.1,-1.1,58,1381.039655,280.6159966,4.06044301,28,800,30,1,UMi_LOS_28
307.2,-71.9,101.9,4.2,-0.2,58.00000053,1381.022411,280.6071074,4.06044301,28,800,30,1,UMi_LOS_28
307.2,-84.9,114.9,5.3,-1.1,58,1381.006897,280.6104539,4.06044301,28,800,30,1,UMi_LOS_28
307.2,-79,109,5.3,2.6,3,1046.733333,3.296799795,1.098612289,28,800,30,1,UMi_LOS_28
307.1,-68.8,98.8,2.5,11.7,58,1380.998276,280.6086958,4.06044301,28,800,30,1,UMi_LOS_28
307.1,-88.5,118.5,5.9,-1.9,58,1380.991379,280.5962975,4.06044301,28,800,30,1,UMi_LOS_28
307,-77.4,107.4,4.5,1.7,58.00000008,1380.972413,280.5927482,4.06044301,28,800,30,1,UMi_LOS_28
307,-79.4,109.4,4.8,-0.8,58,1380.963793,280.5875791,4.06044301,28,800,30,1,UMi_LOS_28
307,-75.3,105.3,5.6,2.7,58,1380.948276,280.5845286,4.06044301,28,800,30,1,UMi_LOS_28
306.9,-83,113,6.1,1.3,58,1380.939655,280.5805477,4.06044301,28,800,30,1,UMi_LOS_28
306.9,-76.5,106.5,5.3,0.7,58,1380.924138,280.5831571,4.06044301,28,800,30,1,UMi_LOS_28
306.8,-89.2,119.2,5.5,3.7,58,1380.912069,280.5818782,4.06044301,28,800,30,1,UMi_LOS_28
306.8,-94.1,124.1,5.5,-1.6,58,1380.898276,280.57473,4.06044301,28,800,30,1,UMi_LOS_28
306.8,-76.2,106.2,5.3,1.9,58,1380.889655,280.5680529,4.06044301,28,800,30,1,UMi_LOS_28
306.7,-78,108,3.1,1.4,3.000000001,1046.633333,3.351948024,1.098612289,28,800,30,1,UMi_LOS_28
306.7,-74.9,104.9,4,-2.5,58,1380.874138,280.5645415,4.06044301,28,800,30,1,UMi_LOS_28
306.6,-85.3,115.3,6.4,-2.1,58,1380.856897,280.5611895,4.06044301,28,800,30,1,UMi_LOS_28
306.6,-76.8,106.8,4.9,4.4,58,1380.846552,280.5602838,4.06044301,28,800,30,1,UMi_LOS_28
306.6,-79.2,109.2,4.5,4.8,58,1380.827586,280.5523332,4.06044301,28,800,30,1,UMi_LOS_28
306.5,-76.4,106.4,6.4,-0.9,58,1380.815517,280.5496328,4.06044301,28,800,30,1,UMi_LOS_28
306.5,-89.6,119.6,6.5,0.2,58,1380.805172,280.5468407,4.06044301,28,800,30,1,UMi_LOS_28
306.4,-72.9,102.9,5.5,-2.2,58,1380.791379,280.5403274,4.06044301,28,800,30,1,UMi_LOS_28
306.4,-89.8,119.8,2.8,9.9,58,1380.781034,280.5372109,4.06044301,28,800,30,1,UMi_LOS_28
306.4,-81.8,111.8,6.7,3.4,58,1380.772414,280.5323989,4.06044301,28,800,30,1,UMi_LOS_28
306.3,-72.7,102.7,3.6,7.2,58,1380.755172,280.5366466,4.06044301,28,800,30,1,UMi_LOS_28
306.3,-93.3,123.3,5.5,4.7,3,1046.533333,3.351948024,1.098612289,28,800,30,1,UMi_LOS_28
306.2,-86.9,116.9,6.1,-3.3,58,1380.737931,280.5265123,4.06044301,28,800,30,1,UMi_LOS_28
306.2,-90.1,120.1,4,0,58,1380.736207,280.5252067,4.06044301,28,800,30,1,UMi_LOS_28
306.2,-86.1,116.1,4.9,3.4,58,1380.715517,280.5166316,4.06044301,28,800,30,1,UMi_LOS_28
306.1,-81.6,111.6,6.2,-4.3,58,1380.703448,280.5135561,4.06044301,28,800,30,1,UMi_LOS_28
306.1,-82.7,112.7,7.1,-1.6,58,1380.694828,280.5131575,4.06044301,28,800,30,1,UMi_LOS_28
306,-81.4,111.4,5.1,2.2,58,1380.67931,280.5073973,4.06044301,28,800,30,1,UMi_LOS_28
306,-89.9,119.9,7,-1.8,58,1380.663793,280.499411,4.06044301,28,800,30,1,UMi_LOS_28
306,-90.9,120.9,5.3,5.6,58,1380.648276,280.4968512,4.06044301,28,800,30,1,UMi_LOS_28
305.9,-69.4,99.4,4.3,-2.3,58,1380.643103,280.4962979,4.06044301,28,800,30,1,UMi_LOS_28
305.9,-86.9,116.9,3.4,7.3,58,1380.627586,280.4854583,4.06044301,28,800,30,1,UMi_LOS_28
305.8,-76.9,106.9,5.4,4.2,3,1046.433333,3.408160142,1.098612289,28,800,30,1,UMi_LOS_28
305.8,-88.3,118.3,4.4,7,58,1380.618966,280.4870053,4.06044301,28,800,30,1,UMi_LOS_28
305.8,-92.9,122.9,5.3,-2.2,58,1380.6,280.4807984,4.06044301,28,800,30,1,UMi_LOS_28
305.7,-82,112,3.6,1.1,58,1380.586207,280.4765824,4.06044301,28,800,30,1,UMi_LOS_28
305.7,-93.4,123.4,6.3,-1.7,58,1380.577586,280.4700974,4.06044301,28,800,30,1,UMi_LOS_28
305.6,-85.6,115.6,5.1,5.5,58,1380.572414,280.46851,4.06044301,28,800,30,1,UMi_LOS_28
305.6,-82.9,112.9,3.3,1.2,58,1380.551724,280.4660212,4.06044301,28,800,30,1,UMi_LOS_28
305.6,-85.1,115.1,6.7,3.7,58,1380.534483,280.4603995,4.06044301,28,800,30,1,UMi_LOS_28
305.5,-91.4,121.4,5.9,-0.1,58,1380.52931,280.4590123,4.06044301,28,800,30,1,UMi_LOS_28
305.5,-79.4,109.4,6.7,3.9,58,1380.517241,280.4578812,4.06044301,28,800,30,1,UMi_LOS_28
305.5,-89,119,3.3,6.5,58,1380.506897,280.4533288,4.06044301,28,800,30,1,UMi_LOS_28
305.4,-89.9,119.9,6.3,-3.4,3,1046.333333,3.408160142,1.098612289,28,800,30,1,UMi_LOS_28
305.4,-73.7,103.7,3.8,8,58.00000002,1380.487931,280.4451425,4.06044301,28,800,30,1,UMi_LOS_28
305.3,-71.9,101.9,3.9,3.4,58,1380.477586,280.4481506,4.06044301,28,800,30,1,UMi_LOS_28
305.3,-93.8,123.8,2.8,10.6,58,1380.468966,280.4433394,4.06044301,28,800,30,1,UMi_LOS_28
305.3,-66.6,96.6,3.8,1.8,58,1380.453448,280.4365539,4.06044301,28,800,30,1,UMi_LOS_28
305.2,-89.9,119.9,6.7,-1.9,58,1380.441379,280.4318007,4.06044301,28,800,30,1,UMi_LOS_28
305.2,-89.1,119.1,2,12.7,58,1380.427586,280.4277987,4.06044301,28,800,30,1,UMi_LOS_28
305.1,-84.6,114.6,5.2,4.3,58,1380.417241,280.4224376,4.06044301,28,800,30,1,UMi_LOS_28
305.1,-72.2,102.2,6.9,-1,58.00000002,1380.406896,280.417903,4.06044301,28,800,30,1,UMi_LOS_28
305.1,-82,112,8.2,-0.8,58,1380.394828,280.4097897,4.06044301,28,800,30,1,UMi_LOS_28
305,-78.7,108.7,5,-1.4,58.00000001,1380.375862,280.4179088,4.06044301,28,800,30,1,UMi_LOS_28
305,-75.9,105.9,4.3,-0.9,3.000000001,1046.233333,3.465384378,1.098612289,28,800,30,1,UMi_LOS_28
304.9,-104,134,5,0.1,58,1380.367241,280.4127699,4.06044301,28,800,30,1,UMi_LOS_28
304.9,-91.9,121.9,8.3,-1.1,58,1380.348276,280.4060831,4.06044301,28,800,30,1,UMi_LOS_28
304.9,-74.9,104.9,7.3,-0.5,58,1380.339655,280.4104092,4.06044301,28,800,30,1,UMi_LOS_28
304.8,-79.4,109.4,8.3,-1.7,58,1380.325862,280.4038341,4.06044301,28,800,30,1,UMi_LOS_28
304.8,-79.6,109.6,3.6,-1,58,1380.315517,280.3976215,4.06044301,28,800,30,1,UMi_LOS_28
304.8,-74.4,104.4,3.3,10.7,58,1380.303448,280.3939039,4.06044301,28,800,30,1,UMi_LOS_28
304.7,-70.1,100.1,6.2,3.2,58,1380.287931,280.3920796,4.06044301,28,800,30,1,UMi_LOS_28
304.7,-71,101,8.8,-1.9,58.00000005,1380.277586,280.3915994,4.06044301,28,800,30,1,UMi_LOS_28
304.6,-64.5,94.5,5.9,0.5,58.00000001,1380.262069,280.3845585,4.06044301,28,800,30,1,UMi_LOS_28
304.6,-78,108,8.7,1.2,58.00000001,1380.251724,280.3810598,4.06044301,28,800,30,1,UMi_LOS_28
304.6,-76,106,24,1,3.000000002,1046.133333,3.465384378,1.098612289,28,800,30,1,UMi_LOS_28
304.5,-94,124,17.6,-2.4,58,1380.239655,280.3786885,4.06044301,28,800,30,1,UMi_LOS_28
304.5,-80.7,110.7,16.5,-3.7,58,1380.232759,280.3754148,4.06044301,28,800,30,1,UMi_LOS_28
304.4,-86.8,116.8,17.2,-0.6,58,1380.218966,280.3746788,4.06044301,28,800,30,1,UMi_LOS_28
304.4,-90.3,120.3,19.8,0.3,58,1380.203448,280.3677609,4.06044301,28,800,30,1,UMi_LOS_28
304.4,-86.7,116.7,17.1,4.3,58,1380.189655,280.3679582,4.06044301,28,800,30,1,UMi_LOS_28
304.3,-76.3,106.3,16.8,-1.7,58.00000001,1380.177586,280.3655145,4.06044301,28,800,30,1,UMi_LOS_28
304.3,-83.2,113.2,20.5,0,58,1380.163793,280.3553261,4.06044301,28,800,30,1,UMi_LOS_28
304.3,-79.7,109.7,17.4,-3.1,58.00000001,1380.155172,280.3596577,4.06044301,28,800,30,1,UMi_LOS_28
304.2,-85.2,115.2,14.8,-3.8,58,1380.143103,280.3549131,4.06044301,28,800,30,1,UMi_LOS_28
304.2,-90.9,120.9,17.5,-3.3,58,1380.132759,280.3546556,4.06044301,28,800,30,1,UMi_LOS_28
304.1,-72.8,102.8,18.1,0.1,3,1046.033333,3.52357142,1.098612289,28,800,30,1,UMi_LOS_28
304.1,-84.8,114.8,16.1,-2.9,58.00000006,1380.117241,280.3509705,4.06044301,28,800,30,1,UMi_LOS_28
304.1,-93.4,123.4,19.1,1.6,58,1380.103448,280.3596895,4.06044301,28,800,30,1,UMi_LOS_28
304,-75,105,17.3,2.8,58,1380.091379,280.3497356,4.06044301,28,800,30,1,UMi_LOS_28
304,-88.6,118.6,21.6,-2.8,58,1380.082759,280.3403234,4.06044301,28,800,30,1,UMi_LOS_28
304,-80.2,110.2,17.3,-3.7,58,1380.065517,280.3375653,4.06044301,28,800,30,1,UMi_LOS_28
303.9,-71.8,101.8,15.1,-4,58,1380.060345,280.3381246,4.06044301,28,800,30,1,UMi_LOS_28
303.9,-77.1,107.1,18.7,3.4,58,1380.048276,280.3300716,4.06044301,28,800,30,1,UMi_LOS_28
303.8,-88,118,21.2,-0.3,58,1380.036207,280.3265778,4.06044301,28,800,30,1,UMi_LOS_28
303.8,-72.7,102.7,20.1,-1.5,58,1380.02931,280.3258498,4.06044301,28,800,30,1,UMi_LOS_28
303.8,-91.6,121.6,18.2,-4,72,1443.452778,281.5634683,4.276666119,28,800,30,1,UMi_LOS_28
303.7,-87.6,117.6,15.6,-1.6,3.000000001,1048.633333,2.858126815,1.098612289,28,800,30,1,UMi_LOS_28
303.7,-95.8,125.8,14.8,-3,3,1045.933333,3.523571421,1.098612289,28,800,30,1,UMi_LOS_28
303.7,-99.3,129.3,16.1,-5.1,95,1441.066316,245.7860424,4.553876892,28,800,30,1,UMi_LOS_28
303.6,-78.6,108.6,20.7,0.8,78,1487.721795,246.5633365,4.356708827,28,800,30,1,UMi_LOS_28
303.6,-80.1,110.1,17.8,-1.1,96,1415.8125,268.3541927,4.564348191,28,800,30,1,UMi_LOS_28
303.5,-74.8,104.8,18.8,2.8,95,1419.645263,267.1681193,4.553876892,28,800,30,1,UMi_LOS_28
303.5,-97.4,127.4,18.2,1,95,1419.644211,267.1610367,4.553876892,28,800,30,1,UMi_LOS_28
303.5,-77.3,107.3,16.6,2.2,95,1419.647368,267.1481465,4.553876892,28,800,30,1,UMi_LOS_28
303.4,-101.9,131.9,16.3,-5.2,95.00000002,1419.648421,267.136257,4.553876892,28,800,30,1,UMi_LOS_28
303.4,-72.1,102.1,16.5,2.2,95.00000002,1419.649474,267.1358085,4.553876892,28,800,30,1,UMi_LOS_28
303.3,-70.3,100.3,18,1.6,95,1419.651579,267.119757,4.553876892,28,800,30,1,UMi_LOS_28
303.3,-78.7,108.7,19.4,-1.7,95,1419.648421,267.1057381,4.553876892,28,800,30,1,UMi_LOS_28
303.3,-74,104,17,-1.3,3.000000001,1045.833333,3.582674358,1.098612289,28,800,30,1,UMi_LOS_28
303.2,-80.1,110.1,19.2,-5.6,95,1419.662105,267.104314,4.553876892,28,800,30,1,UMi_LOS_28
303.2,-78.8,108.8,16.8,-2.4,95,1419.662105,267.0993063,4.553876892,28,800,30,1,UMi_LOS_28
303.2,-77.1,107.1,15.7,0.2,95,1419.658947,267.0843334,4.553876892,28,800,30,1,UMi_LOS_28
303.1,-91.5,121.5,17.8,-1.2,95.00000002,1419.666316,267.0774403,4.553876892,28,800,30,1,UMi_LOS_28
303.1,-89.1,119.1,18.2,-2.1,95,1419.671579,267.0651707,4.553876892,28,800,30,1,UMi_LOS_28
303.1,-80.7,110.7,19.5,0.6,95,1419.671579,267.0563763,4.553876892,28,800,30,1,UMi_LOS_28
303,-98.3,128.3,15.2,-2.2,95.00000003,1419.672631,267.0435271,4.553876892,28,800,30,1,UMi_LOS_28
303,-68.9,98.9,20.7,-1.2,95,1419.676842,267.0382517,4.553876892,28,800,30,1,UMi_LOS_28
302.9,-87,117,21.3,-2.5,95,1419.682105,267.0315089,4.553876892,28,800,30,1,UMi_LOS_28
302.9,-80.1,110.1,16.8,-2,95,1419.676842,267.0150382,4.553876892,28,800,30,1,UMi_LOS_28
302.9,-80.9,110.9,19.3,2.1,3.000000002,1045.733333,3.582674358,1.098612289,28,800,30,1,UMi_LOS_28
302.8,-84.8,114.8,19.6,-4.8,95,1419.677895,267.0097003,4.553876892,28,800,30,1,UMi_LOS_28
302.8,-76.5,106.5,19.9,-5.1,95,1419.689474,267.0059579,4.553876892,28,800,30,1,UMi_LOS_28
302.8,-99.4,129.4,17,4.8,95,1419.688421,266.9914818,4.553876892,28,800,30,1,UMi_LOS_28
302.7,-86.1,116.1,19,-2.2,95,1419.687368,266.9843612,4.553876892,28,800,30,1,UMi_LOS_28
302.7,-75.8,105.8,13.5,-0.2,95.00000001,1419.692632,266.9671276,4.553876892,28,800,30,1,UMi_LOS_28
302.6,-76.3,106.3,15.8,-4.2,95,1419.693684,266.9604918,4.553876892,28,800,30,1,UMi_LOS_28
302.6,-89.6,119.6,19.1,-0.2,95,1419.692632,266.9508598,4.553876892,28,800,30,1,UMi_LOS_28
302.6,-75.2,105.2,16.1,-1.5,95,1419.7,266.9452244,4.553876892,28,800,30,1,UMi_LOS_28
302.5,-93.4,123.4,19.1,4,95,1419.698947,266.938551,4.553876892,28,800,30,1,UMi_LOS_28
302.5,-73.7,103.7,19,0.8,95,1419.702105,266.9247712,4.553876892,28,800,30,1,UMi_LOS_28
302.5,-87.2,117.2,18.3,-0.6,3.000000001,1045.633333,3.642648609,1.098612289,28,800,30,1,UMi_LOS_28
302.4,-81.1,111.1,16.7,-4.1,95,1419.701053,266.9162244,4.553876892,28,800,30,1,UMi_LOS_28
302.4,-88.9,118.9,19.7,2.9,95,1419.709474,266.9054629,4.553876892,28,800,30,1,UMi_LOS_28
302.3,-74.5,104.5,19.3,-2.2,95,1419.713684,266.9023877,4.553876892,28,800,30,1,UMi_LOS_28
302.3,-87,117,16.6,-2.2,95,1419.712632,266.8895629,4.553876892,28,800,30,1,UMi_LOS_28
302.3,-85,115,17.5,-5.4,95,1419.711579,266.8783913,4.553876892,28,800,30,1,UMi_LOS_28
302.2,-82.6,112.6,19,-2.1,95.00000001,1419.716842,266.8672707,4.553876892,28,800,30,1,UMi_LOS_28
302.2,-86.1,116.1,19.2,-1,95,1419.718947,266.8588731,4.553876892,28,800,30,1,UMi_LOS_28
302.2,-56.6,86.6,18.5,-1.2,95,1419.726316,266.8514916,4.553876892,28,800,30,1,UMi_LOS_28
302.1,-78.9,108.9,20.3,1.8,95,1419.729474,266.8444873,4.553876892,28,800,30,1,UMi_LOS_28
302.1,-84.3,114.3,19.4,-2.9,95,1419.736842,266.8305988,4.553876892,28,800,30,1,UMi_LOS_28
302.1,-70.2,100.2,17.7,3,3.000000002,1045.533333,3.64264861,1.098612289,28,800,30,1,UMi_LOS_28
302,-75.1,105.1,19.1,-0.1,95,1419.730526,266.8212132,4.553876892,28,800,30,1,UMi_LOS_28
302,-84,114,17.1,7.6,95,1419.735789,266.8132834,4.553876892,28,800,30,1,UMi_LOS_28
301.9,-78.8,108.8,14.1,3.2,95,1419.735789,266.8024402,4.553876892,28,800,30,1,UMi_LOS_28
301.9,-77.5,107.5,17.8,-2.3,95,1419.741053,266.7946293,4.553876892,28,800,30,1,UMi_LOS_28
301.9,-81.4,111.4,17.5,2.6,95,1419.74,266.7831031,4.553876892,28,800,30,1,UMi_LOS_28
301.8,-77.1,107.1,21.4,-2,95,1419.751579,266.7753002,4.553876892,28,800,30,1,UMi_LOS_28
301.8,-85.5,115.5,16.7,-2.8,95,1419.744211,266.767081,4.553876892,28,800,30,1,UMi_LOS_28
301.8,-90.9,120.9,20.2,-3,95,1419.753684,266.7571483,4.553876892,28,800,30,1,UMi_LOS_28
301.7,-80.4,110.4,20.3,-1,95,1419.749474,266.7446545,4.553876892,28,800,30,1,UMi_LOS_28
301.7,-85.4,115.4,21.9,-2.2,95,1419.757895,266.7433975,4.553876892,28,800,30,1,UMi_LOS_28
301.7,-96.5,126.5,20.4,2,3.000000001,1045.466667,3.657260663,1.098612289,28,800,30,1,UMi_LOS_28
301.6,-99.3,129.3,20.5,2.1,95,1419.753684,266.7279883,4.553876892,28,800,30,1,UMi_LOS_28
301.6,-81,111,18.6,-3.2,95,1419.761053,266.7190563,4.553876892,28,800,30,1,UMi_LOS_28
301.5,-75.6,105.6,16.9,-4.3,95,1419.768421,266.7141775,4.553876892,28,800,30,1,UMi_LOS_28
301.5,-62.6,92.6,17.9,-4.9,95,1419.765263,266.7066943,4.553876892,28,800,30,1,UMi_LOS_28
301.5,-76.6,106.6,16.1,-2.9,95,1419.764211,266.6891697,4.553876892,28,800,30,1,UMi_LOS_28
301.4,-76,106,16.6,-5.1,95,1419.768421,266.6820896,4.553876892,28,800,30,1,UMi_LOS_28
301.4,-94.1,124.1,18.5,-0.1,95,1419.775789,266.673267,4.553876892,28,800,30,1,UMi_LOS_28
301.4,-81.1,111.1,19.2,-1,95,1419.773684,266.6639988,4.553876892,28,800,30,1,UMi_LOS_28
301.3,-75.1,105.1,20.3,0.2,95,1419.782105,266.6578442,4.553876892,28,800,30,1,UMi_LOS_28
301.3,-70.6,100.6,17.5,-2.3,95,1419.782105,266.6535935,4.553876892,28,800,30,1,UMi_LOS_28
301.3,-86.4,116.4,16.7,-2.1,3.000000002,1045.333333,3.703451844,1.098612289,28,800,30,1,UMi_LOS_28
301.2,-75.2,105.2,19.6,1.8,95,1419.784211,266.646769,4.553876892,28,800,30,1,UMi_LOS_28
301.2,-93.7,123.7,16.5,3.1,95,1419.788421,266.6312699,4.553876892,28,800,30,1,UMi_LOS_28
301.2,-67.7,97.7,20.3,4,95,1419.788421,266.6219882,4.553876892,28,800,30,1,UMi_LOS_28
301.1,-84.2,114.2,19,-4.4,95,1419.788421,266.6140364,4.553876892,28,800,30,1,UMi_LOS_28
301.1,-83.2,113.2,18.7,-3.6,95,1419.795789,266.6053586,4.553876892,28,800,30,1,UMi_LOS_28
301,-82.8,112.8,16.4,-1.3,95,1419.796842,266.5930166,4.553876892,28,800,30,1,UMi_LOS_28
301,-78.8,108.8,15.7,0.1,95,1419.798947,266.5838675,4.553876892,28,800,30,1,UMi_LOS_28
301,-89.5,119.5,17.3,0.2,95,1419.8,266.5763491,4.553876892,28,800,30,1,UMi_LOS_28
300.9,-85.1,115.1,19,2.2,95,1419.804211,266.5664664,4.553876892,28,800,30,1,UMi_LOS_28
300.9,-88.8,118.8,20.6,-3.5,95,1419.802105,266.5607524,4.553876892,28,800,30,1,UMi_LOS_28
300.9,-79.8,109.8,19.9,-3.5,3.000000001,1045.266667,3.718721405,1.098612289,28,800,30,1,UMi_LOS_28
300.8,-75.5,105.5,18.5,-3.1,95,1419.810526,266.5498944,4.553876892,28,800,30,1,UMi_LOS_28
300.8,-89.3,119.3,21.1,-1.4,95,1419.812632,266.5376463,4.553876892,28,800,30,1,UMi_LOS_28
300.8,-86.2,116.2,22.5,-1.1,95,1419.816842,266.5288299,4.553876892,28,800,30,1,UMi_LOS_28
300.7,-89.4,119.4,22.7,4.2,95,1419.82,266.5195336,4.553876892,28,800,30,1,UMi_LOS_28
300.7,-76.2,106.2,21,3.2,95,1419.82,266.5135232,4.553876892,28,800,30,1,UMi_LOS_28
300.7,-69.5,99.5,15.3,-0.2,95,1419.821053,266.5055611,4.553876892,28,800,30,1,UMi_LOS_28
300.6,-80.4,110.4,24.4,-2.5,95,1419.830526,266.4970256,4.553876892,28,800,30,1,UMi_LOS_28
300.6,-74.5,104.5,21.4,-3.7,95,1419.832632,266.4847496,4.553876892,28,800,30,1,UMi_LOS_28
300.6,-77.7,107.7,16.9,0.3,95,1419.830526,266.4833334,4.553876892,28,800,30,1,UMi_LOS_28
300.5,-95.2,125.2,16.6,6.5,95,1419.837895,266.4680505,4.553876892,28,800,30,1,UMi_LOS_28
300.5,-81,111,18.4,2.8,3,1045.133333,3.765043898,1.098612289,28,800,30,1,UMi_LOS_28
300.4,-96.2,126.2,19.7,-3.9,95,1419.837895,266.4569712,4.553876892,28,800,30,1,UMi_LOS_28
300.4,-80.3,110.3,23.4,1.7,95,1419.843158,266.4503673,4.553876892,28,800,30,1,UMi_LOS_28
300.4,-85,115,20.5,-4.2,95,1419.846316,266.437999,4.553876892,28,800,30,1,UMi_LOS_28
300.3,-79.9,109.9,15.4,6.9,95,1419.847368,266.4312163,4.553876892,28,800,30,1,UMi_LOS_28
300.3,-71.6,101.6,18.7,2.9,95,1419.847368,266.4343213,4.553876892,28,800,30,1,UMi_LOS_28
300.3,-83.8,113.8,24.5,3.2,95,1419.848421,266.416463,4.553876892,28,800,30,1,UMi_LOS_28
300.2,-84.4,114.4,23.1,2.9,95,1419.857895,266.4119029,4.553876892,28,800,30,1,UMi_LOS_28
300.2,-73,103,25.5,-4.2,95,1419.861053,266.3966577,4.553876892,28,800,30,1,UMi_LOS_28
300.2,-82,112,17.1,0.6,95,1419.858947,266.3926645,4.553876892,28,800,30,1,UMi_LOS_28
300.1,-68.9,98.9,23.5,2.5,95,1419.865263,266.3855389,4.553876892,28,800,30,1,UMi_LOS_28
300.1,-86.5,116.5,18.8,-0.9,3,1045.066667,3.780946384,1.098612289,28,800,30,1,UMi_LOS_28
300.1,-80.5,110.5,23.7,-2.7,95,1419.866316,266.3719329,4.553876892,28,800,30,1,UMi_LOS_28
300,-79.6,109.6,23.8,-1.4,95,1419.870526,266.3602637,4.553876892,28,800,30,1,UMi_LOS_28
300,-83.3,113.3,21,-0.8,95,1419.868421,266.3623398,4.553876892,28,800,30,1,UMi_LOS_28
300,-81.5,111.5,23.5,2.7,95,1419.88,266.3503828,4.553876892,28,800,30,1,UMi_LOS_28
299.9,-80.3,110.3,25.2,-0.6,95,1419.875789,266.3413061,4.553876892,28,800,30,1,UMi_LOS_28
299.9,-81.2,111.2,15.9,-2.4,95,1419.878947,266.322729,4.553876892,28,800,30,1,UMi_LOS_28
299.9,-79.3,109.3,20.5,2.6,95,1419.885263,266.320203,4.553876892,28,800,30,1,UMi_LOS_28
299.8,-83.3,113.3,25.9,3,95,1419.885263,266.3141702,4.553876892,28,800,30,1,UMi_LOS_28
299.8,-66,96,17.6,1.1,95,1419.887368,266.307752,4.553876892,28,800,30,1,UMi_LOS_28
299.7,-72.1,102.1,22.5,-1.1,65,1264.852308,164.6691892,4.17438727,28,800,30,1,UMi_LOS_28
299.7,-77.3,107.3,27,-1.3,3.000000001,1048.533333,2.858126815,1.098612289,28,800,30,1,UMi_LOS_28
299.7,-84,114,18,-2.1,3.000000002,1044.933333,3.827386692,1.098612289,28,800,30,1,UMi_LOS_28
299.6,-79.4,109.4,16.6,-4.8,41,1233.08,276.2302958,3.713572067,28,800,30,1,UMi_LOS_28
299.6,-79.5,109.5,22.1,0.7,35,1251.502286,303.96881,3.555348061,28,800,30,1,UMi_LOS_28
299.6,-83.1,113.1,22.1,0.7,40,1261.6795,276.5070764,3.688879454,28,800,30,1,UMi_LOS_28
299.5,-84,114,14.8,-0.6,46,1228.409783,271.806515,3.828641396,28,800,30,1,UMi_LOS_28
299.5,-79.5,109.5,22.9,-2.1,46,1228.421087,271.8017358,3.828641396,28,800,30,1,UMi_LOS_28
299.5,-84.8,114.8,21.3,-2.2,46,1228.435,271.8090634,3.828641396,28,800,30,1,UMi_LOS_28
299.4,-84.1,114.1,29.5,-2.1,46,1228.448696,271.7987152,3.828641396,28,800,30,1,UMi_LOS_28
299.4,-90.5,120.5,16,-2.3,46,1228.464783,271.7991181,3.828641396,28,800,30,1,UMi_LOS_28
299.4,-84,114,23.6,-0.5,46,1228.482826,271.8009161,3.828641396,28,800,30,1,UMi_LOS_28
299.3,-84.1,114.1,24.8,-1.5,46,1228.494348,271.8080211,3.828641396,28,800,30,1,UMi_LOS_28
299.3,-81.6,111.6,20.1,-2.5,3,1044.866667,3.843898484,1.098612289,28,800,30,1,UMi_LOS_28
299.3,-82,112,18.1,-0.7,46,1228.512391,271.793317,3.828641396,28,800,30,1,UMi_LOS_28
299.2,-83.7,113.7,22.3,-4.5,46,1228.536957,271.7910581,3.828641396,28,800,30,1,UMi_LOS_28
299.2,-81.6,111.6,21.4,-0.7,46,1228.544565,271.7980308,3.828641396,28,800,30,1,UMi_LOS_28
299.2,-79.6,109.6,24.7,-2.6,46,1228.558043,271.7874047,3.828641396,28,800,30,1,UMi_LOS_28
299.1,-76.8,106.8,23.6,-3.1,46,1228.582826,271.7887723,3.828641396,28,800,30,1,UMi_LOS_28
299.1,-74.4,104.4,27.4,1.4,46,1228.590217,271.7892493,3.828641396,28,800,30,1,UMi_LOS_28
299.1,-89.1,119.1,21.9,2.1,46,1228.612826,271.7861167,3.828641396,28,800,30,1,UMi_LOS_28
299,-76.8,106.8,19.2,4.8,46,1228.631087,271.7883327,3.828641396,28,800,30,1,UMi_LOS_28
299,-84.5,114.5,28.5,1,46,1228.646957,271.7983364,3.828641396,28,800,30,1,UMi_LOS_28
299,-81,111,20.7,0.1,46,1228.669348,271.7907802,3.828641396,28,800,30,1,UMi_LOS_28
298.9,-77.6,107.6,15.4,-2.2,3.000000001,1044.766667,3.907542564,1.098612289,28,800,30,1,UMi_LOS_28
298.9,-78.5,108.5,26.2,-2.2,46,1228.69,271.7898151,3.828641396,28,800,30,1,UMi_LOS_28
298.9,-80.5,110.5,24.5,1.8,46,1228.701739,271.7856114,3.828641396,28,800,30,1,UMi_LOS_28
298.8,-80.9,110.9,24.5,3.4,46,1228.706957,271.7955514,3.828641396,28,800,30,1,UMi_LOS_28
298.8,-66.3,96.3,19.3,3.3,46,1228.733913,271.7873731,3.828641396,28,800,30,1,UMi_LOS_28
298.8,-77,107,25.8,4.4,46,1228.756304,271.7855435,3.828641396,28,800,30,1,UMi_LOS_28
298.7,-78.6,108.6,20.7,5.9,46,1228.770217,271.7865365,3.828641396,28,800,30,1,UMi_LOS_28
298.7,-80,110,14.4,-0.9,46,1228.793043,271.7829266,3.828641396,28,800,30,1,UMi_LOS_28
298.7,-82.2,112.2,16.2,-0.8,46,1228.808913,271.7737631,3.828641396,28,800,30,1,UMi_LOS_28
298.6,-84.5,114.5,24.5,-2.5,46,1228.816522,271.7829161,3.828641396,28,800,30,1,UMi_LOS_28
298.6,-83.6,113.6,21.5,1.9,46,1228.834783,271.776073,3.828641396,28,800,30,1,UMi_LOS_28
298.6,-78.8,108.8,28.8,0.7,3,1044.666667,3.907542564,1.098612289,28,800,30,1,UMi_LOS_28
298.5,-87.9,117.9,17.9,-3.6,46,1228.851087,271.7767185,3.828641396,28,800,30,1,UMi_LOS_28
298.5,-83.3,113.3,21.4,-0.9,46,1228.873913,271.7789627,3.828641396,28,800,30,1,UMi_LOS_28
298.5,-84.6,114.6,26,-2.6,46,1228.892174,271.7716048,3.828641396,28,800,30,1,UMi_LOS_28
298.4,-80,110,18.2,1.4,46,1228.903913,271.78038,3.828641396,28,800,30,1,UMi_LOS_28
298.4,-77.5,107.5,21.1,-1.1,46,1228.924348,271.7695727,3.828641396,28,800,30,1,UMi_LOS_28
298.4,-87,117,27.4,-4.2,46,1228.936304,271.7713566,3.828641396,28,800,30,1,UMi_LOS_28
298.3,-83.9,113.9,31,-2.6,46,1228.954565,271.7700633,3.828641396,28,800,30,1,UMi_LOS_28
298.3,-80.1,110.1,17.3,-0.3,46,1228.975217,271.7622525,3.828641396,28,800,30,1,UMi_LOS_28
298.3,-79.4,109.4,26.3,-0.3,46,1229.000217,271.7676273,3.828641396,28,800,30,1,UMi_LOS_28
298.2,-81.7,111.7,20.2,2.2,46,1229.007609,271.7717527,3.828641396,28,800,30,1,UMi_LOS_28
298.2,-79.8,109.8,24.7,-0.6,3,1044.6,3.925132694,1.098612289,28,800,30,1,UMi_LOS_28
298.2,-79.2,109.2,15.6,1.6,46,1229.021957,271.7649599,3.828641396,28,800,30,1,UMi_LOS_28
298.1,-80.6,110.6,20.8,-3,46,1229.046739,271.75808,3.828641396,28,800,30,1,UMi_LOS_28
298.1,-76.8,106.8,25.3,-1,46,1229.069783,271.7611719,3.828641396,28,800,30,1,UMi_LOS_28
298.1,-79.1,109.1,16.6,-2.1,46,1229.083913,271.7618298,3.828641396,28,800,30,1,UMi_LOS_28
298,-81.7,111.7,19.2,-0.5,46,1229.1,271.7621418,3.828641396,28,800,30,1,UMi_LOS_28
298,-79.6,109.6,23.5,-2.1,46,1229.123043,271.7713415,3.828641396,28,800,30,1,UMi_LOS_28
298,-80.5,110.5,20.5,-2.1,46,1229.141304,271.760818,3.828641396,28,800,30,1,UMi_LOS_28
297.9,-81,111,20.8,2.2,46,1229.159783,271.7604488,3.828641396,28,800,30,1,UMi_LOS_28
297.9,-81.4,111.4,18,1.8,46,1229.182609,271.7595319,3.828641396,28,800,30,1,UMi_LOS_28
297.9,-77.6,107.6,18.1,-0.9,46,1229.203478,271.7593837,3.828641396,28,800,30,1,UMi_LOS_28
297.8,-80.6,110.6,17.4,-1.6,3.000000004,1044.466667,3.971845358,1.098612289,28,800,30,1,UMi_LOS_28
297.8,-80,110,19.7,4.8,46,1229.219783,271.7578529,3.828641396,28,800,30,1,UMi_LOS_28
297.8,-78.1,108.1,25.9,-0.8,46,1229.231957,271.753508,3.828641396,28,800,30,1,UMi_LOS_28
297.7,-80.4,110.4,29.5,2,46,1229.252391,271.7542808,3.828641396,28,800,30,1,UMi_LOS_28
297.7,-80.5,110.5,17.6,-0.1,46,1229.275652,271.7591397,3.828641396,28,800,30,1,UMi_LOS_28
297.7,-80.9,110.9,20.6,-1.4,46,1229.291957,271.7523168,3.828641396,28,800,30,1,UMi_LOS_28
297.6,-80.3,110.3,26.8,1.9,46,1229.312609,271.7510292,3.828641396,28,800,30,1,UMi_LOS_28
297.6,-78.5,108.5,20.6,0,46,1229.328913,271.7521755,3.828641396,28,800,30,1,UMi_LOS_28
297.6,-80.8,110.8,20.1,-0.3,46,1229.354348,271.7540267,3.828641396,28,800,30,1,UMi_LOS_28
297.5,-77.9,107.9,25.8,-2.9,46,1229.359783,271.7469193,3.828641396,28,800,30,1,UMi_LOS_28
297.5,-83.2,113.2,25,-2.3,46,1229.380435,271.7464756,3.828641396,28,800,30,1,UMi_LOS_28
297.5,-79.5,109.5,24.9,-2.3,3.000000001,1044.4,3.989987469,1.098612289,28,800,30,1,UMi_LOS_28
297.4,-79.7,109.7,16.7,-0.4,46,1229.401522,271.7569662,3.828641396,28,800,30,1,UMi_LOS_28
297.4,-80.9,110.9,17.8,-4.1,46,1229.42,271.7441628,3.828641396,28,800,30,1,UMi_LOS_28
297.4,-79.8,109.8,16.3,-3.2,46,1229.447174,271.7543019,3.828641396,28,800,30,1,UMi_LOS_28
297.3,-80.5,110.5,22.9,-4.9,46,1229.461739,271.753132,3.828641396,28,800,30,1,UMi_LOS_28
297.3,-80.6,110.6,17,-4.8,46,1229.482391,271.7453982,3.828641396,28,800,30,1,UMi_LOS_28
297.3,-81.5,111.5,18.6,-3.6,46,1229.501304,271.7468889,3.828641396,28,800,30,1,UMi_LOS_28
297.2,-81.3,111.3,17.5,-0.1,46,1229.517826,271.7477437,3.828641396,28,800,30,1,UMi_LOS_28
297.2,-81.5,111.5,18,-3,46,1229.536522,271.7461342,3.828641396,28,800,30,1,UMi_LOS_28
297.2,-81.8,111.8,15.1,-1.3,46,1229.561739,271.741955,3.828641396,28,800,30,1,UMi_LOS_28
297.1,-78.5,108.5,18.2,-0.1,46,1229.580435,271.7410889,3.828641396,28,800,30,1,UMi_LOS_28
297.1,-81.1,111.1,16.6,-0.8,3.000000004,1044.266667,4.036775391,1.098612289,28,800,30,1,UMi_LOS_28
297.1,-82.2,112.2,20.6,-2.6,46,1229.601522,271.7480611,3.828641396,28,800,30,1,UMi_LOS_28
297,-78.8,108.8,15.5,-2,46,1229.626739,271.7382211,3.828641396,28,800,30,1,UMi_LOS_28
297,-80.3,110.3,20.4,-1.9,46,1229.636739,271.7379576,3.828641396,28,800,30,1,UMi_LOS_28
297,-81,111,17.1,-1.6,46,1229.657609,271.7443873,3.828641396,28,800,30,1,UMi_LOS_28
296.9,-80,110,15.3,-1.1,46,1229.678696,271.7420675,3.828641396,28,800,30,1,UMi_LOS_28
296.9,-80.4,110.4,20.2,-5.2,46,1229.699348,271.7426542,3.828641396,28,800,30,1,UMi_LOS_28
296.9,-79.8,109.8,16.5,-4,46,1229.718261,271.746003,3.828641396,28,800,30,1,UMi_LOS_28
296.9,-81.4,111.4,20.6,-4.8,46,1229.73913,271.7433963,3.828641396,28,800,30,1,UMi_LOS_28
296.8,-80.7,110.7,18.9,-2,46,1229.766957,271.7459575,3.828641396,28,800,30,1,UMi_LOS_28
296.8,-81.6,111.6,24.8,2.2,46,1229.78587,271.7415225,3.828641396,28,800,30,1,UMi_LOS_28
296.8,-80.3,110.3,16.1,1.2,3,1044.2,4.055449009,1.098612289,28,800,30,1,UMi_LOS_28
296.7,-80.8,110.8,22.6,-3.9,46,1229.804348,271.7431815,3.828641396,28,800,30,1,UMi_LOS_28
296.7,-79.8,109.8,17.2,5.3,46,1229.821304,271.7397785,3.828641396,28,800,30,1,UMi_LOS_28
296.7,-83.3,113.3,19,-3.6,46,1229.835652,271.7378579,3.828641396,28,800,30,1,UMi_LOS_28
296.6,-79.7,109.7,16.7,-6,46,1229.865435,271.7439659,3.828641396,28,800,30,1,UMi_LOS_28
296.6,-81,111,21.4,-3.7,46,1229.89087,271.7343369,3.828641396,28,800,30,1,UMi_LOS_28
296.6,-80.7,110.7,17.2,-2.2,46,1229.918261,271.7389719,3.828641396,28,800,30,1,UMi_LOS_28
296.5,-81.4,111.4,23.2,0.3,46,1229.933043,271.7343067,3.828641396,28,800,30,1,UMi_LOS_28
296.5,-80.6,110.6,19.2,5.6,46,1229.945435,271.7344768,3.828641396,28,800,30,1,UMi_LOS_28
296.5,-81.2,111.2,17.7,-5.2,46,1229.979565,271.7424309,3.828641396,28,800,30,1,UMi_LOS_28
296.4,-80.6,110.6,21.4,5.4,46,1229.991739,271.7441125,3.828641396,28,800,30,1,UMi_LOS_28
296.4,-80.7,110.7,19.7,-3.8,3,1044.066667,4.102302876,1.098612289,28,800,30,1,UMi_LOS_28
296.4,-81.6,111.6,22,3.4,46,1230.006522,271.7386833,3.828641396,28,800,30,1,UMi_LOS_28
296.3,-82.5,112.5,16,-2.4,46,1230.040652,271.7383865,3.828641396,28,800,30,1,UMi_LOS_28
296.3,-80.5,110.5,16.1,-4.3,46,1230.055217,271.7440278,3.828641396,28,800,30,1,UMi_LOS_28
296.3,-81,111,18.8,-3.3,46,1230.078696,271.7337792,3.828641396,28,800,30,1,UMi_LOS_28
296.2,-79.8,109.8,18.3,2.4,46,1230.095,271.737281,3.828641396,28,800,30,1,UMi_LOS_28
296.2,-81,111,20.1,-0.6,46,1230.117174,271.740704,3.828641396,28,800,30,1,UMi_LOS_28
296.2,-81.2,111.2,18.2,-5,46,1230.14413,271.7297304,3.828641396,28,800,30,1,UMi_LOS_28
296.2,-81.2,111.2,18.7,-4.4,46,1230.158043,271.7328051,3.828641396,28,800,30,1,UMi_LOS_28
296.1,-80.8,110.8,20.6,-3.9,66,1441.368333,392.5890913,4.189654742,28,800,30,1,UMi_LOS_28
296.1,-81,111,17.7,-4.2,67.00000001,1444.223134,390.324056,4.204692619,28,800,30,1,UMi_LOS_28
296.1,-81.4,111.4,17.9,0.1,3.000000001,1048.4,2.89942523,1.098612289,28,800,30,1,UMi_LOS_28
296,-80.1,110.1,19.4,-5,3.000000004,1044,4.121488404,1.098612289,28,800,30,1,UMi_LOS_28
296,-81.3,111.3,16.5,4.1,80,1411.4785,334.9888597,4.382026635,28,800,30,1,UMi_LOS_28
296,-81.2,111.2,17.7,-2.4,86,1396.367209,325.77407,4.454347296,28,800,30,1,UMi_LOS_28
295.9,-82,112,20.4,-3,83,1395.208193,335.9032802,4.418840608,28,800,30,1,UMi_LOS_28
295.9,-81.5,111.5,14.2,-3.9,76,1430.330395,329.5916068,4.33073334,28,800,30,1,UMi_LOS_28
295.9,-81.9,111.9,23.7,-3.2,76,1430.369868,329.5808889,4.33073334,28,800,30,1,UMi_LOS_28
295.8,-80,110,17.3,-1.1,76,1430.402632,329.5774083,4.33073334,28,800,30,1,UMi_LOS_28
295.8,-80.5,110.5,16.7,-0.6,76,1430.443289,329.575812,4.33073334,28,800,30,1,UMi_LOS_28
295.8,-82,112,15.5,-3.6,76,1430.480132,329.5702381,4.33073334,28,800,30,1,UMi_LOS_28
295.8,-80.5,110.5,20.4,1.4,76,1430.512895,329.5582429,4.33073334,28,800,30,1,UMi_LOS_28
295.7,-79.3,109.3,20.9,5.1,76,1430.5575,329.5608785,4.33073334,28,800,30,1,UMi_LOS_28
295.7,-81.4,111.4,20.1,-2.3,3,1043.9,4.121488404,1.098612289,28,800,30,1,UMi_LOS_28
295.7,-80,110,22.6,-2.3,76,1430.590263,329.5538366,4.33073334,28,800,30,1,UMi_LOS_28
295.6,-82.1,112.1,16.8,-4.1,76,1430.627105,329.5454854,4.33073334,28,800,30,1,UMi_LOS_28
295.6,-82.3,112.3,18.2,1.7,76,1430.6625,329.5469855,4.33073334,28,800,30,1,UMi_LOS_28
295.6,-81.2,111.2,16.2,-3.8,76,1430.699342,329.5383825,4.33073334,28,800,30,1,UMi_LOS_28
295.5,-80.5,110.5,18.5,-1.7,76,1430.7375,329.5355065,4.33073334,28,800,30,1,UMi_LOS_28
295.5,-79.2,109.2,21.7,-4.7,76,1430.779474,329.5288427,4.33073334,28,800,30,1,UMi_LOS_28
295.5,-81.2,111.2,18.1,-1.6,76,1430.814868,329.5188268,4.33073334,28,800,30,1,UMi_LOS_28
295.4,-80,110,17.9,-1,76,1430.850395,329.5174597,4.33073334,28,800,30,1,UMi_LOS_28
295.4,-79,109,19.6,-4.3,76,1430.895132,329.5113022,4.33073334,28,800,30,1,UMi_LOS_28
295.4,-81.5,111.5,19.2,0.7,76,1430.925263,329.5087414,4.33073334,28,800,30,1,UMi_LOS_28
295.4,-81.9,111.9,19.1,-5.4,3,1043.8,4.188078318,1.098612289,28,800,30,1,UMi_LOS_28
295.3,-77.5,107.5,16.6,6.2,76,1430.962105,329.4960089,4.33073334,28,800,30,1,UMi_LOS_28
295.3,-80.9,110.9,16.5,-4.3,76,1431.004211,329.5025223,4.33073334,28,800,30,1,UMi_LOS_28
295.3,-78.7,108.7,18.6,8.3,76,1431.041053,329.4942522,4.33073334,28,800,30,1,UMi_LOS_28
295.2,-79.4,109.4,18.5,2.5,76,1431.083026,329.4836579,4.33073334,28,800,30,1,UMi_LOS_28
295.2,-81,111,19.5,6.9,76,1431.125132,329.4793871,4.33073334,28,800,30,1,UMi_LOS_28
295.2,-80.1,110.1,15.3,-3.4,76,1431.159342,329.4826348,4.33073334,28,800,30,1,UMi_LOS_28
295.1,-82.6,112.6,15.1,-1.5,76,1431.205263,329.4682418,4.33073334,28,800,30,1,UMi_LOS_28
295.1,-79.8,109.8,18.3,10,76,1431.242105,329.4688063,4.33073334,28,800,30,1,UMi_LOS_28
295.1,-82.9,112.9,23.1,-5.5,76,1431.281579,329.4667642,4.33073334,28,800,30,1,UMi_LOS_28
295,-78.5,108.5,23.6,6.6,76.00000001,1431.319737,329.4568979,4.33073334,28,800,30,1,UMi_LOS_28
295,-78.5,108.5,19.4,-3.8,3.000000001,1043.733333,4.208193067,1.098612289,28,800,30,1,UMi_LOS_28
295,-79,109,21.7,-2.9,76,1431.359211,329.45483,4.33073334,28,800,30,1,UMi_LOS_28
295,-80,110,16.6,-3.6,76,1431.397368,329.4456343,4.33073334,28,800,30,1,UMi_LOS_28
294.9,-80.7,110.7,16.6,-3.4,76,1431.441974,329.4371059,4.33073334,28,800,30,1,UMi_LOS_28
294.9,-81.1,111.1,15.4,-1.8,76.00000002,1431.482895,329.4295295,4.33073334,28,800,30,1,UMi_LOS_28
294.9,-77,107,16.5,1.1,76.00000002,1431.521053,329.4243149,4.33073334,28,800,30,1,UMi_LOS_28
294.8,-79.9,109.9,16.9,0.6,76,1431.557895,329.4214667,4.33073334,28,800,30,1,UMi_LOS_28
294.8,-79.3,109.3,20.2,-2.4,76,1431.6,329.4155271,4.33073334,28,800,30,1,UMi_LOS_28
294.8,-79.6,109.6,17.5,-4,76,1431.640789,329.4097495,4.33073334,28,800,30,1,UMi_LOS_28
294.7,-90.2,120.2,15.7,1,76,1431.680263,329.4032746,4.33073334,28,800,30,1,UMi_LOS_28
294.7,-83.5,113.5,15,-1.9,76,1431.726316,329.3967641,4.33073334,28,800,30,1,UMi_LOS_28
294.7,-81.4,111.4,19.9,-3.2,3.000000001,1043.6,4.255192906,1.098612289,28,800,30,1,UMi_LOS_28
294.7,-81.9,111.9,18,-1.7,76,1431.758026,329.3899154,4.33073334,28,800,30,1,UMi_LOS_28
294.6,-84.3,114.3,19.3,0.5,76,1431.811842,329.3838627,4.33073334,28,800,30,1,UMi_LOS_28
294.6,-77.9,107.9,21.4,3.3,76,1431.848816,329.3900999,4.33073334,28,800,30,1,UMi_LOS_28
294.6,-84.2,114.2,19.8,1.8,76,1431.888289,329.3739054,4.33073334,28,800,30,1,UMi_LOS_28
294.5,-81.7,111.7,19.3,0.2,76,1431.933158,329.3716867,4.33073334,28,800,30,1,UMi_LOS_28
294.5,-82.1,112.1,17.4,-0.4,76,1431.977763,329.3620167,4.33073334,28,800,30,1,UMi_LOS_28
294.5,-84.1,114.1,18.4,-1.7,76,1432.010789,329.3588902,4.33073334,28,800,30,1,UMi_LOS_28
294.4,-82.1,112.1,17.4,-3.7,76,1432.062105,329.3491576,4.33073334,28,800,30,1,UMi_LOS_28
294.4,-81,111,14.8,-3.6,76,1432.101711,329.3368412,4.33073334,28,800,30,1,UMi_LOS_28
294.4,-80.8,110.8,17.9,-2.5,76,1432.139868,329.3414969,4.33073334,28,800,30,1,UMi_LOS_28
294.4,-83,113,17.9,-2.5,3.000000003,1043.533333,4.275771535,1.098612289,28,800,30,1,UMi_LOS_28
294.3,-81.7,111.7,36.4,-3.8,76,1432.187368,329.328813,4.33073334,28,800,30,1,UMi_LOS_28
294.3,-74,104,21.5,8.8,76,1432.228158,329.3296057,4.33073334,28,800,30,1,UMi_LOS_28
294.3,-82.3,112.3,20.4,4.9,76,1432.271711,329.3168076,4.33073334,28,800,30,1,UMi_LOS_28
294.2,-86.8,116.8,16.2,9.3,76,1432.3125,329.3156291,4.33073334,28,800,30,1,UMi_LOS_28
294.2,-84.3,114.3,20.3,-0.2,76,1432.352105,329.3038503,4.33073334,28,800,30,1,UMi_LOS_28
294.2,-83.9,113.9,17.9,-0.2,76,1432.400789,329.29483,4.33073334,28,800,30,1,UMi_LOS_28
294.2,-79.4,109.4,18.2,5.2,76,1432.445658,329.288266,4.33073334,28,800,30,1,UMi_LOS_28
294.1,-76.4,106.4,22.8,3.3,76,1432.483816,329.2832408,4.33073334,28,800,30,1,UMi_LOS_28
294.1,-80.9,110.9,19.4,0.5,76,1432.53,329.2780469,4.33073334,28,800,30,1,UMi_LOS_28
294.1,-82.9,112.9,18.9,1.5,76,1432.569474,329.2751133,4.33073334,28,800,30,1,UMi_LOS_28
294,-90.8,120.8,23.3,-1.2,3.000000005,1043.433333,4.275771535,1.098612289,28,800,30,1,UMi_LOS_28
294,-87,117,20.6,5.4,76,1432.620921,329.2661101,4.33073334,28,800,30,1,UMi_LOS_28
294,-82.9,112.9,17,2.3,76,1432.663026,329.2627032,4.33073334,28,800,30,1,UMi_LOS_28
294,-78.9,108.9,18.2,3.5,76.00000001,1432.713289,329.2543395,4.33073334,28,800,30,1,UMi_LOS_28
293.9,-79.3,109.3,24,10.9,76,1432.751447,329.251587,4.33073334,28,800,30,1,UMi_LOS_28
293.9,-82.5,112.5,19.7,9.9,76,1432.793684,329.2422436,4.33073334,28,800,30,1,UMi_LOS_28
293.9,-88.7,118.7,20.2,8.3,76,1432.835789,329.2317021,4.33073334,28,800,30,1,UMi_LOS_28
293.8,-81.7,111.7,15.2,-0.7,76,1432.886053,329.2313497,4.33073334,28,800,30,1,UMi_LOS_28
293.8,-82.2,112.2,15.4,0.9,76,1432.929474,329.2199302,4.33073334,28,800,30,1,UMi_LOS_28
293.8,-82.7,112.7,21.4,-1.6,76,1432.971711,329.2146549,4.33073334,28,800,30,1,UMi_LOS_28
293.7,-86.5,116.5,16.5,-0.1,76,1433.023289,329.204961,4.33073334,28,800,30,1,UMi_LOS_28
293.7,-77.1,107.1,17.3,1.1,3.000000001,1043.333333,4.343833433,1.098612289,28,800,30,1,UMi_LOS_28
293.7,-81,111,21.8,-2.2,76,1433.062763,329.1929484,4.33073334,28,800,30,1,UMi_LOS_28
293.7,-85.2,115.2,19,4.4,76,1433.106316,329.19553,4.33073334,28,800,30,1,UMi_LOS_28
293.6,-76.5,106.5,21,2.3,76,1433.155132,329.1828697,4.33073334,28,800,30,1,UMi_LOS_28
293.6,-70.7,100.7,14.7,4,76.00000001,1433.207895,329.1749592,4.33073334,28,800,30,1,UMi_LOS_28
293.6,-76.9,106.9,18.3,1.7,76,1433.244737,329.1694933,4.33073334,28,800,30,1,UMi_LOS_28
293.5,-83.5,113.5,15.9,-0.8,76,1433.293684,329.1680146,4.33073334,28,800,30,1,UMi_LOS_28
293.5,-76.7,106.7,25,-0.4,76,1433.341184,329.1505388,4.33073334,28,800,30,1,UMi_LOS_28
293.5,-78,108,20.6,0.9,76,1433.383421,329.1526058,4.33073334,28,800,30,1,UMi_LOS_28
293.5,-73.4,103.4,18.2,2,76,1433.432237,329.1425478,4.33073334,28,800,30,1,UMi_LOS_28
293.4,-68.2,98.2,18.7,-1.4,76,1433.478421,329.1387106,4.33073334,28,800,30,1,UMi_LOS_28
293.4,-83.1,113.1,17.2,-1.3,3,1043.233333,4.343833433,1.098612289,28,800,30,1,UMi_LOS_28
293.4,-79.6,109.6,16.7,4.7,76,1433.523421,329.1355446,4.33073334,28,800,30,1,UMi_LOS_28
293.3,-78.5,108.5,14,4.9,76,1433.566974,329.1228268,4.33073334,28,800,30,1,UMi_LOS_28
293.3,-82,112,21.5,1.2,76,1433.625,329.1130424,4.33073334,28,800,30,1,UMi_LOS_28
293.3,-73.3,103.3,19.2,3.7,76,1433.663289,329.0997173,4.33073334,28,800,30,1,UMi_LOS_28
293.3,-84.6,114.6,21.8,-0.3,76.00000001,1433.712237,329.0962485,4.33073334,28,800,30,1,UMi_LOS_28
293.2,-79.2,109.2,22.8,1.4,76,1433.761053,329.0870213,4.33073334,28,800,30,1,UMi_LOS_28
293.2,-96.1,126.1,15.7,2.6,76,1433.808553,329.085943,4.33073334,28,800,30,1,UMi_LOS_28
293.2,-86.5,116.5,14.9,2,76,1433.852105,329.0752033,4.33073334,28,800,30,1,UMi_LOS_28
293.1,-76.3,106.3,19,-0.3,76,1433.907632,329.066853,4.33073334,28,800,30,1,UMi_LOS_28
293.1,-85,115,14.7,7.2,76,1433.951316,329.0693563,4.33073334,28,800,30,1,UMi_LOS_28
293.1,-87.7,117.7,24.5,2.3,3.000000001,1043.133333,4.412356387,1.098612289,28,800,30,1,UMi_LOS_28
293.1,-92.6,122.6,20.9,-1.3,76,1433.994737,329.0490878,4.33073334,28,800,30,1,UMi_LOS_28
293,-80.2,110.2,16.5,0,76,1434.043684,329.0465968,4.33073334,28,800,30,1,UMi_LOS_28
293,-82.4,112.4,17.5,5.8,76,1434.092632,329.0347203,4.33073334,28,800,30,1,UMi_LOS_28
293,-83.6,113.6,17.7,7.4,76,1434.138816,329.0264117,4.33073334,28,800,30,1,UMi_LOS_28
293,-87.7,117.7,17.9,1.1,76,1434.189079,329.0260883,4.33073334,28,800,30,1,UMi_LOS_28
292.9,-78.6,108.6,21.3,2.6,76,1434.238026,329.0099069,4.33073334,28,800,30,1,UMi_LOS_28
292.9,-82.4,112.4,18.2,5.8,76,1434.289342,329.0080154,4.33073334,28,800,30,1,UMi_LOS_28
292.9,-78.5,108.5,16.7,-1.7,76,1434.334342,328.9935717,4.33073334,28,800,30,1,UMi_LOS_28
292.8,-84.8,114.8,16.6,-2.9,56,1257.11125,165.4795922,4.025351691,28,800,30,1,UMi_LOS_28
292.8,-85.3,115.3,16.9,6.4,55,1250.380727,159.0662312,4.007333185,28,800,30,1,UMi_LOS_28
292.8,-85,115,17.5,0.4,3.000000001,1048.333333,2.900957696,1.098612289,28,800,30,1,UMi_LOS_28
292.8,-82,112,21.3,1.6,3.000000002,1043.066667,4.434210439,1.098612289,28,800,30,1,UMi_LOS_28
292.7,-80.5,110.5,20.9,-0.1,36,1146.232222,84.25387209,3.583518938,28,800,30,1,UMi_LOS_28
292.7,-88,118,17.2,8.3,35,1216.576,213.1896652,3.555348061,28,800,30,1,UMi_LOS_28
292.7,-91.8,121.8,19.1,7.4,19,1336.050526,233.9504684,2.944438979,28,800,30,1,UMi_LOS_28
292.6,-86.4,116.4,21,9.1,39,1171.146154,229.7714942,3.663561646,28,800,30,1,UMi_LOS_28
292.6,-83.7,113.7,17.9,-0.3,39,1171.16641,229.78358,3.663561646,28,800,30,1,UMi_LOS_28
292.6,-82.1,112.1,16.1,6.9,39,1171.189744,229.7882193,3.663561646,28,800,30,1,UMi_LOS_28
292.6,-85.7,115.7,18.7,0,39,1171.212308,229.7959812,3.663561646,28,800,30,1,UMi_LOS_28
292.5,-67,97,14.4,4.8,39,1171.237692,229.8010641,3.663561646,28,800,30,1,UMi_LOS_28
292.5,-85.6,115.6,15.9,2.3,39,1171.255641,229.7977914,3.663561646,28,800,30,1,UMi_LOS_28
292.5,-89.7,119.7,18.6,-1,39,1171.27359,229.8080721,3.663561646,28,800,30,1,UMi_LOS_28
292.5,-77.3,107.3,17.7,2.4,3,1042.966667,4.43421044,1.098612289,28,800,30,1,UMi_LOS_28
292.4,-87.4,117.4,17.7,5.4,39,1171.296923,229.8108281,3.663561646,28,800,30,1,UMi_LOS_28
292.4,-79.1,109.1,23.7,2.2,39,1171.311795,229.8187501,3.663561646,28,800,30,1,UMi_LOS_28
292.4,-79,109,18.9,5.8,39,1171.337692,229.8244109,3.663561646,28,800,30,1,UMi_LOS_28
292.3,-78.9,108.9,14.9,7,39,1171.361026,229.8243428,3.663561646,28,800,30,1,UMi_LOS_28
292.3,-84.6,114.6,22.7,-1.6,39,1171.388718,229.8289523,3.663561646,28,800,30,1,UMi_LOS_28
292.3,-82.9,112.9,13,6.4,39,1171.407179,229.8350164,3.663561646,28,800,30,1,UMi_LOS_28
292.3,-73.8,103.8,13,8.3,39,1171.427436,229.8408247,3.663561646,28,800,30,1,UMi_LOS_28
292.2,-79.9,109.9,17.8,0.1,39,1171.453077,229.847902,3.663561646,28,800,30,1,UMi_LOS_28
292.2,-85.4,115.4,20.3,10.1,39,1171.474359,229.8581255,3.663561646,28,800,30,1,UMi_LOS_28
292.2,-78.8,108.8,13,6.3,39,1171.495385,229.8607751,3.663561646,28,800,30,1,UMi_LOS_28
292.2,-86.4,116.4,13.4,11.7,3.000000001,1042.866667,4.503578824,1.098612289,28,800,30,1,UMi_LOS_28
292.1,-82,112,21.9,-0.8,39,1171.515897,229.8610986,3.663561646,28,800,30,1,UMi_LOS_28
292.1,-87.3,117.3,21.6,-0.3,39,1171.541795,229.8602776,3.663561646,28,800,30,1,UMi_LOS_28
292.1,-80.1,110.1,14.6,8.1,39,1171.565385,229.8646674,3.663561646,28,800,30,1,UMi_LOS_28
292,-77.8,107.8,17.9,3.3,39,1171.59359,229.8805586,3.663561646,28,800,30,1,UMi_LOS_28
292,-76,106,20.2,3.2,39,1171.617436,229.8863258,3.663561646,28,800,30,1,UMi_LOS_28
292,-80,110,16.6,0.1,39,1171.635385,229.899151,3.663561646,28,800,30,1,UMi_LOS_28
292,-76.1,106.1,20.2,0.9,39,1171.664103,229.8927101,3.663561646,28,800,30,1,UMi_LOS_28
291.9,-79.8,109.8,14.9,6,39,1171.682308,229.9005971,3.663561646,28,800,30,1,UMi_LOS_28
291.9,-83.6,113.6,19.6,0.7,39,1171.708718,229.9132372,3.663561646,28,800,30,1,UMi_LOS_28
291.9,-74.5,104.5,22.6,6.5,39,1171.729744,229.919002,3.663561646,28,800,30,1,UMi_LOS_28
291.9,-79.8,109.8,19.9,4.8,3,1042.766667,4.503578824,1.098612289,28,800,30,1,UMi_LOS_28
291.8,-78,108,18,3.2,39.00000001,1171.763333,229.9140056,3.663561646,28,800,30,1,UMi_LOS_28
291.8,-90.8,120.8,15.5,0.7,39,1171.774103,229.9171259,3.663561646,28,800,30,1,UMi_LOS_28
291.8,-76.5,106.5,15,5,39,1171.810513,229.9342777,3.663561646,28,800,30,1,UMi_LOS_28
291.8,-83.7,113.7,21.5,-0.1,39,1171.836923,229.9372146,3.663561646,28,800,30,1,UMi_LOS_28
291.7,-79,109,23.4,-0.6,39,1171.852821,229.9450704,3.663561646,28,800,30,1,UMi_LOS_28
291.7,-78.7,108.7,14.8,0.5,39,1171.878974,229.9432853,3.663561646,28,800,30,1,UMi_LOS_28
291.7,-73.5,103.5,12.4,-0.7,39,1171.9,229.9490772,3.663561646,28,800,30,1,UMi_LOS_28
291.6,-86.1,116.1,20,0.4,39,1171.931538,229.9492683,3.663561646,28,800,30,1,UMi_LOS_28
291.6,-75.7,105.7,19.2,9.9,39,1171.952821,229.958284,3.663561646,28,800,30,1,UMi_LOS_28
291.6,-75.5,105.5,17.1,2.5,39,1171.988974,229.9713092,3.663561646,28,800,30,1,UMi_LOS_28
291.6,-80.7,110.7,17,2.5,3.000000003,1042.666667,4.573352769,1.098612289,28,800,30,1,UMi_LOS_28
291.5,-77.2,107.2,6.7,2.9,39,1172.01,229.9731787,3.663561646,28,800,30,1,UMi_LOS_28
291.5,-76.7,106.7,17.7,-3.1,39,1172.031538,229.9803724,3.663561646,28,800,30,1,UMi_LOS_28
291.5,-78.8,108.8,14.9,-3.4,39,1172.055385,229.979926,3.663561646,28,800,30,1,UMi_LOS_28
291.5,-87.3,117.3,16.7,-2.5,39,1172.07359,229.9820729,3.663561646,28,800,30,1,UMi_LOS_28
291.4,-75.4,105.4,8.1,8.4,39,1172.110256,229.9948012,3.663561646,28,800,30,1,UMi_LOS_28
291.4,-78.2,108.2,15,0.9,39,1172.134103,229.9992531,3.663561646,28,800,30,1,UMi_LOS_28
291.4,-80.6,110.6,17.4,-4.5,39,1172.163333,230.0147214,3.663561646,28,800,30,1,UMi_LOS_28
291.4,-82.9,112.9,17.1,-2.6,39,1172.186923,230.0083293,3.663561646,28,800,30,1,UMi_LOS_28
291.3,-80.3,110.3,16,1.5,39,1172.21359,230.0130119,3.663561646,28,800,30,1,UMi_LOS_28
291.3,-79.9,109.9,12.8,1.5,39,1172.239744,230.0277165,3.663561646,28,800,30,1,UMi_LOS_28
291.3,-85.4,115.4,15.9,0.3,3.000000001,1042.566667,4.57335277,1.098612289,28,800,30,1,UMi_LOS_28
291.3,-84,114,15.5,0.6,39,1172.258718,230.027207,3.663561646,28,800,30,1,UMi_LOS_28
291.2,-77.7,107.7,16.7,2.2,39,1172.287949,230.0289849,3.663561646,28,800,30,1,UMi_LOS_28
291.2,-76.3,106.3,12.7,-2.6,39,1172.324615,230.0411658,3.663561646,28,800,30,1,UMi_LOS_28
291.2,-79.6,109.6,10.7,-0.6,39,1172.348462,230.0474738,3.663561646,28,800,30,1,UMi_LOS_28
291.1,-80.2,110.2,13.4,-2.6,39,1172.377436,230.0574403,3.663561646,28,800,30,1,UMi_LOS_28
291.1,-78.4,108.4,19.4,-2.8,39,1172.414103,230.0620043,3.663561646,28,800,30,1,UMi_LOS_28
291.1,-75.5,105.5,12.3,-1.6,39,1172.441026,230.0698706,3.663561646,28,800,30,1,UMi_LOS_28
291.1,-75.3,105.3,22.3,-7.4,39,1172.462564,230.075899,3.663561646,28,800,30,1,UMi_LOS_28
291,-79.2,109.2,13.8,-3.8,39,1172.48641,230.0745223,3.663561646,28,800,30,1,UMi_LOS_28
291,-80.9,110.9,15.5,-0.6,39,1172.520513,230.0827724,3.663561646,28,800,30,1,UMi_LOS_28
291,-80.7,110.7,18.9,-4.1,3.000000001,1042.533333,4.620485785,1.098612289,28,800,30,1,UMi_LOS_28
291,-81.7,111.7,19.9,-5.1,39,1172.544615,230.0892207,3.663561646,28,800,30,1,UMi_LOS_28
290.9,-78.8,108.8,18.5,-5.6,39,1172.57641,230.0990693,3.663561646,28,800,30,1,UMi_LOS_28
290.9,-81.3,111.3,15.8,-4,39,1172.590769,230.1014467,3.663561646,28,800,30,1,UMi_LOS_28
290.9,-87.7,117.7,18.3,-5.7,39,1172.622564,230.1098038,3.663561646,28,800,30,1,UMi_LOS_28
290.9,-82.7,112.7,16.3,-6.3,39,1172.664359,230.1213609,3.663561646,28,800,30,1,UMi_LOS_28
290.8,-87.5,117.5,17.3,-4.4,39,1172.681026,230.1238525,3.663561646,28,800,30,1,UMi_LOS_28
290.8,-82.8,112.8,19.4,-3.2,39,1172.707436,230.1276892,3.663561646,28,800,30,1,UMi_LOS_28
290.8,-77.3,107.3,25,-4,39,1172.734359,230.1341452,3.663561646,28,800,30,1,UMi_LOS_28
290.8,-82.6,112.6,14.6,-0.8,39,1172.766667,230.1355023,3.663561646,28,800,30,1,UMi_LOS_28
290.7,-85.1,115.1,13.1,-3.1,39,1172.801026,230.1484059,3.663561646,28,800,30,1,UMi_LOS_28
290.7,-80.8,110.8,17.9,-1.8,3,1042.433333,4.690652644,1.098612289,28,800,30,1,UMi_LOS_28
290.7,-79.6,109.6,14.3,-1.7,39,1172.832821,230.1515102,3.663561646,28,800,30,1,UMi_LOS_28
290.7,-79.4,109.4,15.3,-2.5,39,1172.859487,230.1502517,3.663561646,28,800,30,1,UMi_LOS_28
290.6,-77.7,107.7,19.6,-3.6,39,1172.881026,230.1609883,3.663561646,28,800,30,1,UMi_LOS_28
290.6,-78,108,11.2,-3.1,39,1172.918718,230.1736254,3.663561646,28,800,30,1,UMi_LOS_28
290.6,-83,113,13.8,6.3,39,1172.945385,230.1743868,3.663561646,28,800,30,1,UMi_LOS_28
290.6,-80.8,110.8,14,-2.5,39,1172.974615,230.1828476,3.663561646,28,800,30,1,UMi_LOS_28
290.5,-80,110,17.4,-3.4,39,1173.003846,230.1881009,3.663561646,28,800,30,1,UMi_LOS_28
290.5,-81.4,111.4,15.6,-0.4,39,1173.036154,230.1937726,3.663561646,28,800,30,1,UMi_LOS_28
290.5,-78.5,108.5,12.9,-0.4,39,1173.065897,230.2003138,3.663561646,28,800,30,1,UMi_LOS_28
290.5,-80.4,110.4,21.5,-1.7,39,1173.100513,230.2064211,3.663561646,28,800,30,1,UMi_LOS_28
290.4,-81.9,111.9,24,-6.8,3.000000001,1042.333333,4.690652643,1.098612289,28,800,30,1,UMi_LOS_28
290.4,-81.2,111.2,15.9,-0.3,39,1173.119487,230.2201063,3.663561646,28,800,30,1,UMi_LOS_28
290.4,-81.6,111.6,13.4,-2.3,39,1173.151538,230.2238211,3.663561646,28,800,30,1,UMi_LOS_28
290.4,-78.3,108.3,18.9,-5.9,39,1173.183846,230.2208561,3.663561646,28,800,30,1,UMi_LOS_28
290.3,-81,111,16.5,-0.1,39,1173.218718,230.2351491,3.663561646,28,800,30,1,UMi_LOS_28
290.3,-88.4,118.4,13.9,0.1,39,1173.253333,230.2417902,3.663561646,28,800,30,1,UMi_LOS_28
290.3,-77.7,107.7,15.1,1.3,39,1173.277949,230.2485498,3.663561646,28,800,30,1,UMi_LOS_28
290.3,-78.1,108.1,15.4,-1.3,39,1173.302308,230.2538411,3.663561646,28,800,30,1,UMi_LOS_28
290.2,-84.8,114.8,15.3,-4.8,39,1173.339744,230.2659838,3.663561646,28,800,30,1,UMi_LOS_28
290.2,-80,110,20.3,-7.5,39,1173.377179,230.2680651,3.663561646,28,800,30,1,UMi_LOS_28
290.2,-81.9,111.9,19.5,-3.5,39,1173.409487,230.2748976,3.663561646,28,800,30,1,UMi_LOS_28
290.2,-81.7,111.7,16.2,3.6,3.000000001,1042.266667,4.714045208,1.098612289,28,800,30,1,UMi_LOS_28
290.1,-83.2,113.2,11.4,6.8,39,1173.436923,230.2860892,3.663561646,28,800,30,1,UMi_LOS_28
290.1,-79.4,109.4,11.4,2.4,39,1173.465897,230.2884918,3.663561646,28,800,30,1,UMi_LOS_28
290.1,-78.6,108.6,15.1,-3.7,39,1173.498462,230.2937303,3.663561646,28,800,30,1,UMi_LOS_28
290.1,-83.3,113.3,13.5,3.9,39,1173.531026,230.3014112,3.663561646,28,800,30,1,UMi_LOS_28
290,-82.3,112.3,19,-3,39,1173.571282,230.3047973,3.663561646,28,800,30,1,UMi_LOS_28
290,-80.5,110.5,13.5,-2.3,39,1173.603333,230.3135689,3.663561646,28,800,30,1,UMi_LOS_28
290,-82.7,112.7,15.8,-2.7,39,1173.620513,230.3233393,3.663561646,28,800,30,1,UMi_LOS_28
290,-80.1,110.1,16.3,2.2,39,1173.660513,230.3303686,3.663561646,28,800,30,1,UMi_LOS_28
289.9,-76.4,106.4,15.3,-1.5,39,1173.695385,230.3366742,3.663561646,28,800,30,1,UMi_LOS_28
289.9,-82.4,112.4,16.2,-1.1,39,1173.725128,230.3454216,3.663561646,28,800,30,1,UMi_LOS_28
289.9,-82.2,112.2,17.5,2.3,3.000000001,1048.2,2.942787794,1.098612289,28,800,30,1,UMi_LOS_28
289.9,-80.2,110.2,17.4,-2.5,3.000000001,1042.133333,4.76118566,1.098612289,28,800,30,1,UMi_LOS_28
289.8,-83.1,113.1,15.1,-1.8,31,1062.054194,76.74442166,3.433987204,28,800,30,1,UMi_LOS_28
289.8,-79.6,109.6,17.2,-5.6,22,1015.062727,25.8835227,3.091042453,28,800,30,1,UMi_LOS_28
289.6,-80,110,18.1,-1.7,3,1042.066667,4.784930047,1.098612289,28,800,30,1,UMi_LOS_28
289.3,-79.7,109.7,17.1,-1.8,3,1041.933333,4.8320688,1.098612289,28,800,30,1,UMi_LOS_28
289.1,-82,112,13.9,-3.1,3,1041.866667,4.856153027,1.098612289,28,800,30,1,UMi_LOS_28
288.8,-80.9,110.9,0,Inf,3.000000003,1041.8,4.880573736,1.098612289,28,800,30,1,UMi_LOS_28
288.6,-81.6,111.6,0,Inf,3,1041.666667,4.927699486,1.098612289,28,800,30,1,UMi_LOS_28
288.3,-83.3,113.3,0,Inf,3.000000001,1041.6,4.952440476,1.098612289,28,800,30,1,UMi_LOS_28
288.1,-77.8,107.8,0,Inf,3,1041.5,4.952440476,1.098612289,28,800,30,1,UMi_LOS_28
287.9,-82.4,112.4,0,Inf,3,1041.4,5.024606121,1.098612289,28,800,30,1,UMi_LOS_28
287.6,-82.1,112.1,0,Inf,3.000000001,1041.333333,5.049972498,1.098612289,28,800,30,1,UMi_LOS_28
287.4,-82.7,112.7,0,Inf,3.000000001,1048.133333,2.945429605,1.098612289,28,800,30,1,UMi_LOS_28
287.4,-80.9,110.9,0,Inf,3.000000001,1041.233333,5.049972497,1.098612289,28,800,30,1,UMi_LOS_28
287.4,-77.9,107.9,0,Inf,9,1519.422222,9.612928537,2.197224577,28,800,30,1,UMi_LOS_28
287.3,-79.5,109.5,0,Inf,34,1301.108824,133.7260465,3.526360525,28,800,30,1,UMi_LOS_28
287.3,-80.5,110.5,0,Inf,58,1176.270172,181.0885282,4.06044301,28,800,30,1,UMi_LOS_28
287.3,-80.7,110.7,0,Inf,58,1176.152586,181.0968454,4.06044301,28,800,30,1,UMi_LOS_28
287.3,-82.3,112.3,0,Inf,58,1176.043448,181.1058689,4.06044301,28,800,30,1,UMi_LOS_28
287.3,-80.8,110.8,0,Inf,58,1175.932759,181.1170413,4.06044301,28,800,30,1,UMi_LOS_28
287.2,-81.4,111.4,0,Inf,58,1175.823621,181.1200474,4.06044301,28,800,30,1,UMi_LOS_28
287.2,-79.8,109.8,0,Inf,58,1175.713793,181.1314556,4.06044301,28,800,30,1,UMi_LOS_28
287.2,-80.1,110.1,0,Inf,58,1175.599138,181.1332886,4.06044301,28,800,30,1,UMi_LOS_28
287.2,-79.4,109.4,0,Inf,58,1175.492931,181.1476772,4.06044301,28,800,30,1,UMi_LOS_28
287.2,-75.6,105.6,0,Inf,3.000000001,1041.166667,5.144144459,1.098612289,28,800,30,1,UMi_LOS_28
287.1,-84.3,114.3,0,Inf,58,1175.379655,181.153625,4.06044301,28,800,30,1,UMi_LOS_28
287.1,-80.3,110.3,0,Inf,58,1175.268621,181.1619484,4.06044301,28,800,30,1,UMi_LOS_28
287.1,-79.4,109.4,0,Inf,58,1175.157241,181.1684986,4.06044301,28,800,30,1,UMi_LOS_28
287.1,-83.9,113.9,0,Inf,58,1175.049828,181.1776389,4.06044301,28,800,30,1,UMi_LOS_28
287.1,-81.7,111.7,0,Inf,58,1174.94431,181.1850796,4.06044301,28,800,30,1,UMi_LOS_28
287,-79,109,0,Inf,58,1174.82931,181.1976043,4.06044301,28,800,30,1,UMi_LOS_28
287,-81.4,111.4,0,Inf,58,1174.716724,181.2013,4.06044301,28,800,30,1,UMi_LOS_28
287,-77.8,107.8,0,Inf,58,1174.61431,181.2170275,4.06044301,28,800,30,1,UMi_LOS_28
287,-84.7,114.7,0,Inf,58,1174.505517,181.2202031,4.06044301,28,800,30,1,UMi_LOS_28
287,-81.3,111.3,0,Inf,58,1174.396207,181.2285442,4.06044301,28,800,30,1,UMi_LOS_28
286.9,-78.6,108.6,1.8,41.8,3,1041.066667,5.14414446,1.098612289,28,800,30,1,UMi_LOS_28
286.9,-78.8,108.8,13.8,-2.3,58,1174.283966,181.2351229,4.06044301,28,800,30,1,UMi_LOS_28
286.9,-73.3,103.3,14.7,-4.6,58,1174.176207,181.2403871,4.06044301,28,800,30,1,UMi_LOS_28
286.9,-77.1,107.1,11.9,5.6,58,1174.066034,181.2472323,4.06044301,28,800,30,1,UMi_LOS_28
286.9,-82.3,112.3,15.7,0.6,58,1173.96069,181.2600047,4.06044301,28,800,30,1,UMi_LOS_28
286.8,-75.7,105.7,15.2,-4.7,58,1173.853448,181.2597411,4.06044301,28,800,30,1,UMi_LOS_28
286.8,-82.2,112.2,17.1,-3.2,58,1173.743103,181.2680672,4.06044301,28,800,30,1,UMi_LOS_28
286.8,-85,115,12.7,-0.3,58,1173.634138,181.2800131,4.06044301,28,800,30,1,UMi_LOS_28
286.8,-74.7,104.7,17.5,-2.4,58,1173.528793,181.2956244,4.06044301,28,800,30,1,UMi_LOS_28
286.8,-80.6,110.6,15.6,-4.2,58,1173.425345,181.296189,4.06044301,28,800,30,1,UMi_LOS_28
286.7,-79.9,109.9,13.9,-3.1,58,1173.32,181.299492,4.06044301,28,800,30,1,UMi_LOS_28
286.7,-88.2,118.2,18,-4.2,3.000000004,1041,5.169784006,1.098612289,28,800,30,1,UMi_LOS_28
286.7,-80,110,12,2.2,58,1173.211724,181.3099425,4.06044301,28,800,30,1,UMi_LOS_28
286.7,-79.3,109.3,19,-4.4,58,1173.106724,181.3173655,4.06044301,28,800,30,1,UMi_LOS_28
286.7,-85.3,115.3,16.7,-4.9,58,1172.997931,181.3232245,4.06044301,28,800,30,1,UMi_LOS_28
286.7,-84.4,114.4,16,0,58,1172.891552,181.3337276,4.06044301,28,800,30,1,UMi_LOS_28
286.6,-74.4,104.4,13.1,-2.9,58,1172.781379,181.3386446,4.06044301,28,800,30,1,UMi_LOS_28
286.6,-86.7,116.7,10.9,-0.2,58,1172.678793,181.3449726,4.06044301,28,800,30,1,UMi_LOS_28
286.6,-83.2,113.2,18.5,-4.5,58,1172.567241,181.3516673,4.06044301,28,800,30,1,UMi_LOS_28
286.6,-81.6,111.6,15.8,-2.9,58,1172.471034,181.3596211,4.06044301,28,800,30,1,UMi_LOS_28
286.6,-82.4,112.4,12.7,-2.6,58,1172.362414,181.3694021,4.06044301,28,800,30,1,UMi_LOS_28
286.5,-85.7,115.7,16,-2,58,1172.259655,181.3750811,4.06044301,28,800,30,1,UMi_LOS_28
286.5,-77.6,107.6,15.9,-1.1,3.000000001,1040.9,5.242772803,1.098612289,28,800,30,1,UMi_LOS_28
286.5,-84,114,20.3,-4.8,58,1172.15,181.3898405,4.06044301,28,800,30,1,UMi_LOS_28
286.5,-81.3,111.3,18.3,-4.4,58,1172.043793,181.3888246,4.06044301,28,800,30,1,UMi_LOS_28
286.5,-76,106,15.8,-3.3,58,1171.942586,181.3977144,4.06044301,28,800,30,1,UMi_LOS_28
286.4,-81.4,111.4,19.8,-1.8,58.00000001,1171.843448,181.4108923,4.06044301,28,800,30,1,UMi_LOS_28
286.4,-78.9,108.9,12,4,58,1171.728793,181.4119735,4.06044301,28,800,30,1,UMi_LOS_28
286.4,-77,107,15,-3.6,58,1171.626207,181.4214877,4.06044301,28,800,30,1,UMi_LOS_28
286.4,-80.6,110.6,14.5,-4.8,58,1171.521724,181.4279949,4.06044301,28,800,30,1,UMi_LOS_28
286.4,-81.4,111.4,16.5,-5,58,1171.426207,181.4373163,4.06044301,28,800,30,1,UMi_LOS_28
286.3,-72.7,102.7,15.7,-2.6,58,1171.315,181.4359236,4.06044301,28,800,30,1,UMi_LOS_28
286.3,-76.3,106.3,10.9,-2.1,58.00000001,1171.21431,181.4448892,4.06044301,28,800,30,1,UMi_LOS_28
286.3,-78.4,108.4,16.8,-2.1,3,1040.8,5.242772803,1.098612289,28,800,30,1,UMi_LOS_28
286.3,-84.1,114.1,12.2,3.3,58,1171.108448,181.4551559,4.06044301,28,800,30,1,UMi_LOS_28
286.3,-82.5,112.5,12.1,-0.2,58,1171.001034,181.4649881,4.06044301,28,800,30,1,UMi_LOS_28
286.3,-83.5,113.5,13.5,-3.2,58.00000001,1170.898793,181.4670285,4.06044301,28,800,30,1,UMi_LOS_28
286.2,-81.9,111.9,12.2,-0.9,58,1170.794655,181.477413,4.06044301,28,800,30,1,UMi_LOS_28
286.2,-78,108,15.2,-3,58,1170.696207,181.4906045,4.06044301,28,800,30,1,UMi_LOS_28
286.2,-83.4,113.4,11,1,58,1170.597414,181.4927844,4.06044301,28,800,30,1,UMi_LOS_28
286.2,-77.1,107.1,19,-3.9,58,1170.497069,181.4996054,4.06044301,28,800,30,1,UMi_LOS_28
286.2,-82.2,112.2,13.7,1.8,58,1170.388276,181.5068729,4.06044301,28,800,30,1,UMi_LOS_28
286.1,-77,107,14.4,-4.1,58,1170.280862,181.5078982,4.06044301,28,800,30,1,UMi_LOS_28
286.1,-87.1,117.1,19.9,-5.3,58,1170.18431,181.5169364,4.06044301,28,800,30,1,UMi_LOS_28
286.1,-82.6,112.6,14.6,2,3.000000001,1040.7,5.316013544,1.098612289,28,800,30,1,UMi_LOS_28
286.1,-77.6,107.6,16.1,-2.7,58.00000001,1170.083965,181.5223627,4.06044301,28,800,30,1,UMi_LOS_28
286.1,-71.7,101.7,13.9,-1.2,58,1169.983966,181.5264473,4.06044301,28,800,30,1,UMi_LOS_28
286.1,-75.1,105.1,15.7,-2.3,58,1169.882241,181.5379508,4.06044301,28,800,30,1,UMi_LOS_28
286,-82.5,112.5,14,-3.3,58.00000001,1169.783793,181.5465553,4.06044301,28,800,30,1,UMi_LOS_28
286,-82.5,112.5,18,-4,58,1169.687414,181.5557819,4.06044301,28,800,30,1,UMi_LOS_28
286,-79.9,109.9,13.6,-4.5,58,1169.585862,181.5563816,4.06044301,28,800,30,1,UMi_LOS_28
286,-76.5,106.5,16.2,-3.2,58,1169.478966,181.5603151,4.06044301,28,800,30,1,UMi_LOS_28
286,-79.4,109.4,14.8,-1.9,58,1169.382241,181.5706721,4.06044301,28,800,30,1,UMi_LOS_28
285.9,-80.2,110.2,11.9,-0.5,58.00000001,1169.279483,181.5822659,4.06044301,28,800,30,1,UMi_LOS_28
285.9,-83.6,113.6,19.7,-6.4,58,1169.17431,181.5809233,4.06044301,28,800,30,1,UMi_LOS_28
285.9,-74.9,104.9,15.2,-2.8,3,1040.6,5.316013544,1.098612289,28,800,30,1,UMi_LOS_28
285.9,-82.7,112.7,21.2,-4.8,58,1169.075,181.5889869,4.06044301,28,800,30,1,UMi_LOS_28
285.9,-79,109,16,-3.9,58,1168.982241,181.5990487,4.06044301,28,800,30,1,UMi_LOS_28
285.9,-76.8,106.8,14.5,-3,58,1168.875517,181.609237,4.06044301,28,800,30,1,UMi_LOS_28
285.8,-74.7,104.7,14.7,-4.1,58,1168.776207,181.6103624,4.06044301,28,800,30,1,UMi_LOS_28
285.8,-79.3,109.3,17.9,-4.3,58,1168.678448,181.6164086,4.06044301,28,800,30,1,UMi_LOS_28
285.8,-77.4,107.4,13.2,1.9,58,1168.580517,181.6239026,4.06044301,28,800,30,1,UMi_LOS_28
285.8,-74.8,104.8,15.6,-4.6,58,1168.477759,181.6296406,4.06044301,28,800,30,1,UMi_LOS_28
285.8,-82.8,112.8,15.9,-2,58,1168.384828,181.6318377,4.06044301,28,800,30,1,UMi_LOS_28
285.7,-74.7,104.7,12.7,-3.3,58,1168.28569,181.6433072,4.06044301,28,800,30,1,UMi_LOS_28
285.7,-74.8,104.8,15.4,-2.2,58,1168.189483,181.6533165,4.06044301,28,800,30,1,UMi_LOS_28
285.7,-79.2,109.2,13.7,0.6,3.000000001,1040.533333,5.342492136,1.098612289,28,800,30,1,UMi_LOS_28
285.7,-81.1,111.1,14.4,-2.8,58,1168.088448,181.657952,4.06044301,28,800,30,1,UMi_LOS_28
285.7,-76,106,9.8,7.8,58,1167.982069,181.6578354,4.06044301,28,800,30,1,UMi_LOS_28
285.7,-83.2,113.2,12.9,-2.6,58,1167.891207,181.6712559,4.06044301,28,800,30,1,UMi_LOS_28
285.6,-79,109,15.9,-2.1,58,1167.793793,181.6720252,4.06044301,28,800,30,1,UMi_LOS_28
285.6,-82.2,112.2,17.8,-0.9,58,1167.697931,181.6826918,4.06044301,28,800,30,1,UMi_LOS_28
285.6,-72.4,102.4,12.1,-2.3,58,1167.593793,181.6836063,4.06044301,28,800,30,1,UMi_LOS_28
285.6,-81.1,111.1,12.9,0.5,58,1167.504655,181.6913226,4.06044301,28,800,30,1,UMi_LOS_28
285.6,-83.4,113.4,12.3,-3.6,58,1167.398793,181.6928303,4.06044301,28,800,30,1,UMi_LOS_28
285.6,-76.1,106.1,16.3,-4.6,58,1167.315345,181.701906,4.06044301,28,800,30,1,UMi_LOS_28
285.5,-78.4,108.4,11.8,0.7,58,1167.212931,181.7105793,4.06044301,28,800,30,1,UMi_LOS_28
285.5,-74.6,104.6,16,-4.2,3.000000001,1040.433333,5.416230752,1.098612289,28,800,30,1,UMi_LOS_28
285.5,-83.1,113.1,14.6,-3.5,58,1167.108966,181.7146251,4.06044301,28,800,30,1,UMi_LOS_28
285.5,-80.3,110.3,18.9,-4.6,58,1167.017069,181.7236903,4.06044301,28,800,30,1,UMi_LOS_28
285.5,-78.2,108.2,16.6,-4,58,1166.917931,181.7278795,4.06044301,28,800,30,1,UMi_LOS_28
285.5,-73.4,103.4,14.6,-3.9,58,1166.82431,181.7351785,4.06044301,28,800,30,1,UMi_LOS_28
285.4,-70.2,100.2,11.9,3,58,1166.726724,181.7382,4.06044301,28,800,30,1,UMi_LOS_28
285.4,-82.4,112.4,18.6,-2.6,58,1166.633793,181.7489703,4.06044301,28,800,30,1,UMi_LOS_28
285.4,-79.2,109.2,18,0.3,58.00000001,1166.532241,181.7510401,4.06044301,28,800,30,1,UMi_LOS_28
285.4,-81.2,111.2,10.5,1.5,58,1166.440517,181.7612712,4.06044301,28,800,30,1,UMi_LOS_28
285.4,-75.9,105.9,12.8,-1.4,58,1166.34569,181.7641667,4.06044301,28,800,30,1,UMi_LOS_28
285.3,-79.4,109.4,20.4,-5.9,79,1273.170127,236.1387063,4.369447852,28,800,30,1,UMi_LOS_28
285.3,-82.7,112.7,10.8,0.7,3.000000001,1048,2.987752779,1.098612289,28,800,30,1,UMi_LOS_28
285.3,-77.4,107.4,16.1,-5.9,3.00000001,1040.333333,5.416230754,1.098612289,28,800,30,1,UMi_LOS_28
285.3,-78.4,108.4,10.2,6.3,85,1261.148118,216.2116304,4.442651256,28,800,30,1,UMi_LOS_28
285.3,-79.8,109.8,16.3,-6,84,1237.89631,225.946013,4.430816799,28,800,30,1,UMi_LOS_28
285.3,-82.3,112.3,15.2,-2.7,82,1241.472561,227.9050808,4.406719247,28,800,30,1,UMi_LOS_28
285.2,-86.9,116.9,16.4,-3,82,1241.483293,227.9000337,4.406719247,28,800,30,1,UMi_LOS_28
285.2,-85.4,115.4,12.4,-4.2,82,1241.494634,227.8971289,4.406719247,28,800,30,1,UMi_LOS_28
285.2,-83.8,113.8,12.1,-1.1,82,1241.502927,227.8938198,4.406719247,28,800,30,1,UMi_LOS_28
285.2,-84.4,114.4,11.8,2.4,82.00000001,1241.505,227.8857449,4.406719247,28,800,30,1,UMi_LOS_28
285.2,-80.5,110.5,13.4,1.2,82,1241.515732,227.8815811,4.406719247,28,800,30,1,UMi_LOS_28
285.2,-80.6,110.6,12.7,-2.2,82,1241.527195,227.8782532,4.406719247,28,800,30,1,UMi_LOS_28
285.1,-80.4,110.4,13.6,-6.8,82,1241.538049,227.8770151,4.406719247,28,800,30,1,UMi_LOS_28
285.1,-74.2,104.2,17.2,-6.9,3.000000002,1040.266667,5.443242497,1.098612289,28,800,30,1,UMi_LOS_28
285.1,-83.8,113.8,18.4,-3.5,82,1241.542195,227.8694173,4.406719247,28,800,30,1,UMi_LOS_28
285.1,-82.6,112.6,17.8,-5.8,82,1241.554024,227.8650943,4.406719247,28,800,30,1,UMi_LOS_28
285.1,-77.7,107.7,16.4,-3.1,82,1241.558537,227.8549613,4.406719247,28,800,30,1,UMi_LOS_28
285.1,-75.7,105.7,16.9,-4.2,82,1241.564146,227.8493839,4.406719247,28,800,30,1,UMi_LOS_28
285.1,-78.8,108.8,17.1,-1.3,82,1241.570488,227.8400133,4.406719247,28,800,30,1,UMi_LOS_28
285,-78.4,108.4,13.1,9.7,82,1241.579878,227.8392154,4.406719247,28,800,30,1,UMi_LOS_28
285,-79.5,109.5,17.1,-3.6,82,1241.589512,227.8402701,4.406719247,28,800,30,1,UMi_LOS_28
285,-86.2,116.2,18.6,-1.1,82,1241.603171,227.837062,4.406719247,28,800,30,1,UMi_LOS_28
285,-78.4,108.4,18.4,-5.3,82,1241.606585,227.8291916,4.406719247,28,800,30,1,UMi_LOS_28
285,-83.8,113.8,18.4,-4.8,82,1241.614634,227.819942,4.406719247,28,800,30,1,UMi_LOS_28
285,-78.1,108.1,17.7,-5.5,3.000000005,1040.166667,5.443242497,1.098612289,28,800,30,1,UMi_LOS_28
284.9,-81.7,111.7,16.1,-6.1,82.00000001,1241.623659,227.8217396,4.406719247,28,800,30,1,UMi_LOS_28
284.9,-79.8,109.8,18.1,0.3,82,1241.635244,227.8197489,4.406719247,28,800,30,1,UMi_LOS_28
284.9,-81.1,111.1,23.5,-4,82,1241.641951,227.8119877,4.406719247,28,800,30,1,UMi_LOS_28
284.9,-73.5,103.5,18.9,-6.3,82,1241.645,227.8102337,4.406719247,28,800,30,1,UMi_LOS_28
284.9,-84.5,114.5,15.9,-4.3,82,1241.655732,227.7970998,4.406719247,28,800,30,1,UMi_LOS_28
284.9,-80.6,110.6,20.5,-4.7,82,1241.664634,227.7959669,4.406719247,28,800,30,1,UMi_LOS_28
284.8,-78.2,108.2,21.6,-7.1,82,1241.671463,227.7896755,4.406719247,28,800,30,1,UMi_LOS_28
284.8,-82,112,18.8,-5.3,82,1241.677195,227.7844003,4.406719247,28,800,30,1,UMi_LOS_28
284.8,-77.4,107.4,21.4,-2.5,82,1241.687439,227.7818979,4.406719247,28,800,30,1,UMi_LOS_28
284.8,-78.7,108.7,17.6,-7.5,82,1241.697561,227.7871181,4.406719247,28,800,30,1,UMi_LOS_28
284.8,-81.1,111.1,18.4,-2.7,3.000000001,1040.1,5.53714728,1.098612289,28,800,30,1,UMi_LOS_28
284.8,-79,109,20.7,-1.7,82,1241.703171,227.7752043,4.406719247,28,800,30,1,UMi_LOS_28
284.7,-83.3,113.3,15.7,-0.7,82,1241.709878,227.769883,4.406719247,28,800,30,1,UMi_LOS_28
284.7,-77.4,107.4,18,3.2,82,1241.71622,227.7656031,4.406719247,28,800,30,1,UMi_LOS_28
284.7,-81.4,111.4,17.1,-1.8,82,1241.72439,227.759549,4.406719247,28,800,30,1,UMi_LOS_28
284.7,-81.3,111.3,20.7,-3.1,82,1241.732073,227.7527574,4.406719247,28,800,30,1,UMi_LOS_28
284.7,-84.1,114.1,20.3,-6.4,82,1241.739756,227.7451599,4.406719247,28,800,30,1,UMi_LOS_28
284.7,-78.9,108.9,20.4,-6,82,1241.741951,227.7448757,4.406719247,28,800,30,1,UMi_LOS_28
284.7,-78.2,108.2,20.1,0.8,82,1241.751951,227.7413628,4.406719247,28,800,30,1,UMi_LOS_28
284.6,-81.9,111.9,17.8,-6.8,82,1241.752683,227.7399443,4.406719247,28,800,30,1,UMi_LOS_28
284.6,-79.2,109.2,14.7,-1.6,82,1241.772805,227.734403,4.406719247,28,800,30,1,UMi_LOS_28
284.6,-77.8,107.8,16.6,-4.4,3,1040.033333,5.564370784,1.098612289,28,800,30,1,UMi_LOS_28
284.6,-84.8,114.8,18.6,-1.1,82,1241.773902,227.7320505,4.406719247,28,800,30,1,UMi_LOS_28
284.6,-83.6,113.6,16.2,1.1,82,1241.78561,227.7288882,4.406719247,28,800,30,1,UMi_LOS_28
284.6,-80.7,110.7,17.8,-2.9,82,1241.79378,227.7253967,4.406719247,28,800,30,1,UMi_LOS_28
284.5,-83.5,113.5,16.4,-7.4,82,1241.800366,227.7171029,4.406719247,28,800,30,1,UMi_LOS_28
284.5,-78.4,108.4,18.9,-2.6,82,1241.805488,227.7159313,4.406719247,28,800,30,1,UMi_LOS_28
284.5,-81.9,111.9,15.2,-1.6,82,1241.81561,227.7122619,4.406719247,28,800,30,1,UMi_LOS_28
284.5,-87.1,117.1,15.3,-2.3,82,1241.819878,227.7041217,4.406719247,28,800,30,1,UMi_LOS_28
284.5,-76,106,20.1,-1.3,82,1241.82622,227.7031398,4.406719247,28,800,30,1,UMi_LOS_28
284.5,-81.8,111.8,16.8,-3.6,82,1241.831585,227.6942967,4.406719247,28,800,30,1,UMi_LOS_28
284.5,-88.3,118.3,21.3,-2.8,82,1241.844268,227.6920813,4.406719247,28,800,30,1,UMi_LOS_28
284.4,-83,113,16,-6.2,3.000000002,1039.933333,5.564370784,1.098612289,28,800,30,1,UMi_LOS_28
284.4,-82.4,112.4,21,-4.5,82,1241.853171,227.6887718,4.406719247,28,800,30,1,UMi_LOS_28
284.4,-76.1,106.1,16.9,-2.7,82,1241.862073,227.6888637,4.406719247,28,800,30,1,UMi_LOS_28
284.4,-77.6,107.6,19.7,-1.6,82,1241.87,227.6832016,4.406719247,28,800,30,1,UMi_LOS_28
284.4,-84.4,114.4,19.6,-6.8,82,1241.87878,227.6793955,4.406719247,28,800,30,1,UMi_LOS_28
284.4,-78,108,17.9,-5.7,82,1241.87878,227.6751673,4.406719247,28,800,30,1,UMi_LOS_28
284.4,-79.2,109.2,18.6,-6.1,82,1241.884512,227.6700235,4.406719247,28,800,30,1,UMi_LOS_28
284.3,-79.8,109.8,20,-4.2,82,1241.894268,227.6640518,4.406719247,28,800,30,1,UMi_LOS_28
284.3,-80.6,110.6,16.9,-5.5,82,1241.896098,227.6611264,4.406719247,28,800,30,1,UMi_LOS_28
284.3,-82.7,112.7,18.5,2.2,82,1241.90378,227.6547381,4.406719247,28,800,30,1,UMi_LOS_28
284.3,-80.5,110.5,18.1,-4.8,82,1241.912317,227.6517299,4.406719247,28,800,30,1,UMi_LOS_28
284.3,-82.3,112.3,17.3,-4.4,3.000000001,1039.833333,5.638754788,1.098612289,28,800,30,1,UMi_LOS_28
284.3,-78,108,16.4,-3.1,82,1241.922683,227.6486797,4.406719247,28,800,30,1,UMi_LOS_28
284.3,-81.6,111.6,16,-1.9,82,1241.931585,227.6432175,4.406719247,28,800,30,1,UMi_LOS_28
284.2,-83.4,113.4,17.1,-1,82,1241.935488,227.6443736,4.406719247,28,800,30,1,UMi_LOS_28
284.2,-82.1,112.1,17.6,-7.4,82,1241.946829,227.6406819,4.406719247,28,800,30,1,UMi_LOS_28
284.2,-80.8,110.8,19.8,-2.3,82,1241.954512,227.6377874,4.406719247,28,800,30,1,UMi_LOS_28
284.2,-82.7,112.7,14.6,-1.7,82,1241.961951,227.6322641,4.406719247,28,800,30,1,UMi_LOS_28
284.2,-79,109,18.7,-2.6,82,1241.970854,227.6283717,4.406719247,28,800,30,1,UMi_LOS_28
284.2,-83.5,113.5,22.6,-4.6,82,1241.974512,227.6277004,4.406719247,28,800,30,1,UMi_LOS_28
284.2,-82.2,112.2,16.7,-1.6,82,1241.981341,227.6191566,4.406719247,28,800,30,1,UMi_LOS_28
284.1,-80.6,110.6,17.6,-3.4,82,1241.988659,227.6199741,4.406719247,28,800,30,1,UMi_LOS_28
284.1,-79.2,109.2,20.8,-4.8,3.00000001,1039.733333,5.638754786,1.098612289,28,800,30,1,UMi_LOS_28
284.1,-79.9,109.9,18.1,-0.6,82,1241.997561,227.613907,4.406719247,28,800,30,1,UMi_LOS_28
284.1,-81.6,111.6,18.1,-5.5,82,1241.99939,227.6052571,4.406719247,28,800,30,1,UMi_LOS_28
284.1,-82.1,112.1,20.4,-4.9,82,1242.006098,227.6058744,4.406719247,28,800,30,1,UMi_LOS_28
284.1,-81.9,111.9,15.2,-4.9,82,1242.008537,227.6033256,4.406719247,28,800,30,1,UMi_LOS_28
284.1,-80.2,110.2,14.5,2.8,82,1242.021098,227.5983245,4.406719247,28,800,30,1,UMi_LOS_28
284,-75.3,105.3,22.7,-3.2,82,1242.028049,227.594642,4.406719247,28,800,30,1,UMi_LOS_28
284,-82.8,112.8,21.8,-5.5,82,1242.033659,227.5961832,4.406719247,28,800,30,1,UMi_LOS_28
284,-77.5,107.5,19.9,-5,82,1242.039146,227.5877598,4.406719247,28,800,30,1,UMi_LOS_28
284,-83.3,113.3,17.9,-4.8,82,1242.049512,227.5909213,4.406719247,28,800,30,1,UMi_LOS_28
284,-78.6,108.6,19.2,-1.7,82,1242.055488,227.5892347,4.406719247,28,800,30,1,UMi_LOS_28
284,-78.2,108.2,17.6,-2.9,3,1039.666667,5.666470585,1.098612289,28,800,30,1,UMi_LOS_28
284,-79.8,109.8,23.2,-6.5,82,1242.061341,227.5753892,4.406719247,28,800,30,1,UMi_LOS_28
283.9,-83.5,113.5,18.1,-5.1,82,1242.067683,227.5751067,4.406719247,28,800,30,1,UMi_LOS_28
283.9,-81.5,111.5,19.9,-2.7,82,1242.074634,227.5673699,4.406719247,28,800,30,1,UMi_LOS_28
283.9,-83.4,113.4,18.9,-5.7,82,1242.085,227.5710096,4.406719247,28,800,30,1,UMi_LOS_28
283.9,-77,107,17.3,0.6,82,1242.087927,227.5638109,4.406719247,28,800,30,1,UMi_LOS_28
283.9,-84.7,114.7,18.3,-7.3,82,1242.1,227.5639864,4.406719247,28,800,30,1,UMi_LOS_28
283.9,-85.2,115.2,19.2,-4.6,82,1242.109146,227.5641295,4.406719247,28,800,30,1,UMi_LOS_28
283.9,-81.4,111.4,18,-4,82,1242.113415,227.5577015,4.406719247,28,800,30,1,UMi_LOS_28
283.8,-81.3,111.3,19,-0.3,82,1242.118902,227.5529385,4.406719247,28,800,30,1,UMi_LOS_28
283.8,-76.2,106.2,18.7,-3.5,82,1242.125732,227.5550045,4.406719247,28,800,30,1,UMi_LOS_28
283.8,-81.9,111.9,20.9,-2,3.000000001,1039.566667,5.741273572,1.098612289,28,800,30,1,UMi_LOS_28
283.8,-83,113,20.3,-6.3,82,1242.134756,227.5504144,4.406719247,28,800,30,1,UMi_LOS_28
283.8,-85,115,18.5,-6.7,82,1242.135244,227.5441721,4.406719247,28,800,30,1,UMi_LOS_28
283.8,-82.7,112.7,18.5,-8.4,82,1242.143171,227.5447695,4.406719247,28,800,30,1,UMi_LOS_28
283.8,-74.2,104.2,22.3,-7.3,82,1242.152561,227.5407963,4.406719247,28,800,30,1,UMi_LOS_28
283.8,-76.4,106.4,17.8,-0.1,82,1242.159146,227.5334833,4.406719247,28,800,30,1,UMi_LOS_28
283.7,-80.6,110.6,17.9,-6.3,82,1242.162439,227.5335753,4.406719247,28,800,30,1,UMi_LOS_28
283.7,-81.8,111.8,19.2,-4.9,82,1242.167683,227.5288792,4.406719247,28,800,30,1,UMi_LOS_28
283.7,-82.7,112.7,16.4,-0.4,82,1242.177927,227.5257037,4.406719247,28,800,30,1,UMi_LOS_28
283.7,-89.9,119.9,16.6,-4.6,82,1242.185,227.5190179,4.406719247,28,800,30,1,UMi_LOS_28
283.7,-75.7,105.7,20.4,-6.6,82,1242.191341,227.5188544,4.406719247,28,800,30,1,UMi_LOS_28
T-R,Separation,Distance,(m),Received,89,1298.559888,245.5461078,4.48863637,73,800,30,1,UMi_LOS_73
285.8,-88.5,118.5,23.6,-0.7,89,1298.572809,245.5499796,4.48863637,73,800,30,1,UMi_LOS_73
285.8,-90.1,120.1,19.8,-7.5,42,1064.965476,90.38365635,3.737669618,73,800,30,1,UMi_LOS_73
285.8,-88.7,118.7,23.5,-1.9,82,1449.452561,274.5986338,4.406719247,73,800,30,1,UMi_LOS_73
285.8,-88.5,118.5,18.6,-3.6,28,1003.648214,29.88550115,3.33220451,73,800,30,1,UMi_LOS_73
285.8,-89.8,119.8,18.3,-5.3,28,995.0696429,25.02173533,3.33220451,73,800,30,1,UMi_LOS_73
285.8,-89.1,119.1,15.8,-5.5,28,995.1203571,25.01958483,3.33220451,73,800,30,1,UMi_LOS_73
285.8,-89.9,119.9,19.5,-1.9,28,995.1714286,25.02030728,3.33220451,73,800,30,1,UMi_LOS_73
285.8,-89.5,119.5,19.8,-0.6,28,995.2292857,25.02458248,3.33220451,73,800,30,1,UMi_LOS_73
285.8,-88.2,118.2,21.1,-2.4,28,995.2803571,25.02086722,3.33220451,73,800,30,1,UMi_LOS_73
285.7,-89.5,119.5,22.2,-4.9,28,995.3210714,25.01051412,3.33220451,73,800,30,1,UMi_LOS_73
285.7,-89.4,119.4,19.9,-1.8,28,995.38,25.01358331,3.33220451,73,800,30,1,UMi_LOS_73
285.7,-88.6,118.6,19.5,-4.8,28,995.4310714,25.01340131,3.33220451,73,800,30,1,UMi_LOS_73
285.7,-88.7,118.7,20.2,-6.5,89,1298.572809,245.5507642,4.48863637,73,800,30,1,UMi_LOS_73
285.7,-87.1,117.1,13.4,-2.5,28,995.4832143,25.01223116,3.33220451,73,800,30,1,UMi_LOS_73
285.7,-89.8,119.8,16.8,-0.5,28,995.5342857,25.01017499,3.33220451,73,800,30,1,UMi_LOS_73
285.7,-88.9,118.9,16.7,-1.7,28,995.59,25.00915589,3.33220451,73,800,30,1,UMi_LOS_73
285.7,-88.8,118.8,17.3,1.5,28,995.6375,25.0078827,3.33220451,73,800,30,1,UMi_LOS_73
285.7,-89.3,119.3,22.1,-5.1,28,995.6935714,25.00748034,3.33220451,73,800,30,1,UMi_LOS_73
285.7,-89.2,119.2,18.8,-5.8,28,995.7485714,25.01270102,3.33220451,73,800,30,1,UMi_LOS_73
285.7,-88.4,118.4,19.6,-2.6,28,995.8003571,25.00539763,3.33220451,73,800,30,1,UMi_LOS_73
285.7,-88.5,118.5,21.5,-2.3,28,995.8528571,25.00728163,3.33220451,73,800,30,1,UMi_LOS_73
285.7,-88.4,118.4,17.4,-1,28,995.9042857,25.00574711,3.33220451,73,800,30,1,UMi_LOS_73
285.7,-90.4,120.4,24,-4.4,28,995.9528571,24.99724626,3.33220451,73,800,30,1,UMi_LOS_73
285.7,-87.8,117.8,20.2,-4.7,89,1298.572809,245.5514264,4.48863637,73,800,30,1,UMi_LOS_73
285.7,-87.8,117.8,17.4,-2.5,28,996.0067857,24.99519383,3.33220451,73,800,30,1,UMi_LOS_73
285.7,-88.7,118.7,20.1,-3.9,28,996.0578571,24.99647623,3.33220451,73,800,30,1,UMi_LOS_73
285.7,-88.9,118.9,16.3,-1.9,28,996.1164286,24.99599871,3.33220451,73,800,30,1,UMi_LOS_73
285.7,-88.4,118.4,18.1,-5.6,28,996.1710714,24.99539505,3.33220451,73,800,30,1,UMi_LOS_73
285.7,-89,119,14.8,-2.1,28,996.2182143,24.99313707,3.33220451,73,800,30,1,UMi_LOS_73
285.7,-88.3,118.3,12.1,4,28,996.2732143,24.99110785,3.33220451,73,800,30,1,UMi_LOS_73
285.7,-89.3,119.3,16.5,-0.4,28,996.3346429,24.9953242,3.33220451,73,800,30,1,UMi_LOS_73
285.7,-87.7,117.7,25.4,-2.8,28,996.3860714,24.99563524,3.33220451,73,800,30,1,UMi_LOS_73
285.6,-89.5,119.5,19.2,-4.1,28,996.4414286,24.99282236,3.33220451,73,800,30,1,UMi_LOS_73
285.6,-89.8,119.8,21.4,-5.8,28,996.4885714,24.98462895,3.33220451,73,800,30,1,UMi_LOS_73
285.6,-88.8,118.8,19.7,-0.8,89,1298.576067,245.5545988,4.48863637,73,800,30,1,UMi_LOS_73
285.6,-90,120,23.3,-5.5,28,996.5514286,24.99420486,3.33220451,73,800,30,1,UMi_LOS_73
285.6,-89.3,119.3,18,-5,28,996.6028571,24.98563442,3.33220451,73,800,30,1,UMi_LOS_73
285.6,-89.2,119.2,20.4,-5,28,996.665,24.99356624,3.33220451,73,800,30,1,UMi_LOS_73
285.6,-89.8,119.8,16,-6,28,996.7135714,24.99013923,3.33220451,73,800,30,1,UMi_LOS_73
285.6,-89.5,119.5,21.5,-4,28,996.7689286,24.98761641,3.33220451,73,800,30,1,UMi_LOS_73
285.6,-88.3,118.3,20.9,-2.8,28,996.8267857,24.99070056,3.33220451,73,800,30,1,UMi_LOS_73
285.6,-89.7,119.7,17.4,-6,28,996.8792857,24.98563858,3.33220451,73,800,30,1,UMi_LOS_73
285.6,-88.5,118.5,19.8,-4.8,28,996.9382143,24.99143683,3.33220451,73,800,30,1,UMi_LOS_73
285.6,-88.6,118.6,15.7,-2.8,28,996.9832143,24.97882318,3.33220451,73,800,30,1,UMi_LOS_73
285.6,-88.5,118.5,16.4,-3.7,28,997.0475,24.98421325,3.33220451,73,800,30,1,UMi_LOS_73
285.6,-88.1,118.1,22.7,-5.8,89,1298.574157,245.5520389,4.48863637,73,800,30,1,UMi_LOS_73
285.6,-88.9,118.9,20.2,-5.6,28,997.1053571,24.98986244,3.33220451,73,800,30,1,UMi_LOS_73
285.6,-89.4,119.4,26.1,-3.6,28,997.1585714,24.97868988,3.33220451,73,800,30,1,UMi_LOS_73
285.6,-89.8,119.8,18.3,-5.7,28,997.2142857,24.98584591,3.33220451,73,800,30,1,UMi_LOS_73
285.6,-90.1,120.1,16.2,-3,28,997.2692857,24.98267827,3.33220451,73,800,30,1,UMi_LOS_73
285.6,-89.3,119.3,20.3,-6.6,28,997.3296429,24.9837322,3.33220451,73,800,30,1,UMi_LOS_73
285.6,-89.1,119.1,19.9,-0.2,28,997.3932143,24.98945393,3.33220451,73,800,30,1,UMi_LOS_73
285.6,-89.2,119.2,17.2,-3.2,28,997.4382143,24.97911614,3.33220451,73,800,30,1,UMi_LOS_73
285.6,-88.9,118.9,15.7,-0.3,28,997.4982143,24.98400818,3.33220451,73,800,30,1,UMi_LOS_73
285.6,-90,120,17.4,-4.8,28,997.5507143,24.97537915,3.33220451,73,800,30,1,UMi_LOS_73
285.6,-89.1,119.1,19.8,-2.9,28,997.6067857,24.97720419,3.33220451,73,800,30,1,UMi_LOS_73
285.6,-87.8,117.8,17.5,-2.6,89,1298.576292,245.5560307,4.48863637,73,800,30,1,UMi_LOS_73
285.6,-89.3,119.3,22.4,-5.6,28,997.6707143,24.9804096,3.33220451,73,800,30,1,UMi_LOS_73
285.6,-89.1,119.1,15,0.1,28,997.7167857,24.97020182,3.33220451,73,800,30,1,UMi_LOS_73
285.6,-88.2,118.2,16.4,-5.7,28,997.7839286,24.98175339,3.33220451,73,800,30,1,UMi_LOS_73
285.6,-88,118,16.6,-7.3,28,997.8403571,24.9792609,3.33220451,73,800,30,1,UMi_LOS_73
285.5,-88.2,118.2,17.4,-3.2,28,997.8932143,24.97309453,3.33220451,73,800,30,1,UMi_LOS_73
285.5,-89,119,22.4,-4.1,28,997.9578571,24.97521205,3.33220451,73,800,30,1,UMi_LOS_73
285.5,-88.9,118.9,16,-3.4,28,998.0110714,24.97663842,3.33220451,73,800,30,1,UMi_LOS_73
285.5,-88.6,118.6,14.7,0.4,28,998.075,24.97982393,3.33220451,73,800,30,1,UMi_LOS_73
285.5,-88.6,118.6,16.6,-1.6,28,998.1357143,24.98427883,3.33220451,73,800,30,1,UMi_LOS_73
285.5,-89.2,119.2,18.8,-0.2,28,998.1857143,24.97885541,3.33220451,73,800,30,1,UMi_LOS_73
285.5,-89.4,119.4,19.5,-3.5,89,1298.573146,245.555688,4.48863637,73,800,30,1,UMi_LOS_73
285.5,-89.5,119.5,21.2,-1.7,28,998.2457143,24.97887199,3.33220451,73,800,30,1,UMi_LOS_73
285.5,-89.2,119.2,17.8,-2,28,998.3110714,24.98400107,3.33220451,73,800,30,1,UMi_LOS_73
285.5,-87.7,117.7,13,-2,28,998.3714286,24.98293571,3.33220451,73,800,30,1,UMi_LOS_73
285.5,-89.1,119.1,16.7,-1.8,28,998.4178571,24.97365174,3.33220451,73,800,30,1,UMi_LOS_73
285.5,-89,119,18,-5.7,28,998.4796429,24.97722784,3.33220451,73,800,30,1,UMi_LOS_73
285.5,-88.5,118.5,28.4,-3.6,28,998.5442857,24.97930979,3.33220451,73,800,30,1,UMi_LOS_73
285.5,-88.8,118.8,19.4,-7,28,998.5971429,24.97830171,3.33220451,73,800,30,1,UMi_LOS_73
285.5,-89,119,18.6,-5.5,28,998.6678571,24.98778821,3.33220451,73,800,30,1,UMi_LOS_73
285.5,-89,119,15.6,-4.3,28,998.7189286,24.98119612,3.33220451,73,800,30,1,UMi_LOS_73
285.5,-89.1,119.1,14.2,7.3,28,998.7857143,24.98345416,3.33220451,73,800,30,1,UMi_LOS_73
285.5,-89.2,119.2,14.7,-1.3,89,1298.57427,245.5567703,4.48863637,73,800,30,1,UMi_LOS_73
285.5,-89.2,119.2,23,-5.6,28,998.8446429,24.98782153,3.33220451,73,800,30,1,UMi_LOS_73
285.5,-88.7,118.7,18,-6.6,28,998.9010714,24.9821005,3.33220451,73,800,30,1,UMi_LOS_73
285.5,-88.8,118.8,16,-0.9,28,998.9603571,24.97890989,3.33220451,73,800,30,1,UMi_LOS_73
285.5,-89.5,119.5,18.3,-3.6,28,999.0192857,24.98407163,3.33220451,73,800,30,1,UMi_LOS_73
285.5,-89,119,21,-6.4,28,999.0792857,24.98181152,3.33220451,73,800,30,1,UMi_LOS_73
285.5,-88.9,118.9,20.8,-5.4,28,999.1457143,24.98552973,3.33220451,73,800,30,1,UMi_LOS_73
285.5,-88.9,118.9,15,-1.5,28,999.2089286,24.99399733,3.33220451,73,800,30,1,UMi_LOS_73
285.5,-89,119,16.8,-4.1,28,999.2685714,24.98798707,3.33220451,73,800,30,1,UMi_LOS_73
285.5,-88.9,118.9,18.6,-6.3,28,999.3246429,24.98903195,3.33220451,73,800,30,1,UMi_LOS_73
285.5,-89.1,119.1,16.5,-0.9,28,999.3882143,24.99425406,3.33220451,73,800,30,1,UMi_LOS_73
285.5,-89,119,18.4,-4.7,89,1298.577753,245.5563936,4.48863637,73,800,30,1,UMi_LOS_73
285.5,-88.8,118.8,17.8,-2.3,28,999.4446429,24.98599743,3.33220451,73,800,30,1,UMi_LOS_73
285.5,-88.9,118.9,18,-4.8,28,999.5157143,24.99560896,3.33220451,73,800,30,1,UMi_LOS_73
285.5,-89,119,23.5,-3.7,28,999.5646429,24.98872367,3.33220451,73,800,30,1,UMi_LOS_73
285.5,-88.9,118.9,15.9,-4.5,28,999.635,24.99603647,3.33220451,73,800,30,1,UMi_LOS_73
285.5,-88.9,118.9,20.6,-1.1,28,999.6928571,24.99182693,3.33220451,73,800,30,1,UMi_LOS_73
285.5,-89,119,17.9,-6,28,999.7567857,24.98927885,3.33220451,73,800,30,1,UMi_LOS_73
285.5,-88.9,118.9,23.2,-3,28,999.8167857,24.99384696,3.33220451,73,800,30,1,UMi_LOS_73
285.5,-88.9,118.9,21,-5.8,28,999.8810714,24.99907789,3.33220451,73,800,30,1,UMi_LOS_73
285.5,-88.9,118.9,17.5,-6.8,28,999.9414286,24.99445463,3.33220451,73,800,30,1,UMi_LOS_73
285.5,-88.9,118.9,18.9,-5.3,28,1000.005714,25.00018192,3.33220451,73,800,30,1,UMi_LOS_73
285.5,-88.9,118.9,16.7,-5.3,89,1298.578876,245.5579126,4.48863637,73,800,30,1,UMi_LOS_73
285.5,-88.5,118.5,13.2,-3.4,28,1000.068929,25.00107117,3.33220451,73,800,30,1,UMi_LOS_73
285.5,-88.4,118.4,18.3,-7.8,28,1000.123571,24.99390829,3.33220451,73,800,30,1,UMi_LOS_73
285.5,-88.3,118.3,12.5,4,28,1000.198214,25.00728595,3.33220451,73,800,30,1,UMi_LOS_73
285.5,-88.3,118.3,16.8,-4.6,28,1000.255,25.00300089,3.33220451,73,800,30,1,UMi_LOS_73
285.5,-89,119,13.6,-1.7,28,1000.3125,24.99992737,3.33220451,73,800,30,1,UMi_LOS_73
285.5,-89.5,119.5,13.4,1,28,1000.380357,25.00280763,3.33220451,73,800,30,1,UMi_LOS_73
285.5,-88.4,118.4,16.2,-6.1,28,1000.449286,25.01200582,3.33220451,73,800,30,1,UMi_LOS_73
285.5,-88.3,118.3,25.3,-3.7,28,1000.502857,25.00226359,3.33220451,73,800,30,1,UMi_LOS_73
285.5,-88.5,118.5,13.4,0.3,28,1000.575357,25.01272911,3.33220451,73,800,30,1,UMi_LOS_73
285.5,-88.3,118.3,13.8,-2.4,28,1000.632143,25.01264885,3.33220451,73,800,30,1,UMi_LOS_73
285.4,-88.6,118.6,13,-6.3,89,1298.561011,245.5502822,4.48863637,73,800,30,1,UMi_LOS_73
285.4,-88.1,118.1,16.9,-4.6,89,1298.58,245.5573891,4.48863637,73,800,30,1,UMi_LOS_73
285.4,-88.6,118.6,17.1,-4.4,41,1031.986341,50.64406694,3.713572067,73,800,30,1,UMi_LOS_73
285.4,-89.3,119.3,17.4,-7.2,17,1066.26,60.30788291,2.833213344,73,800,30,1,UMi_LOS_73
285.4,-89.4,119.4,14.1,-0.2,17,1066.295294,60.31392319,2.833213344,73,800,30,1,UMi_LOS_73
285.4,-89.3,119.3,16.4,-6.4,17,1066.324706,60.31536855,2.833213344,73,800,30,1,UMi_LOS_73
285.4,-88.9,118.9,16.2,-3.2,17,1066.347647,60.31533261,2.833213344,73,800,30,1,UMi_LOS_73
285.4,-87.8,117.8,17.8,-1.1,17,1066.382353,60.32624944,2.833213344,73,800,30,1,UMi_LOS_73
285.4,-90.2,120.2,16.7,-2.8,17,1066.405882,60.32522095,2.833213344,73,800,30,1,UMi_LOS_73
285.4,-88.8,118.8,14.4,-4.6,17,1066.446471,60.33765091,2.833213344,73,800,30,1,UMi_LOS_73
285.4,-88.6,118.6,14.4,-3.7,17,1066.481765,60.34134757,2.833213344,73,800,30,1,UMi_LOS_73
285.4,-88.6,118.6,15.3,-6,17,1066.51,60.34699915,2.833213344,73,800,30,1,UMi_LOS_73
285.4,-88.4,118.4,17.2,-6.7,89,1298.583483,245.5583053,4.48863637,73,800,30,1,UMi_LOS_73
285.4,-88,118,13.8,-1.9,17,1066.534706,60.34395629,2.833213344,73,800,30,1,UMi_LOS_73
285.4,-87.4,117.4,16.5,-7.7,17,1066.562941,60.34969748,2.833213344,73,800,30,1,UMi_LOS_73
285.4,-89.3,119.3,16.7,-4.7,17,1066.598824,60.35758882,2.833213344,73,800,30,1,UMi_LOS_73
285.4,-88.2,118.2,15,-1.8,17,1066.621765,60.35927291,2.833213344,73,800,30,1,UMi_LOS_73
285.4,-89.2,119.2,14.3,-2.2,17,1066.656471,60.36587748,2.833213344,73,800,30,1,UMi_LOS_73
285.4,-90.1,120.1,18.5,-6,17,1066.674706,60.36037502,2.833213344,73,800,30,1,UMi_LOS_73
285.4,-89,119,19.1,-7.7,17,1066.720588,60.3752857,2.833213344,73,800,30,1,UMi_LOS_73
285.4,-88.2,118.2,18.2,-7.7,17,1066.750588,60.3780049,2.833213344,73,800,30,1,UMi_LOS_73
285.4,-90.2,120.2,17.3,-4.9,17,1066.778824,60.3817862,2.833213344,73,800,30,1,UMi_LOS_73
285.4,-87.9,117.9,13.8,-5.9,17,1066.821176,60.39185676,2.833213344,73,800,30,1,UMi_LOS_73
285.4,-87.5,117.5,12.9,-0.6,89,1298.583596,245.5579231,4.48863637,73,800,30,1,UMi_LOS_73
285.4,-87.5,117.5,13.1,-2.1,17,1066.849412,60.39609858,2.833213344,73,800,30,1,UMi_LOS_73
285.4,-91.2,121.2,20,-3.7,17,1066.879412,60.39853519,2.833213344,73,800,30,1,UMi_LOS_73
285.4,-88.6,118.6,13.3,-2.6,17,1066.908824,60.4025608,2.833213344,73,800,30,1,UMi_LOS_73
285.4,-87.9,117.9,15.5,-6.9,17,1066.938235,60.40691724,2.833213344,73,800,30,1,UMi_LOS_73
285.4,-87.6,117.6,18.9,-6.8,17,1066.967059,60.41203939,2.833213344,73,800,30,1,UMi_LOS_73
285.4,-90.1,120.1,16.1,-5.8,17,1066.996471,60.41490856,2.833213344,73,800,30,1,UMi_LOS_73
285.4,-86.1,116.1,14,-2.4,17,1067.026471,60.41782732,2.833213344,73,800,30,1,UMi_LOS_73
285.4,-89.8,119.8,12,0.5,17,1067.060588,60.42624026,2.833213344,73,800,30,1,UMi_LOS_73
285.4,-89.4,119.4,16,-6.3,17,1067.091176,60.42838872,2.833213344,73,800,30,1,UMi_LOS_73
285.4,-88.8,118.8,21.2,-0.5,17,1067.125294,60.4373745,2.833213344,73,800,30,1,UMi_LOS_73
285.4,-89.9,119.9,11.2,2.1,89,1298.583596,245.5571879,4.48863637,73,800,30,1,UMi_LOS_73
285.4,-89.7,119.7,13.9,-0.5,17,1067.161765,60.44370266,2.833213344,73,800,30,1,UMi_LOS_73
285.4,-87.1,117.1,20.4,-4.3,17,1067.178824,60.44070102,2.833213344,73,800,30,1,UMi_LOS_73
285.4,-89,119,14.1,-5.8,17,1067.214706,60.44816779,2.833213344,73,800,30,1,UMi_LOS_73
285.4,-91.3,121.3,15.6,-3.9,17,1067.255294,60.4583858,2.833213344,73,800,30,1,UMi_LOS_73
285.4,-90.1,120.1,11.5,-2.5,17,1067.279412,60.45807643,2.833213344,73,800,30,1,UMi_LOS_73
285.4,-88.7,118.7,16,-5.8,17,1067.308235,60.46195588,2.833213344,73,800,30,1,UMi_LOS_73
285.4,-87.7,117.7,17.3,-5.8,17,1067.332941,60.46265204,2.833213344,73,800,30,1,UMi_LOS_73
285.4,-89.8,119.8,14.9,-5.6,17,1067.378824,60.47951709,2.833213344,73,800,30,1,UMi_LOS_73
285.4,-90.2,120.2,14.8,-3.2,17,1067.415294,60.48167006,2.833213344,73,800,30,1,UMi_LOS_73
285.4,-86.9,116.9,10.2,4.1,17,1067.45,60.49065373,2.833213344,73,800,30,1,UMi_LOS_73
285.4,-90.4,120.4,15.4,-5.3,89,1298.584719,245.5596258,4.48863637,73,800,30,1,UMi_LOS_73
285.4,-87.2,117.2,15.1,-3.5,17,1067.474118,60.48931146,2.833213344,73,800,30,1,UMi_LOS_73
285.4,-86.3,116.3,16.8,-6.1,17,1067.508824,60.49895846,2.833213344,73,800,30,1,UMi_LOS_73
285.4,-89.7,119.7,15.8,-1.4,17,1067.539412,60.5014395,2.833213344,73,800,30,1,UMi_LOS_73
285.4,-89.9,119.9,16.1,-4.1,17,1067.574706,60.50948561,2.833213344,73,800,30,1,UMi_LOS_73
285.4,-90.4,120.4,14.2,-3.9,17,1067.598235,60.50838894,2.833213344,73,800,30,1,UMi_LOS_73
285.4,-89.6,119.6,17.9,-6.4,17,1067.628235,60.51295119,2.833213344,73,800,30,1,UMi_LOS_73
285.4,-87.7,117.7,17.1,-5.3,17,1067.662941,60.52242081,2.833213344,73,800,30,1,UMi_LOS_73
285.4,-88.7,118.7,16,0.9,17,1067.698824,60.5283149,2.833213344,73,800,30,1,UMi_LOS_73
285.4,-86.2,116.2,16.2,-4,17,1067.728824,60.53147415,2.833213344,73,800,30,1,UMi_LOS_73
285.4,-86.5,116.5,15.7,0.2,17,1067.764118,60.53877718,2.833213344,73,800,30,1,UMi_LOS_73
285.4,-87.6,117.6,17.4,-5.5,89,1298.583371,245.5612334,4.48863637,73,800,30,1,UMi_LOS_73
285.4,-88.5,118.5,15.9,-0.4,17,1067.799412,60.54516812,2.833213344,73,800,30,1,UMi_LOS_73
285.4,-90.3,120.3,18.5,-7.1,17,1067.835294,60.55086167,2.833213344,73,800,30,1,UMi_LOS_73
285.4,-87.1,117.1,16.3,1.4,17,1067.877059,60.56267107,2.833213344,73,800,30,1,UMi_LOS_73
285.4,-88.9,118.9,17.4,-3.9,17,1067.900588,60.56225795,2.833213344,73,800,30,1,UMi_LOS_73
285.4,-89.6,119.6,16.5,-2.6,17,1067.93,60.56659291,2.833213344,73,800,30,1,UMi_LOS_73
285.4,-93,123,15.4,-5.8,17,1067.948235,60.56362287,2.833213344,73,800,30,1,UMi_LOS_73
285.4,-87,117,17.7,-5.4,17,1068.007647,60.58476644,2.833213344,73,800,30,1,UMi_LOS_73
285.4,-88.5,118.5,18.4,-4.6,17,1068.037059,60.58840811,2.833213344,73,800,30,1,UMi_LOS_73
285.4,-88.4,118.4,12.7,-2.5,17,1068.066471,60.59283921,2.833213344,73,800,30,1,UMi_LOS_73
285.5,-89.6,119.6,18.2,-3.2,17,1068.096471,60.59593667,2.833213344,73,800,30,1,UMi_LOS_73
285.5,-89.5,119.5,17.8,-6.7,89,1298.582472,245.5607339,4.48863637,73,800,30,1,UMi_LOS_73
285.5,-87.4,117.4,13.1,-3,17,1068.138235,60.60776171,2.833213344,73,800,30,1,UMi_LOS_73
285.5,-92.3,122.3,18.4,-4.7,17,1068.162353,60.6069616,2.833213344,73,800,30,1,UMi_LOS_73
285.5,-87.1,117.1,15.3,-2.6,17,1068.203529,60.61873773,2.833213344,73,800,30,1,UMi_LOS_73
285.5,-90.2,120.2,9.1,1.2,17,1068.227647,60.61836836,2.833213344,73,800,30,1,UMi_LOS_73
285.5,-87,117,15.8,-1.5,17,1068.268824,60.63142302,2.833213344,73,800,30,1,UMi_LOS_73
285.5,-90.8,120.8,12.6,0.4,17,1068.293529,60.63149744,2.833213344,73,800,30,1,UMi_LOS_73
285.5,-90.6,120.6,13.9,-3.9,17,1068.317059,60.63083886,2.833213344,73,800,30,1,UMi_LOS_73
285.5,-89.2,119.2,19.2,-4.4,17,1068.365294,60.64353301,2.833213344,73,800,30,1,UMi_LOS_73
285.5,-87.2,117.2,15.7,-3.7,17,1068.406471,60.65549012,2.833213344,73,800,30,1,UMi_LOS_73
285.5,-86,116,14.8,-2.9,17,1068.442941,60.66152437,2.833213344,73,800,30,1,UMi_LOS_73
285.5,-92.2,122.2,20.2,-4.3,89,1298.589213,245.56285,4.48863637,73,800,30,1,UMi_LOS_73
285.5,-86.6,116.6,10.7,0.9,17,1068.466471,60.66196317,2.833213344,73,800,30,1,UMi_LOS_73
285.5,-88.4,118.4,19.2,-2.4,17,1068.502353,60.66968218,2.833213344,73,800,30,1,UMi_LOS_73
285.5,-89.1,119.1,10.8,0.5,17,1068.532353,60.67588197,2.833213344,73,800,30,1,UMi_LOS_73
285.5,-89.4,119.4,13.4,-5.2,17,1068.568235,60.68177663,2.833213344,73,800,30,1,UMi_LOS_73
285.5,-93.8,123.8,11.2,3.2,17,1068.598235,60.68521947,2.833213344,73,800,30,1,UMi_LOS_73
285.5,-91.1,121.1,14.1,-4.5,17,1068.645882,60.69825776,2.833213344,73,800,30,1,UMi_LOS_73
285.5,-87.3,117.3,15.7,-3.7,17,1068.664118,60.6944749,2.833213344,73,800,30,1,UMi_LOS_73
285.5,-85.8,115.8,16.3,-6.4,17,1068.706471,60.70875825,2.833213344,73,800,30,1,UMi_LOS_73
285.5,-86.1,116.1,14.2,-5.7,17,1068.741765,60.71494886,2.833213344,73,800,30,1,UMi_LOS_73
285.5,-88.1,118.1,18.2,-1,17,1068.772353,60.71777747,2.833213344,73,800,30,1,UMi_LOS_73
285.5,-91.1,121.1,13.8,3.3,89,1298.589213,245.5613873,4.48863637,73,800,30,1,UMi_LOS_73
285.5,-89.8,119.8,23.3,1.8,17,1068.813529,60.73111045,2.833213344,73,800,30,1,UMi_LOS_73
285.5,-87.4,117.4,16.5,-4.7,17,1068.832353,60.7278176,2.833213344,73,800,30,1,UMi_LOS_73
285.5,-89,119,16.8,-1.1,17,1068.868824,60.73452559,2.833213344,73,800,30,1,UMi_LOS_73
285.5,-89.4,119.4,25.5,-2.3,17,1068.915882,60.74812281,2.833213344,73,800,30,1,UMi_LOS_73
285.5,-88.7,118.7,10.2,-4,17,1068.951765,60.75530548,2.833213344,73,800,30,1,UMi_LOS_73
285.5,-88.1,118.1,11.2,-0.9,17,1068.993529,60.76480395,2.833213344,73,800,30,1,UMi_LOS_73
285.5,-92.7,122.7,8.6,1.8,17,1069.023529,60.76852987,2.833213344,73,800,30,1,UMi_LOS_73
285.5,-90,120,17.9,-3.1,17,1069.060588,60.7751637,2.833213344,73,800,30,1,UMi_LOS_73
285.5,-88.9,118.9,22.8,2.8,17,1069.095882,60.7846758,2.833213344,73,800,30,1,UMi_LOS_73
285.5,-89.3,119.3,16.4,1,17,1069.144706,60.79635197,2.833213344,73,800,30,1,UMi_LOS_73
285.5,-88.4,118.4,11.6,-1.1,89,1298.589213,245.562655,4.48863637,73,800,30,1,UMi_LOS_73
285.5,-92.6,122.6,18.1,-1.7,17,1069.151176,60.78794287,2.833213344,73,800,30,1,UMi_LOS_73
285.5,-87.4,117.4,20.4,-3.3,17,1069.181765,60.79119221,2.833213344,73,800,30,1,UMi_LOS_73
285.5,-87.8,117.8,27.9,-2.3,17,1069.235294,60.81051004,2.833213344,73,800,30,1,UMi_LOS_73
285.5,-87.1,117.1,22.7,-2.5,17,1069.265294,60.8147814,2.833213344,73,800,30,1,UMi_LOS_73
285.5,-89.7,119.7,7.5,-1,17,1069.301176,60.82048773,2.833213344,73,800,30,1,UMi_LOS_73
285.5,-88.3,118.3,15.7,-1.7,17,1069.338235,60.8268392,2.833213344,73,800,30,1,UMi_LOS_73
285.5,-88.1,118.1,10.7,2.7,17,1069.367647,60.83321766,2.833213344,73,800,30,1,UMi_LOS_73
285.5,-86,116,17.6,-4.7,17,1069.404118,60.84106557,2.833213344,73,800,30,1,UMi_LOS_73
285.5,-88.7,118.7,16.5,-1.3,17,1069.452353,60.85456071,2.833213344,73,800,30,1,UMi_LOS_73
285.5,-88.8,118.8,13.9,-0.4,17,1069.482353,60.85940959,2.833213344,73,800,30,1,UMi_LOS_73
285.5,-88.5,118.5,13.8,6,89,1298.562247,245.5499082,4.48863637,73,800,30,1,UMi_LOS_73
285.5,-90.5,120.5,34.2,-2.5,89,1298.595955,245.5609873,4.48863637,73,800,30,1,UMi_LOS_73
285.5,-89.5,119.5,26.3,0.4,4,961.6325,4.664115002,1.386294361,73,800,30,1,UMi_LOS_73
285.5,-88.3,118.3,16,1.8,19,989.5989474,21.69983262,2.944438979,73,800,30,1,UMi_LOS_73
285.6,-89.6,119.6,16.8,4.7,19,989.5984211,21.70648297,2.944438979,73,800,30,1,UMi_LOS_73
285.6,-90.5,120.5,12.3,-3.3,19,989.59,21.71178288,2.944438979,73,800,30,1,UMi_LOS_73
285.6,-89.3,119.3,16.1,-3.6,19,989.5942105,21.73203585,2.944438979,73,800,30,1,UMi_LOS_73
285.6,-88.6,118.6,12.5,-2.9,19,989.5873684,21.73785102,2.944438979,73,800,30,1,UMi_LOS_73
285.6,-89.5,119.5,27.2,2.4,19,989.5863158,21.74658623,2.944438979,73,800,30,1,UMi_LOS_73
285.6,-87.2,117.2,35.5,-3,19,989.5905263,21.76514149,2.944438979,73,800,30,1,UMi_LOS_73
285.6,-89.1,119.1,28.4,-0.2,19,989.5884211,21.77833309,2.944438979,73,800,30,1,UMi_LOS_73
285.6,-90.8,120.8,13,-2.6,19,989.5868421,21.78824093,2.944438979,73,800,30,1,UMi_LOS_73
285.6,-89.6,119.6,20.1,-1,89,1298.593708,245.5587764,4.48863637,73,800,30,1,UMi_LOS_73
285.6,-87.5,117.5,19.9,1.2,19,989.5905263,21.80397223,2.944438979,73,800,30,1,UMi_LOS_73
285.6,-87.8,117.8,28.5,-4.4,19,989.5894737,21.81726078,2.944438979,73,800,30,1,UMi_LOS_73
285.6,-89.9,119.9,12.1,-3.6,19,989.5936842,21.83353582,2.944438979,73,800,30,1,UMi_LOS_73
285.6,-92.3,122.3,15.6,-1.6,19,989.5878947,21.83766967,2.944438979,73,800,30,1,UMi_LOS_73
285.6,-90.6,120.6,11.1,-1,19,989.5852632,21.85268293,2.944438979,73,800,30,1,UMi_LOS_73
285.6,-88.4,118.4,9.7,0.7,19,989.5847368,21.86166107,2.944438979,73,800,30,1,UMi_LOS_73
285.6,-89.5,119.5,20.3,-3.1,19,989.5789474,21.8663252,2.944438979,73,800,30,1,UMi_LOS_73
285.6,-91.7,121.7,8,3.2,19,989.5868421,21.89161028,2.944438979,73,800,30,1,UMi_LOS_73
285.6,-87.3,117.3,15.8,-0.4,19,989.5810526,21.896308,2.944438979,73,800,30,1,UMi_LOS_73
285.6,-87.1,117.1,15.7,0.2,19,989.5857895,21.90978712,2.944438979,73,800,30,1,UMi_LOS_73
285.6,-87.1,117.1,21.7,-3.3,89,1298.594944,245.5616221,4.48863637,73,800,30,1,UMi_LOS_73
285.6,-88.2,118.2,31.3,-1,19,989.5836842,21.92459835,2.944438979,73,800,30,1,UMi_LOS_73
285.6,-88.9,118.9,15.5,-2.7,19,989.5815789,21.9379338,2.944438979,73,800,30,1,UMi_LOS_73
285.6,-90.9,120.9,14.1,-1.5,19,989.5863158,21.95443276,2.944438979,73,800,30,1,UMi_LOS_73
285.6,-88.4,118.4,13.6,-3.6,19,989.5805263,21.96287836,2.944438979,73,800,30,1,UMi_LOS_73
285.6,-89.1,119.1,10.2,7.9,19,989.5731579,21.96933845,2.944438979,73,800,30,1,UMi_LOS_73
285.6,-90.2,120.2,6.7,1.1,19,989.5842105,21.98471223,2.944438979,73,800,30,1,UMi_LOS_73
285.6,-86.9,116.9,12.7,-1.3,19,989.5878947,22.00631383,2.944438979,73,800,30,1,UMi_LOS_73
285.6,-90,120,15.2,-1.4,19,989.5810526,22.01223844,2.944438979,73,800,30,1,UMi_LOS_73
285.6,-91,121,15.3,0.4,19,989.58,22.02178013,2.944438979,73,800,30,1,UMi_LOS_73
285.6,-88.3,118.3,38.4,-1.2,19,989.5736842,22.02693548,2.944438979,73,800,30,1,UMi_LOS_73
285.7,-89.9,119.9,14,0.3,89,1298.596067,245.5621703,4.48863637,73,800,30,1,UMi_LOS_73
285.7,-92.4,122.4,11.5,0.3,19,989.5768421,22.04894103,2.944438979,73,800,30,1,UMi_LOS_73
285.7,-88.9,118.9,12.5,-3.2,19,989.5810526,22.06340884,2.944438979,73,800,30,1,UMi_LOS_73
285.7,-89.9,119.9,11.8,3.6,19,989.5763158,22.06819006,2.944438979,73,800,30,1,UMi_LOS_73
285.7,-85.7,115.7,29.7,-1.7,19,989.5810526,22.08637134,2.944438979,73,800,30,1,UMi_LOS_73
285.7,-88.6,118.6,27.5,-1.7,19,989.58,22.09598844,2.944438979,73,800,30,1,UMi_LOS_73
285.7,-88.1,118.1,12.2,-0.6,19,989.5789474,22.10855559,2.944438979,73,800,30,1,UMi_LOS_73
285.7,-88.7,118.7,14.4,2.5,19,989.5763158,22.12418187,2.944438979,73,800,30,1,UMi_LOS_73
285.7,-91.9,121.9,22.4,1.2,19,989.5757895,22.13317689,2.944438979,73,800,30,1,UMi_LOS_73
285.7,-86.3,116.3,17.6,6.4,19,989.5747368,22.14361863,2.944438979,73,800,30,1,UMi_LOS_73
285.7,-88.1,118.1,13.7,10.2,19,989.5736842,22.15807022,2.944438979,73,800,30,1,UMi_LOS_73
285.7,-89.8,119.8,12.6,-2.1,89,1298.595169,245.5580714,4.48863637,73,800,30,1,UMi_LOS_73
285.7,-90.5,120.5,14.7,0.7,19,989.5731579,22.17049131,2.944438979,73,800,30,1,UMi_LOS_73
285.7,-89.1,119.1,20.6,3.5,19,989.5773684,22.18267196,2.944438979,73,800,30,1,UMi_LOS_73
285.7,-87.8,117.8,12,-2.9,19,989.5710526,22.1884543,2.944438979,73,800,30,1,UMi_LOS_73
285.7,-91,121,22.4,-1.2,19,989.5652632,22.1974658,2.944438979,73,800,30,1,UMi_LOS_73
285.7,-86.6,116.6,9.7,-1.8,19,989.58,22.22654956,2.944438979,73,800,30,1,UMi_LOS_73
285.7,-89.3,119.3,11.6,8.1,19,989.5747368,22.23145859,2.944438979,73,800,30,1,UMi_LOS_73
285.7,-86.4,116.4,16.3,5.4,19,989.5726316,22.24716371,2.944438979,73,800,30,1,UMi_LOS_73
285.7,-88.4,118.4,6.8,4.9,19,989.5721053,22.25568516,2.944438979,73,800,30,1,UMi_LOS_73
285.7,-92.1,122.1,16.7,-3.1,19,989.5663158,22.26150376,2.944438979,73,800,30,1,UMi_LOS_73
285.7,-91,121,13.5,-0.9,19,989.5752632,22.28592295,2.944438979,73,800,30,1,UMi_LOS_73
285.7,-93.2,123.2,25.1,-1.1,89,1298.595056,245.5567297,4.48863637,73,800,30,1,UMi_LOS_73
285.8,-89.2,119.2,24.4,0.1,19,989.57,22.29090704,2.944438979,73,800,30,1,UMi_LOS_73
285.8,-89.1,119.1,14.2,-2.4,19,989.5747368,22.30459083,2.944438979,73,800,30,1,UMi_LOS_73
285.8,-90.7,120.7,25.4,-1.2,19,989.5694737,22.30997499,2.944438979,73,800,30,1,UMi_LOS_73
285.8,-89.1,119.1,29.1,1.1,19,989.5684211,22.32460061,2.944438979,73,800,30,1,UMi_LOS_73
285.8,-84.5,114.5,17.4,2.2,19,989.5673684,22.3363852,2.944438979,73,800,30,1,UMi_LOS_73
285.8,-89,119,24.3,1.8,19,989.5668421,22.34948181,2.944438979,73,800,30,1,UMi_LOS_73
285.8,-88.6,118.6,19.3,0,19,989.5657895,22.36372046,2.944438979,73,800,30,1,UMi_LOS_73
285.8,-89.4,119.4,20.9,-5.3,19,989.5642105,22.37281323,2.944438979,73,800,30,1,UMi_LOS_73
285.8,-86.8,116.8,20.2,0.6,19,989.5694737,22.38775052,2.944438979,73,800,30,1,UMi_LOS_73
285.8,-87.8,117.8,7.1,-1.5,19,989.5736842,22.40877887,2.944438979,73,800,30,1,UMi_LOS_73
285.8,-91.8,121.8,18.6,-1.8,89,1298.59618,245.5597155,4.48863637,73,800,30,1,UMi_LOS_73
285.8,-91,121,23.2,-3.8,19,989.5678947,22.4143245,2.944438979,73,800,30,1,UMi_LOS_73
285.8,-90.8,120.8,17.8,-2.4,19,989.5678947,22.42357138,2.944438979,73,800,30,1,UMi_LOS_73
285.8,-89.5,119.5,17.7,-2.1,19,989.5605263,22.42989464,2.944438979,73,800,30,1,UMi_LOS_73
285.8,-92.7,122.7,8.3,7.7,19,989.5615789,22.44267745,2.944438979,73,800,30,1,UMi_LOS_73
285.8,-88.9,118.9,13.9,-0.7,19,989.5721053,22.46401909,2.944438979,73,800,30,1,UMi_LOS_73
285.8,-90.3,120.3,18,0.2,19,989.5647368,22.46810051,2.944438979,73,800,30,1,UMi_LOS_73
285.8,-87.8,117.8,20.3,-1.5,19,989.57,22.49022782,2.944438979,73,800,30,1,UMi_LOS_73
285.8,-89.5,119.5,19,0,19,989.5647368,22.49527444,2.944438979,73,800,30,1,UMi_LOS_73
285.9,-90.2,120.2,6.8,6.1,19,989.5631579,22.50534932,2.944438979,73,800,30,1,UMi_LOS_73
285.9,-87.3,117.3,1.3,5.7,19,989.5626316,22.5179729,2.944438979,73,800,30,1,UMi_LOS_73
285.9,-88,118,15.2,-5.8,89,1298.597416,245.5606324,4.48863637,73,800,30,1,UMi_LOS_73
285.9,-90.8,120.8,11.3,-3.1,19,989.5626316,22.5319978,2.944438979,73,800,30,1,UMi_LOS_73
285.9,-87.9,117.9,11,-1.1,19,989.5626316,22.54244834,2.944438979,73,800,30,1,UMi_LOS_73
285.9,-89.6,119.6,13.2,-4,19,989.5610526,22.55254027,2.944438979,73,800,30,1,UMi_LOS_73
285.9,-87.3,117.3,14.9,-3.3,19,989.5610526,22.56701363,2.944438979,73,800,30,1,UMi_LOS_73
285.9,-91.9,121.9,14.1,-5,19,989.5657895,22.58239797,2.944438979,73,800,30,1,UMi_LOS_73
285.9,-93.6,123.6,10.6,-0.5,19,989.5657895,22.59126061,2.944438979,73,800,30,1,UMi_LOS_73
285.9,-89,119,13.9,-4.7,19,989.5589474,22.60143822,2.944438979,73,800,30,1,UMi_LOS_73
285.9,-88.5,118.5,16.1,-7,19,989.5589474,22.61503224,2.944438979,73,800,30,1,UMi_LOS_73
285.9,-83.7,113.7,15.4,-6.1,19,989.5589474,22.62529741,2.944438979,73,800,30,1,UMi_LOS_73
285.9,-89,119,12.1,-3.2,19,989.5631579,22.64158472,2.944438979,73,800,30,1,UMi_LOS_73
285.9,-93.2,123.2,13.5,-4.5,89,1298.598539,245.5608446,4.48863637,73,800,30,1,UMi_LOS_73
285.9,-87.5,117.5,16.5,-4.7,19,989.5631579,22.65598632,2.944438979,73,800,30,1,UMi_LOS_73
285.9,-88.7,118.7,15.7,-3.2,19,989.5589474,22.66074136,2.944438979,73,800,30,1,UMi_LOS_73
285.9,-87.2,117.2,12.7,2.6,19,989.5621053,22.67430695,2.944438979,73,800,30,1,UMi_LOS_73
285.9,-89.3,119.3,9.6,-1.5,19,989.5621053,22.68837207,2.944438979,73,800,30,1,UMi_LOS_73
286,-90.2,120.2,12.7,1.7,19,989.5621053,22.70117771,2.944438979,73,800,30,1,UMi_LOS_73
286,-89,119,19.2,-4.5,19,989.5557895,22.70640585,2.944438979,73,800,30,1,UMi_LOS_73
286,-86.8,116.8,14.1,-4.6,19,989.5615789,22.72067393,2.944438979,73,800,30,1,UMi_LOS_73
286,-85.7,115.7,16.2,-7.4,19,989.5568421,22.72958217,2.944438979,73,800,30,1,UMi_LOS_73
286,-85.3,115.3,15.5,-3.9,19,989.5563158,22.74300753,2.944438979,73,800,30,1,UMi_LOS_73
286,-89.9,119.9,14.7,-3.3,19,989.5552632,22.7555935,2.944438979,73,800,30,1,UMi_LOS_73
286,-87.7,117.7,18.5,-6.2,89,1298.60191,245.561838,4.48863637,73,800,30,1,UMi_LOS_73
286,-87.5,117.5,16.4,-5.8,19,989.5552632,22.76524321,2.944438979,73,800,30,1,UMi_LOS_73
286,-85.3,115.3,16.2,-2.1,19,989.5610526,22.78254477,2.944438979,73,800,30,1,UMi_LOS_73
286,-85.4,115.4,11.6,-3.3,19,989.5547368,22.78820664,2.944438979,73,800,30,1,UMi_LOS_73
286,-87.1,117.1,10.7,-2,19,989.5542105,22.79910855,2.944438979,73,800,30,1,UMi_LOS_73
286,-90,120,14.2,-5.4,19,989.5647368,22.82469493,2.944438979,73,800,30,1,UMi_LOS_73
286,-93.8,123.8,11.3,-2.2,19,989.5584211,22.83070054,2.944438979,73,800,30,1,UMi_LOS_73
286,-89.2,119.2,13.9,-3,19,989.5542105,22.83571264,2.944438979,73,800,30,1,UMi_LOS_73
286,-88.1,118.1,11,-4.8,19,989.5478947,22.84129054,2.944438979,73,800,30,1,UMi_LOS_73
286,-90.1,120.1,14.2,-2.2,19,989.5484211,22.8537594,2.944438979,73,800,30,1,UMi_LOS_73
286.1,-86.4,116.4,15.9,-4.3,19,989.5489474,22.86660376,2.944438979,73,800,30,1,UMi_LOS_73
286.1,-85,115,19.5,-3.4,89,1298.56236,245.5506284,4.48863637,73,800,30,1,UMi_LOS_73
286.1,-88.7,118.7,21.5,-4.1,89,1298.604157,245.5627122,4.48863637,73,800,30,1,UMi_LOS_73
286.1,-91.1,121.1,14.8,-2.5,19,989.5584211,22.88773684,2.944438979,73,800,30,1,UMi_LOS_73
286.1,-88.1,118.1,15.2,0.2,3,960.5733333,2.220890712,1.098612289,73,800,30,1,UMi_LOS_73
286.1,-90.6,120.6,14.6,-2.9,3.000000001,960.5733333,2.220890712,1.098612289,73,800,30,1,UMi_LOS_73
286.1,-87.2,117.2,12.8,-5.9,3,960.5766667,2.216819544,1.098612289,73,800,30,1,UMi_LOS_73
286.1,-92.7,122.7,16.1,-0.3,3,960.58,2.212750927,1.098612289,73,800,30,1,UMi_LOS_73
286.1,-88.8,118.8,17,-4.1,3,960.5833333,2.208684878,1.098612289,73,800,30,1,UMi_LOS_73
286.1,-93.9,123.9,12.7,-4.2,3,960.5866667,2.204621409,1.098612289,73,800,30,1,UMi_LOS_73
286.1,-85.4,115.4,16,-6.6,3,960.59,2.200560535,1.098612289,73,800,30,1,UMi_LOS_73
286.1,-91.1,121.1,15.5,-4.3,3,960.5933333,2.19650227,1.098612289,73,800,30,1,UMi_LOS_73
286.1,-85.6,115.6,14.3,-2.7,3,960.5966667,2.192446629,1.098612289,73,800,30,1,UMi_LOS_73
286.1,-86.7,116.7,17.1,-0.9,89,1298.602022,245.5622089,4.48863637,73,800,30,1,UMi_LOS_73
286.2,-88.8,118.8,12.7,-3.5,3,960.6,2.188393627,1.098612289,73,800,30,1,UMi_LOS_73
286.2,-88,118,15.5,-3.4,3,960.6033333,2.184343278,1.098612289,73,800,30,1,UMi_LOS_73
286.2,-90.2,120.2,9.8,-0.2,3.000000001,960.6066667,2.180295597,1.098612289,73,800,30,1,UMi_LOS_73
286.2,-93.6,123.6,13.1,-3.4,3,960.61,2.176250598,1.098612289,73,800,30,1,UMi_LOS_73
286.2,-90.6,120.6,19.9,-4.6,3,960.6133333,2.172208298,1.098612289,73,800,30,1,UMi_LOS_73
286.2,-87.2,117.2,16.9,-3.9,3,960.6166667,2.16816871,1.098612289,73,800,30,1,UMi_LOS_73
286.2,-92.4,122.4,12.3,-2,3,960.62,2.164131851,1.098612289,73,800,30,1,UMi_LOS_73
286.2,-89.6,119.6,16.9,-0.5,3,960.62,2.164131851,1.098612289,73,800,30,1,UMi_LOS_73
286.2,-90.8,120.8,16.7,-3.9,3,960.6233333,2.160097734,1.098612289,73,800,30,1,UMi_LOS_73
286.2,-90.3,120.3,9.1,0.9,3,960.6266667,2.156066377,1.098612289,73,800,30,1,UMi_LOS_73
286.2,-88.5,118.5,15,-7,89,1298.604607,245.5641974,4.48863637,73,800,30,1,UMi_LOS_73
286.2,-93.1,123.1,12.7,-3.8,3,960.6333333,2.156174596,1.098612289,73,800,30,1,UMi_LOS_73
286.2,-88,118,13.9,-2.4,3,960.6366667,2.152151378,1.098612289,73,800,30,1,UMi_LOS_73
286.2,-84.3,114.3,16.8,-1.1,3,960.64,2.148130971,1.098612289,73,800,30,1,UMi_LOS_73
286.3,-89.8,119.8,16.4,-4.7,3,960.6433333,2.144113388,1.098612289,73,800,30,1,UMi_LOS_73
286.3,-91.2,121.2,12.4,-3.4,3,960.6466667,2.140098648,1.098612289,73,800,30,1,UMi_LOS_73
286.3,-87,117,15.1,-5.1,3,960.65,2.136086765,1.098612289,73,800,30,1,UMi_LOS_73
286.3,-87.9,117.9,17.7,2.7,3,960.6533333,2.132077756,1.098612289,73,800,30,1,UMi_LOS_73
286.3,-89.7,119.7,13.6,-2.9,3,960.6566667,2.128071636,1.098612289,73,800,30,1,UMi_LOS_73
286.3,-92.9,122.9,14.2,-1.3,3,960.66,2.124068423,1.098612289,73,800,30,1,UMi_LOS_73
286.3,-86.5,116.5,16,-4.5,3,960.6633333,2.120068133,1.098612289,73,800,30,1,UMi_LOS_73
286.3,-87.7,117.7,16.7,-3.1,89,1298.604382,245.5655828,4.48863637,73,800,30,1,UMi_LOS_73
286.3,-88.8,118.8,14.3,-1.9,3.000000002,960.6666667,2.116070782,1.098612289,73,800,30,1,UMi_LOS_73
286.3,-89.5,119.5,13,-2.9,3,960.67,2.112076388,1.098612289,73,800,30,1,UMi_LOS_73
286.3,-92.3,122.3,16.3,-4.1,3.000000002,960.6733333,2.108084966,1.098612289,73,800,30,1,UMi_LOS_73
286.3,-84.7,114.7,16.9,-0.4,3,960.6766667,2.104096533,1.098612289,73,800,30,1,UMi_LOS_73
286.3,-91.8,121.8,17.8,-4.8,3,960.68,2.100111108,1.098612289,73,800,30,1,UMi_LOS_73
286.4,-82.4,112.4,18.8,-5.7,3,960.6833333,2.096128707,1.098612289,73,800,30,1,UMi_LOS_73
286.4,-85.8,115.8,16.2,-2.5,3,960.6866667,2.092149347,1.098612289,73,800,30,1,UMi_LOS_73
286.4,-86.1,116.1,18.2,-5.1,3,960.69,2.088173045,1.098612289,73,800,30,1,UMi_LOS_73
286.4,-87.7,117.7,16.6,-5.2,3,960.6933333,2.08419982,1.098612289,73,800,30,1,UMi_LOS_73
286.4,-94.3,124.3,14.9,-2.4,3,960.6966667,2.080229688,1.098612289,73,800,30,1,UMi_LOS_73
286.4,-87,117,12.1,-3,89,1298.605281,245.564706,4.48863637,73,800,30,1,UMi_LOS_73
286.4,-93.6,123.6,10.5,-3.9,3,960.7,2.076262668,1.098612289,73,800,30,1,UMi_LOS_73
286.4,-90.7,120.7,14,-2.9,3,960.7033333,2.072298777,1.098612289,73,800,30,1,UMi_LOS_73
286.4,-81.2,111.2,18.1,-5.5,3.000000001,960.7066667,2.068338034,1.098612289,73,800,30,1,UMi_LOS_73
286.4,-88.8,118.8,14.9,-6.1,3.000000001,960.71,2.064380456,1.098612289,73,800,30,1,UMi_LOS_73
286.4,-83.6,113.6,13.4,-1.1,3.000000001,960.7133333,2.060426062,1.098612289,73,800,30,1,UMi_LOS_73
286.4,-88.2,118.2,13.7,1.4,3,960.7166667,2.05647487,1.098612289,73,800,30,1,UMi_LOS_73
286.5,-84.7,114.7,12.2,1.5,3,960.72,2.052526898,1.098612289,73,800,30,1,UMi_LOS_73
286.5,-90.4,120.4,13.1,5.1,3,960.7233333,2.048582166,1.098612289,73,800,30,1,UMi_LOS_73
286.5,-92.7,122.7,13.3,-3.7,3,960.7266667,2.044640691,1.098612289,73,800,30,1,UMi_LOS_73
286.5,-88.4,118.4,15.6,-1,3.000000001,960.73,2.040702493,1.098612289,73,800,30,1,UMi_LOS_73
286.5,-87.7,117.7,12.6,-0.2,89,1298.602135,245.5642878,4.48863637,73,800,30,1,UMi_LOS_73
286.5,-92,122,13,-2.3,3,960.7333333,2.036767592,1.098612289,73,800,30,1,UMi_LOS_73
286.5,-89.3,119.3,14.2,-5.3,3,960.7366667,2.032836005,1.098612289,73,800,30,1,UMi_LOS_73
286.5,-92.4,122.4,11,-4.4,3,960.74,2.028907752,1.098612289,73,800,30,1,UMi_LOS_73
286.5,-91.5,121.5,13.5,-2.7,3,960.7466667,2.021061327,1.098612289,73,800,30,1,UMi_LOS_73
286.5,-86,116,9,-0.6,3,960.75,2.017143194,1.098612289,73,800,30,1,UMi_LOS_73
286.5,-84.1,114.1,16.3,-6.1,3,960.7533333,2.013228474,1.098612289,73,800,30,1,UMi_LOS_73
286.5,-86.8,116.8,14,1.4,3,960.7566667,2.009317186,1.098612289,73,800,30,1,UMi_LOS_73
286.6,-91.3,121.3,13.9,-1.5,3.000000001,960.76,2.005409351,1.098612289,73,800,30,1,UMi_LOS_73
286.6,-87,117,11.1,-1,3,960.7633333,2.001504989,1.098612289,73,800,30,1,UMi_LOS_73
286.6,-89.9,119.9,13.4,-4.4,3,960.7666667,1.99760412,1.098612289,73,800,30,1,UMi_LOS_73
286.6,-91.5,121.5,2.9,-0.5,89,1298.605506,245.5643321,4.48863637,73,800,30,1,UMi_LOS_73
286.6,-88.9,118.9,2.3,2.7,3,960.77,1.993706765,1.098612289,73,800,30,1,UMi_LOS_73
286.6,-85,115,2.3,-1.5,3,960.7733333,1.989812945,1.098612289,73,800,30,1,UMi_LOS_73
286.6,-89.5,119.5,3.2,0.3,3,960.7766667,1.98592268,1.098612289,73,800,30,1,UMi_LOS_73
286.6,-86.2,116.2,2.9,3.5,3,960.78,1.98203599,1.098612289,73,800,30,1,UMi_LOS_73
286.6,-88.3,118.3,2.3,-0.1,3,960.7833333,1.978152898,1.098612289,73,800,30,1,UMi_LOS_73
286.6,-86.4,116.4,3.5,0.9,3.000000003,960.7866667,1.974273424,1.098612289,73,800,30,1,UMi_LOS_73
286.6,-94.2,124.2,2.5,-1.1,3,960.79,1.970397591,1.098612289,73,800,30,1,UMi_LOS_73
286.7,-92.3,122.3,3,3.5,3.000000001,960.7933333,1.966525419,1.098612289,73,800,30,1,UMi_LOS_73
286.7,-88.8,118.8,2.2,-1.6,3.000000001,960.8,1.958792145,1.098612289,73,800,30,1,UMi_LOS_73
286.7,-91.9,121.9,2.9,1.1,3,960.8033333,1.954931087,1.098612289,73,800,30,1,UMi_LOS_73
286.7,-87.1,117.1,3.5,-1.8,89,1298.603371,245.5642533,4.48863637,73,800,30,1,UMi_LOS_73
286.7,-92.6,122.6,3.4,1.2,3,960.8066667,1.951073778,1.098612289,73,800,30,1,UMi_LOS_73
286.7,-92.2,122.2,3.7,-0.9,3,960.81,1.947220241,1.098612289,73,800,30,1,UMi_LOS_73
286.7,-89.3,119.3,1.6,4.8,3,960.8133333,1.943370497,1.098612289,73,800,30,1,UMi_LOS_73
286.7,-93.6,123.6,2,0.9,3,960.8166667,1.939524569,1.098612289,73,800,30,1,UMi_LOS_73
286.7,-88.7,118.7,3.2,1,3,960.82,1.935682481,1.098612289,73,800,30,1,UMi_LOS_73
286.7,-85.5,115.5,2,-1.5,3,960.8233333,1.931844254,1.098612289,73,800,30,1,UMi_LOS_73
286.8,-86,116,2.6,2.4,3,960.8266667,1.928009912,1.098612289,73,800,30,1,UMi_LOS_73
286.8,-82.3,112.3,2.5,3.4,3,960.83,1.924179479,1.098612289,73,800,30,1,UMi_LOS_73
286.8,-87.2,117.2,2.6,-0.9,3,960.8366667,1.91653043,1.098612289,73,800,30,1,UMi_LOS_73
286.8,-81.8,111.8,2.8,-0.3,3,960.84,1.912711862,1.098612289,73,800,30,1,UMi_LOS_73
286.8,-85.8,115.8,3.1,3.2,89,1298.604494,245.5655258,4.48863637,73,800,30,1,UMi_LOS_73
286.8,-88.7,118.7,2.8,2,3,960.8433333,1.908897297,1.098612289,73,800,30,1,UMi_LOS_73
286.8,-86.7,116.7,3.6,-0.4,3,960.8466667,1.905086758,1.098612289,73,800,30,1,UMi_LOS_73
286.8,-93.6,123.6,2.5,-1,3,960.85,1.90128027,1.098612289,73,800,30,1,UMi_LOS_73
286.8,-86.9,116.9,2.3,5,3,960.8533333,1.897477858,1.098612289,73,800,30,1,UMi_LOS_73
286.8,-88.9,118.9,2.8,-0.8,3,960.8566667,1.893679546,1.098612289,73,800,30,1,UMi_LOS_73
286.8,-96.1,126.1,2.3,1.4,3.000000001,960.86,1.889885358,1.098612289,73,800,30,1,UMi_LOS_73
286.9,-86.6,116.6,2.9,-0.1,3,960.8666667,1.882309456,1.098612289,73,800,30,1,UMi_LOS_73
286.9,-87.8,117.8,2.4,1.9,3,960.87,1.878527792,1.098612289,73,800,30,1,UMi_LOS_73
286.9,-87,117,2.5,2.1,3,960.8733333,1.874750354,1.098612289,73,800,30,1,UMi_LOS_73
286.9,-88.9,118.9,2.8,-2.4,3,960.8766667,1.870977166,1.098612289,73,800,30,1,UMi_LOS_73
286.9,-88,118,1.3,6.2,89,1298.60427,245.5660015,4.48863637,73,800,30,1,UMi_LOS_73
286.9,-88.3,118.3,2.7,-0.3,3,960.88,1.867208255,1.098612289,73,800,30,1,UMi_LOS_73
286.9,-85,115,2.8,-1.3,3,960.8833333,1.863443646,1.098612289,73,800,30,1,UMi_LOS_73
286.9,-77.1,107.1,2.7,1.7,3,960.8866667,1.859683366,1.098612289,73,800,30,1,UMi_LOS_73
286.9,-93.3,123.3,2,7,3,960.8933333,1.852175898,1.098612289,73,800,30,1,UMi_LOS_73
286.9,-93.9,123.9,2.1,2.7,3,960.8966667,1.848428762,1.098612289,73,800,30,1,UMi_LOS_73
287,-89.8,119.8,0.9,11.3,3,960.9,1.844686062,1.098612289,73,800,30,1,UMi_LOS_73
287,-84.3,114.3,2,-0.4,3.000000002,960.9033333,1.840947824,1.098612289,73,800,30,1,UMi_LOS_73
287,-90.7,120.7,2.8,-3.1,3,960.9033333,1.832854483,1.098612289,73,800,30,1,UMi_LOS_73
287,-91.1,121.1,2.3,6.2,3,960.9066667,1.829122437,1.098612289,73,800,30,1,UMi_LOS_73
287,-85.5,115.5,3.1,-3.5,3.000000001,960.91,1.825394934,1.098612289,73,800,30,1,UMi_LOS_73
287,-79.4,109.4,3.4,1.9,89,1298.563596,245.5509802,4.48863637,73,800,30,1,UMi_LOS_73
287,-88.7,118.7,2,-1.1,89,1298.604382,245.5658356,4.48863637,73,800,30,1,UMi_LOS_73
287,-87.9,117.9,2.7,1.2,22,1110.052273,62.75805475,3.091042453,73,800,30,1,UMi_LOS_73
287,-94.7,124.7,2.4,-1.3,47,1061.71617,65.78667865,3.850147602,73,800,30,1,UMi_LOS_73
287.1,-86.9,116.9,3.2,-3,47,1061.702553,65.77980009,3.850147602,73,800,30,1,UMi_LOS_73
287.1,-97.5,127.5,2.2,6.2,47,1061.705532,65.78534952,3.850147602,73,800,30,1,UMi_LOS_73
287.1,-92.1,122.1,2.5,-2.4,47,1061.695745,65.77727732,3.850147602,73,800,30,1,UMi_LOS_73
287.1,-95.9,125.9,1.7,2.1,47,1061.692128,65.77401504,3.850147602,73,800,30,1,UMi_LOS_73
287.1,-86.2,116.2,3.4,-2.4,47,1061.686809,65.77534994,3.850147602,73,800,30,1,UMi_LOS_73
287.1,-88.8,118.8,1.8,2.4,47,1061.68766,65.77492736,3.850147602,73,800,30,1,UMi_LOS_73
287.1,-88.8,118.8,1.7,1.1,47,1061.669787,65.76912176,3.850147602,73,800,30,1,UMi_LOS_73
287.1,-87.6,117.6,3.6,-0.4,47,1061.666383,65.76943678,3.850147602,73,800,30,1,UMi_LOS_73
287.1,-95.2,125.2,2.1,0.8,89,1298.606854,245.5701184,4.48863637,73,800,30,1,UMi_LOS_73
287.2,-91.6,121.6,2.7,5.5,47,1061.667872,65.76433302,3.850147602,73,800,30,1,UMi_LOS_73
287.2,-83.7,113.7,2.6,1.9,47,1061.661915,65.76581666,3.850147602,73,800,30,1,UMi_LOS_73
287.2,-95.3,125.3,1.8,-0.1,47,1061.657021,65.7635957,3.850147602,73,800,30,1,UMi_LOS_73
287.2,-86.5,116.5,1.8,-1.1,47,1061.649362,65.75605182,3.850147602,73,800,30,1,UMi_LOS_73
287.2,-81.2,111.2,2.8,3.2,47,1061.64383,65.75326781,3.850147602,73,800,30,1,UMi_LOS_73
287.2,-90.9,120.9,2.2,-0.5,47,1061.643404,65.75718462,3.850147602,73,800,30,1,UMi_LOS_73
287.2,-91.5,121.5,2.6,-0.5,47,1061.635957,65.75115097,3.850147602,73,800,30,1,UMi_LOS_73
287.2,-82.2,112.2,1.1,7.5,47,1061.628085,65.74649719,3.850147602,73,800,30,1,UMi_LOS_73
287.2,-91.9,121.9,3.3,0.7,47,1061.627234,65.74425022,3.850147602,73,800,30,1,UMi_LOS_73
287.2,-88.2,118.2,1.6,-0.7,47,1061.621277,65.74943849,3.850147602,73,800,30,1,UMi_LOS_73
287.3,-90.2,120.2,2.2,1.1,89,1298.607865,245.569648,4.48863637,73,800,30,1,UMi_LOS_73
287.3,-87.5,117.5,2.9,1.4,47,1061.618511,65.74511864,3.850147602,73,800,30,1,UMi_LOS_73
287.3,-82.4,112.4,2.9,-2.2,47,1061.612553,65.74514597,3.850147602,73,800,30,1,UMi_LOS_73
287.3,-89.1,119.1,1.3,8.1,47,1061.607447,65.74878206,3.850147602,73,800,30,1,UMi_LOS_73
287.3,-90.3,120.3,3.1,-2.3,47,1061.588511,65.73946443,3.850147602,73,800,30,1,UMi_LOS_73
287.3,-91.6,121.6,2.9,2,47,1061.594255,65.73788874,3.850147602,73,800,30,1,UMi_LOS_73
287.3,-84.7,114.7,2.5,-0.2,47,1061.588511,65.73785415,3.850147602,73,800,30,1,UMi_LOS_73
287.3,-88.6,118.6,3.6,-1.3,47,1061.589362,65.7398456,3.850147602,73,800,30,1,UMi_LOS_73
287.4,-94.8,124.8,3.1,-3.7,47,1061.581915,65.73140234,3.850147602,73,800,30,1,UMi_LOS_73
287.4,-92.7,122.7,2.9,-0.6,47,1061.576596,65.72989356,3.850147602,73,800,30,1,UMi_LOS_73
287.4,-88.4,118.4,2,1.1,47,1061.573404,65.73146545,3.850147602,73,800,30,1,UMi_LOS_73
287.4,-91.3,121.3,1.3,11,89,1298.607865,245.5677527,4.48863637,73,800,30,1,UMi_LOS_73
287.4,-91.8,121.8,2.4,1.9,47,1061.563617,65.72419534,3.850147602,73,800,30,1,UMi_LOS_73
287.4,-89.3,119.3,3.1,-0.7,47,1061.560213,65.72358133,3.850147602,73,800,30,1,UMi_LOS_73
287.4,-93.5,123.5,2.6,0.9,47,1061.554894,65.7265664,3.850147602,73,800,30,1,UMi_LOS_73
287.4,-89.8,119.8,2.5,-1.5,47,1061.55383,65.72726432,3.850147602,73,800,30,1,UMi_LOS_73
287.4,-94.7,124.7,2,2.1,47,1061.551277,65.71337383,3.850147602,73,800,30,1,UMi_LOS_73
287.5,-94.6,124.6,1.6,4.9,47,1061.547021,65.71430224,3.850147602,73,800,30,1,UMi_LOS_73
287.5,-96.7,126.7,3.6,0.9,47,1061.544468,65.72234125,3.850147602,73,800,30,1,UMi_LOS_73
287.5,-86.8,116.8,3.2,-0.3,47,1061.541277,65.71831995,3.850147602,73,800,30,1,UMi_LOS_73
287.5,-91.4,121.4,2.6,1.9,47,1061.531489,65.71157219,3.850147602,73,800,30,1,UMi_LOS_73
287.5,-93.1,123.1,2.2,0.6,47,1061.520213,65.70358345,3.850147602,73,800,30,1,UMi_LOS_73
287.5,-89.9,119.9,3.5,-1.6,89,1298.607753,245.5679513,4.48863637,73,800,30,1,UMi_LOS_73
287.5,-90,120,1.8,2.4,47,1061.53383,65.71549273,3.850147602,73,800,30,1,UMi_LOS_73
287.5,-95.4,125.4,2.3,0.8,47,1061.515957,65.70656548,3.850147602,73,800,30,1,UMi_LOS_73
287.6,-86.4,116.4,1.8,3.1,47,1061.519574,65.70664512,3.850147602,73,800,30,1,UMi_LOS_73
287.6,-80.9,110.9,1.7,2.1,47,1061.522766,65.71029974,3.850147602,73,800,30,1,UMi_LOS_73
287.6,-87.8,117.8,2.7,-0.3,47,1061.506383,65.70065337,3.850147602,73,800,30,1,UMi_LOS_73
287.6,-90,120,1.9,3.1,47,1061.502128,65.69945561,3.850147602,73,800,30,1,UMi_LOS_73
287.6,-89.8,119.8,2.8,-0.9,47,1061.504681,65.70475921,3.850147602,73,800,30,1,UMi_LOS_73
287.6,-93.9,123.9,1.7,0.7,47,1061.499574,65.69926982,3.850147602,73,800,30,1,UMi_LOS_73
287.6,-95.5,125.5,2.5,-1.8,47,1061.499362,65.69491513,3.850147602,73,800,30,1,UMi_LOS_73
287.6,-89.6,119.6,18.9,1.5,47,1061.495957,65.69874259,3.850147602,73,800,30,1,UMi_LOS_73
287.7,-87.5,117.5,39,-5.5,89,1298.613483,245.5697999,4.48863637,73,800,30,1,UMi_LOS_73
287.7,-84.5,114.5,23.9,-2.2,47,1061.484681,65.69882401,3.850147602,73,800,30,1,UMi_LOS_73
287.7,-91.7,121.7,22.3,-6.3,47,1061.488298,65.7000994,3.850147602,73,800,30,1,UMi_LOS_73
287.7,-81.8,111.8,20.1,-4.8,47,1061.485319,65.6932791,3.850147602,73,800,30,1,UMi_LOS_73
287.7,-89.7,119.7,13.4,2.4,47,1061.481915,65.69013439,3.850147602,73,800,30,1,UMi_LOS_73
287.7,-91.6,121.6,22,-2.9,47,1061.481702,65.68842954,3.850147602,73,800,30,1,UMi_LOS_73
287.7,-90.7,120.7,42.4,-3.5,47,1061.46766,65.68696384,3.850147602,73,800,30,1,UMi_LOS_73
287.7,-92.2,122.2,23,-1,47,1061.471702,65.68759675,3.850147602,73,800,30,1,UMi_LOS_73
287.8,-84.7,114.7,21.2,-6.2,47,1061.470426,65.68897997,3.850147602,73,800,30,1,UMi_LOS_73
287.8,-81.4,111.4,29.5,-3.9,47,1061.461277,65.68761947,3.850147602,73,800,30,1,UMi_LOS_73
287.8,-93.7,123.7,23.3,-5,47,1061.464894,65.68938869,3.850147602,73,800,30,1,UMi_LOS_73
287.8,-93,123,22,-2.1,89,1298.611348,245.5691132,4.48863637,73,800,30,1,UMi_LOS_73
287.8,-86.6,116.6,26.7,-1.6,47,1061.453617,65.6852301,3.850147602,73,800,30,1,UMi_LOS_73
287.8,-89.1,119.1,27.2,-3.7,47,1061.452979,65.67971175,3.850147602,73,800,30,1,UMi_LOS_73
287.8,-89.7,119.7,33.9,-6.4,47,1061.454468,65.67844738,3.850147602,73,800,30,1,UMi_LOS_73
287.8,-87.7,117.7,25.9,-5.8,47,1061.447447,65.67347372,3.850147602,73,800,30,1,UMi_LOS_73
287.9,-91.8,121.8,29.3,0.7,47,1061.449362,65.67786156,3.850147602,73,800,30,1,UMi_LOS_73
287.9,-88.7,118.7,22.5,-3.3,47,1061.439787,65.6751773,3.850147602,73,800,30,1,UMi_LOS_73
287.9,-90.3,120.3,22.5,-6.4,47,1061.435319,65.67371756,3.850147602,73,800,30,1,UMi_LOS_73
287.9,-86.9,116.9,17.6,3.1,47,1061.438936,65.67878443,3.850147602,73,800,30,1,UMi_LOS_73
287.9,-93.1,123.1,20.9,-2.6,47,1061.434043,65.66886586,3.850147602,73,800,30,1,UMi_LOS_73
287.9,-89,119,26,-6.1,47,1061.441915,65.67288584,3.850147602,73,800,30,1,UMi_LOS_73
287.9,-92.3,122.3,22.8,-0.7,89,1298.608989,245.5698759,4.48863637,73,800,30,1,UMi_LOS_73
287.9,-90.9,120.9,28.6,-0.2,47,1061.434894,65.67076204,3.850147602,73,800,30,1,UMi_LOS_73
288,-91,121,25.8,-3,47,1061.428298,65.67097644,3.850147602,73,800,30,1,UMi_LOS_73
288,-92,122,24.8,-6.4,47,1061.429787,65.6751793,3.850147602,73,800,30,1,UMi_LOS_73
288,-94.8,124.8,16.1,-4,47,1061.422979,65.67201742,3.850147602,73,800,30,1,UMi_LOS_73
288,-91.6,121.6,29,-0.4,47,1061.420426,65.66946643,3.850147602,73,800,30,1,UMi_LOS_73
288,-86.7,116.7,18.2,-4,47,1061.419574,65.67334272,3.850147602,73,800,30,1,UMi_LOS_73
288,-84.7,114.7,17.5,-0.6,47,1061.415532,65.66735174,3.850147602,73,800,30,1,UMi_LOS_73
288,-89.3,119.3,18.4,-4.7,47,1061.412979,65.66291463,3.850147602,73,800,30,1,UMi_LOS_73
288.1,-94.2,124.2,23.2,-6,47,1061.41234,65.66241472,3.850147602,73,800,30,1,UMi_LOS_73
288.1,-88.7,118.7,26.6,2.1,47,1061.41,65.66404667,3.850147602,73,800,30,1,UMi_LOS_73
288.1,-88.7,118.7,22.8,-6.2,89,1298.610337,245.5720976,4.48863637,73,800,30,1,UMi_LOS_73
288.1,-93.9,123.9,25.7,-6.8,47,1061.409574,65.66876365,3.850147602,73,800,30,1,UMi_LOS_73
288.1,-87.3,117.3,25.6,-2.9,47,1061.411064,65.66760448,3.850147602,73,800,30,1,UMi_LOS_73
288.1,-78.5,108.5,38,-0.1,47,1061.404255,65.66167656,3.850147602,73,800,30,1,UMi_LOS_73
288.1,-93.4,123.4,22.2,2.3,47,1061.40234,65.6637908,3.850147602,73,800,30,1,UMi_LOS_73
288.1,-93.5,123.5,34.8,-4.8,47,1061.402128,65.65596688,3.850147602,73,800,30,1,UMi_LOS_73
288.2,-89.1,119.1,18.5,-2.9,47,1061.399787,65.66109452,3.850147602,73,800,30,1,UMi_LOS_73
288.2,-89.4,119.4,23.5,-3.4,47,1061.399362,65.66184314,3.850147602,73,800,30,1,UMi_LOS_73
288.2,-89.6,119.6,26.8,-3.5,47,1061.397021,65.66042841,3.850147602,73,800,30,1,UMi_LOS_73
288.2,-86,116,22.6,3.1,47,1061.39617,65.65942416,3.850147602,73,800,30,1,UMi_LOS_73
288.2,-89.6,119.6,21.6,-3.9,47,1061.400426,65.66233329,3.850147602,73,800,30,1,UMi_LOS_73
288.2,-89.7,119.7,26,-3.5,89,1298.612472,245.5723585,4.48863637,73,800,30,1,UMi_LOS_73
288.2,-87.2,117.2,21.8,-1.6,47,1061.395957,65.65779825,3.850147602,73,800,30,1,UMi_LOS_73
288.3,-88.8,118.8,20.1,-6.1,47,1061.38766,65.65712294,3.850147602,73,800,30,1,UMi_LOS_73
288.3,-90.2,120.2,25,-5.8,47,1061.389574,65.65919569,3.850147602,73,800,30,1,UMi_LOS_73
288.3,-83.5,113.5,26.4,-4.9,47,1061.387021,65.6587159,3.850147602,73,800,30,1,UMi_LOS_73
288.3,-86.5,116.5,27.1,-5.4,47,1061.382553,65.6561288,3.850147602,73,800,30,1,UMi_LOS_73
288.3,-96.4,126.4,20.3,-2.9,47,1061.395745,65.66069302,3.850147602,73,800,30,1,UMi_LOS_73
288.3,-82.4,112.4,23.3,-5.4,47,1061.375745,65.64458257,3.850147602,73,800,30,1,UMi_LOS_73
288.3,-93.1,123.1,20.3,-3.9,47,1061.38234,65.65334271,3.850147602,73,800,30,1,UMi_LOS_73
288.4,-85.1,115.1,25.6,-5.2,47,1061.384255,65.65535174,3.850147602,73,800,30,1,UMi_LOS_73
288.4,-89.8,119.8,21.5,-1.8,47,1061.38234,65.65065054,3.850147602,73,800,30,1,UMi_LOS_73
288.4,-93,123,27.6,-6.2,89,1298.570225,245.5501943,4.48863637,73,800,30,1,UMi_LOS_73
288.4,-87,117,25,-2,89,1298.614944,245.5720811,4.48863637,73,800,30,1,UMi_LOS_73
288.4,-91.9,121.9,27,-4.3,57,1079.394386,71.47568599,4.043051268,73,800,30,1,UMi_LOS_73
288.4,-89.9,119.9,24.7,-3.4,50,1047.7436,64.01942658,3.912023005,73,800,30,1,UMi_LOS_73
288.4,-86.5,116.5,16.3,-3.3,22,1092.522727,66.30102105,3.091042453,73,800,30,1,UMi_LOS_73
288.5,-88,118,24.8,-5.1,22,1092.540909,66.29412876,3.091042453,73,800,30,1,UMi_LOS_73
288.5,-87.9,117.9,13.5,3.7,22,1092.559091,66.27763684,3.091042453,73,800,30,1,UMi_LOS_73
288.5,-86.1,116.1,24,-4.9,22,1092.568182,66.27970611,3.091042453,73,800,30,1,UMi_LOS_73
288.5,-85.5,115.5,19.4,-6.1,22,1092.595455,66.27460419,3.091042453,73,800,30,1,UMi_LOS_73
288.5,-89,119,30.3,-2.7,22,1092.631818,66.27681883,3.091042453,73,800,30,1,UMi_LOS_73
288.5,-89.8,119.8,22.4,-3.6,22,1092.65,66.26966089,3.091042453,73,800,30,1,UMi_LOS_73
288.5,-88.1,118.1,21.9,-4.6,22,1092.654545,66.26570296,3.091042453,73,800,30,1,UMi_LOS_73
288.6,-86.6,116.6,20.5,-3.3,89,1298.614719,245.5732703,4.48863637,73,800,30,1,UMi_LOS_73
288.6,-89.5,119.5,28.5,-5.3,22,1092.686364,66.24765036,3.091042453,73,800,30,1,UMi_LOS_73
288.6,-90.1,120.1,30.3,-2.7,22,1092.695455,66.23948615,3.091042453,73,800,30,1,UMi_LOS_73
288.6,-91.1,121.1,32,-1.9,22,1092.713636,66.24166016,3.091042453,73,800,30,1,UMi_LOS_73
288.6,-87.1,117.1,22.4,-3.1,22,1092.740909,66.23590525,3.091042453,73,800,30,1,UMi_LOS_73
288.6,-90.1,120.1,20.6,-2.9,22,1092.768182,66.23743371,3.091042453,73,800,30,1,UMi_LOS_73
288.6,-92.3,122.3,20.1,-6.1,22,1092.781818,66.21600765,3.091042453,73,800,30,1,UMi_LOS_73
288.7,-86.8,116.8,23.1,-3.3,22,1092.795455,66.21329499,3.091042453,73,800,30,1,UMi_LOS_73
288.7,-86.4,116.4,20.9,-0.8,22,1092.831818,66.20953232,3.091042453,73,800,30,1,UMi_LOS_73
288.7,-89.4,119.4,19.7,4.4,22,1092.845455,66.19591945,3.091042453,73,800,30,1,UMi_LOS_73
288.7,-85.9,115.9,21.9,-1.3,22,1092.868182,66.20259118,3.091042453,73,800,30,1,UMi_LOS_73
288.7,-89.3,119.3,22.3,-5.2,89,1298.616067,245.5746553,4.48863637,73,800,30,1,UMi_LOS_73
288.7,-88.2,118.2,22.6,-6.1,22,1092.9,66.20201178,3.091042453,73,800,30,1,UMi_LOS_73
288.8,-90.9,120.9,30.3,-1.9,22,1092.922727,66.20111872,3.091042453,73,800,30,1,UMi_LOS_73
288.8,-86.2,116.2,27.6,-5.2,22,1092.931818,66.18240213,3.091042453,73,800,30,1,UMi_LOS_73
288.8,-88.7,118.7,23.4,-5.8,22,1092.959091,66.17679255,3.091042453,73,800,30,1,UMi_LOS_73
288.8,-89.4,119.4,27.1,-3.6,22,1092.981818,66.16789002,3.091042453,73,800,30,1,UMi_LOS_73
288.8,-89.9,119.9,23.3,0.9,22,1092.990909,66.1590158,3.091042453,73,800,30,1,UMi_LOS_73
288.8,-86.8,116.8,21.5,-5.4,22,1093.022727,66.16610593,3.091042453,73,800,30,1,UMi_LOS_73
288.8,-89.7,119.7,20.9,-5.6,22,1093.05,66.15938571,3.091042453,73,800,30,1,UMi_LOS_73
288.9,-91.2,121.2,28,-4.4,22,1093.054545,66.15467225,3.091042453,73,800,30,1,UMi_LOS_73
288.9,-87.5,117.5,36.7,-1.4,22,1093.072727,66.14229964,3.091042453,73,800,30,1,UMi_LOS_73
288.9,-88.9,118.9,21.4,-1.5,89,1298.620225,245.5789833,4.48863637,73,800,30,1,UMi_LOS_73
288.9,-88.5,118.5,21.7,-6.1,22,1093.104545,66.14114712,3.091042453,73,800,30,1,UMi_LOS_73
288.9,-89.8,119.8,18.3,-4.1,22,1093.131818,66.12605309,3.091042453,73,800,30,1,UMi_LOS_73
288.9,-88.9,118.9,22.7,-2.3,22,1093.145455,66.13152685,3.091042453,73,800,30,1,UMi_LOS_73
289,-87.4,117.4,14,-2.5,22,1093.172727,66.12704839,3.091042453,73,800,30,1,UMi_LOS_73
289,-90,120,22,-1.4,22,1093.195455,66.11766012,3.091042453,73,800,30,1,UMi_LOS_73
289,-87.6,117.6,23.7,-6.9,22,1093.213636,66.10873478,3.091042453,73,800,30,1,UMi_LOS_73
289,-91.7,121.7,25.6,-3.9,22,1093.236364,66.10798704,3.091042453,73,800,30,1,UMi_LOS_73
289,-90.9,120.9,21,-3.8,22,1093.245455,66.10972097,3.091042453,73,800,30,1,UMi_LOS_73
289,-89.5,119.5,20,-1.4,22,1093.286364,66.10199623,3.091042453,73,800,30,1,UMi_LOS_73
289,-87.8,117.8,39.8,-4.7,22,1093.304545,66.09192962,3.091042453,73,800,30,1,UMi_LOS_73
289.1,-89.7,119.7,28,-5.5,89,1298.621461,245.57632,4.48863637,73,800,30,1,UMi_LOS_73
289.1,-91.3,121.3,28.2,4.7,22,1093.327273,66.0813767,3.091042453,73,800,30,1,UMi_LOS_73
289.1,-88.5,118.5,31.8,5.8,22,1093.345455,66.08426251,3.091042453,73,800,30,1,UMi_LOS_73
289.1,-88.2,118.2,27.2,8.1,22,1093.359091,66.07423277,3.091042453,73,800,30,1,UMi_LOS_73
289.1,-88.8,118.8,18.3,11.5,22,1093.395455,66.06865215,3.091042453,73,800,30,1,UMi_LOS_73
289.1,-90.4,120.4,36.9,-0.9,22,1093.418182,66.07632389,3.091042453,73,800,30,1,UMi_LOS_73
289.2,-86.5,116.5,32.8,-0.6,22,1093.431818,66.07313707,3.091042453,73,800,30,1,UMi_LOS_73
289.2,-89.8,119.8,17.8,10.7,22,1093.463636,66.05688695,3.091042453,73,800,30,1,UMi_LOS_73
289.2,-90.2,120.2,30.1,5.8,22,1093.490909,66.04958818,3.091042453,73,800,30,1,UMi_LOS_73
289.2,-88.2,118.2,33.1,4.3,22,1093.5,66.04436525,3.091042453,73,800,30,1,UMi_LOS_73
289.2,-89.1,119.1,27.8,4.9,22,1093.527273,66.02969843,3.091042453,73,800,30,1,UMi_LOS_73
289.2,-89.2,119.2,24.2,8.3,89,1298.621685,245.5783209,4.48863637,73,800,30,1,UMi_LOS_73
289.3,-88.8,118.8,28.3,6,22,1093.554545,66.02204678,3.091042453,73,800,30,1,UMi_LOS_73
289.3,-90.7,120.7,34.3,1.8,22,1093.577273,66.0298688,3.091042453,73,800,30,1,UMi_LOS_73
289.3,-89.6,119.6,33.1,2.7,22,1093.6,66.01842718,3.091042453,73,800,30,1,UMi_LOS_73
289.3,-89.4,119.4,30.2,3.8,22,1093.613636,66.01652201,3.091042453,73,800,30,1,UMi_LOS_73
289.3,-90.9,120.9,26.8,6.6,22,1093.645455,65.99941961,3.091042453,73,800,30,1,UMi_LOS_73
289.3,-90.4,120.4,23.3,10.4,22,1093.686364,66.00911298,3.091042453,73,800,30,1,UMi_LOS_73
289.4,-89.6,119.6,34.2,4.2,22,1093.690909,66.00554322,3.091042453,73,800,30,1,UMi_LOS_73
289.4,-88.9,118.9,27.1,4.6,22,1093.713636,66.00485034,3.091042453,73,800,30,1,UMi_LOS_73
289.4,-89.2,119.2,44.7,5,22,1093.740909,65.99209773,3.091042453,73,800,30,1,UMi_LOS_73
289.4,-88.7,118.7,33.8,0.8,22,1093.759091,65.98421753,3.091042453,73,800,30,1,UMi_LOS_73
289.4,-88.5,118.5,23.4,8.1,89,1298.620674,245.5777087,4.48863637,73,800,30,1,UMi_LOS_73
289.4,-89.2,119.2,26.8,5.5,22,1093.777273,65.97857732,3.091042453,73,800,30,1,UMi_LOS_73
289.5,-88.8,118.8,20.3,10.9,22,1093.804545,65.99095308,3.091042453,73,800,30,1,UMi_LOS_73
289.5,-88.5,118.5,30.7,5.5,22,1093.836364,65.96320287,3.091042453,73,800,30,1,UMi_LOS_73
289.5,-89.5,119.5,19.1,10.3,22,1093.863636,65.97583267,3.091042453,73,800,30,1,UMi_LOS_73
289.5,-89.2,119.2,27.5,5.1,22,1093.881818,65.97083816,3.091042453,73,800,30,1,UMi_LOS_73
289.5,-88.8,118.8,17.4,11.6,22,1093.890909,65.95360566,3.091042453,73,800,30,1,UMi_LOS_73
289.5,-88.6,118.6,32.4,3.1,22,1093.913636,65.93625224,3.091042453,73,800,30,1,UMi_LOS_73
289.6,-89.1,119.1,22.5,9.2,22,1093.945455,65.9543694,3.091042453,73,800,30,1,UMi_LOS_73
289.6,-89.1,119.1,15.9,11.7,22,1093.968182,65.94400094,3.091042453,73,800,30,1,UMi_LOS_73
289.6,-89,119,19.4,10.5,22,1093.990909,65.93278195,3.091042453,73,800,30,1,UMi_LOS_73
289.6,-88.8,118.8,23.8,8.2,89,1298.622697,245.5779042,4.48863637,73,800,30,1,UMi_LOS_73
289.6,-88.9,118.9,24.8,7.5,22,1094.009091,65.92941756,3.091042453,73,800,30,1,UMi_LOS_73
289.6,-89,119,21.2,8.7,22,1094.040909,65.92026629,3.091042453,73,800,30,1,UMi_LOS_73
289.7,-88.9,118.9,28.3,4.5,22,1094.054545,65.91659832,3.091042453,73,800,30,1,UMi_LOS_73
289.7,-89.1,119.1,22.3,8.9,22,1094.090909,65.92121957,3.091042453,73,800,30,1,UMi_LOS_73
289.7,-89.1,119.1,32.6,1.7,22,1094.127273,65.90879498,3.091042453,73,800,30,1,UMi_LOS_73
289.7,-89.3,119.3,36.1,-0.2,22,1094.145455,65.91224005,3.091042453,73,800,30,1,UMi_LOS_73
289.7,-88.7,118.7,25.7,7.1,22,1094.163636,65.8956444,3.091042453,73,800,30,1,UMi_LOS_73
289.7,-88.3,118.3,27.5,7.1,22,1094.186364,65.88688168,3.091042453,73,800,30,1,UMi_LOS_73
289.8,-89.1,119.1,34.9,4.4,22,1094.222727,65.89441232,3.091042453,73,800,30,1,UMi_LOS_73
289.8,-89.1,119.1,20.7,9.2,22,1094.240909,65.88702907,3.091042453,73,800,30,1,UMi_LOS_73
289.8,-89.3,119.3,33.6,4.7,89,1298.624045,245.5795406,4.48863637,73,800,30,1,UMi_LOS_73
289.8,-88.3,118.3,23.6,7.3,22,1094.259091,65.88908489,3.091042453,73,800,30,1,UMi_LOS_73
289.8,-89.2,119.2,18.2,10.8,22,1094.286364,65.87734674,3.091042453,73,800,30,1,UMi_LOS_73
289.8,-89.1,119.1,17.8,10.9,22,1094.304545,65.86393328,3.091042453,73,800,30,1,UMi_LOS_73
289.9,-89.2,119.2,28.1,6.4,22,1094.331818,65.85707242,3.091042453,73,800,30,1,UMi_LOS_73
289.9,-89.3,119.3,35.8,-1.7,22,1094.363636,65.85916479,3.091042453,73,800,30,1,UMi_LOS_73
289.9,-88.9,118.9,26.2,7.1,22,1094.386364,65.85966689,3.091042453,73,800,30,1,UMi_LOS_73
289.9,-89.8,119.8,21,9.2,22,1094.418182,65.84803191,3.091042453,73,800,30,1,UMi_LOS_73
289.9,-88.7,118.7,14.5,13.8,22,1094.431818,65.84743652,3.091042453,73,800,30,1,UMi_LOS_73
289.9,-89.3,119.3,20.9,9.3,22,1094.454545,65.84872282,3.091042453,73,800,30,1,UMi_LOS_73
290,-89.7,119.7,22.7,8,22,1094.495455,65.83252496,3.091042453,73,800,30,1,UMi_LOS_73
290,-89.3,119.3,20.6,10.5,89,1298.620449,245.5773546,4.48863637,73,800,30,1,UMi_LOS_73
290,-89.7,119.7,19.5,12.6,22,1094.509091,65.83819635,3.091042453,73,800,30,1,UMi_LOS_73
290,-88.9,118.9,33.9,4.2,22,1094.536364,65.83587407,3.091042453,73,800,30,1,UMi_LOS_73
290,-88.7,118.7,28.3,6.2,22,1094.554545,65.820118,3.091042453,73,800,30,1,UMi_LOS_73
290.1,-88.5,118.5,19.5,11.1,22,1094.590909,65.81567173,3.091042453,73,800,30,1,UMi_LOS_73
290.1,-88.2,118.2,30.7,2.5,22,1094.604545,65.81448084,3.091042453,73,800,30,1,UMi_LOS_73
290.1,-89.9,119.9,20.6,9.9,22,1094.636364,65.81707119,3.091042453,73,800,30,1,UMi_LOS_73
290.1,-89.1,119.1,33.8,-0.6,22,1094.672727,65.811357,3.091042453,73,800,30,1,UMi_LOS_73
290.1,-89.4,119.4,17.2,11.1,22,1094.690909,65.80669978,3.091042453,73,800,30,1,UMi_LOS_73
290.1,-90,120,24.2,8.1,27,1234.633333,299.4558064,3.295836866,73,800,30,1,UMi_LOS_73
290.2,-88,118,23.3,7.8,50,1412.968,293.3477421,3.912023005,73,800,30,1,UMi_LOS_73
290.2,-90.7,120.7,20.3,9.4,89,1298.571236,245.5507768,4.48863637,73,800,30,1,UMi_LOS_73
290.2,-89.9,119.9,32,3.3,89,1298.621798,245.575223,4.48863637,73,800,30,1,UMi_LOS_73
290.2,-87.3,117.3,31.4,7.3,62,1419.425806,263.8184652,4.127134385,73,800,30,1,UMi_LOS_73
290.2,-86,116,16.9,11.7,67,1430,240.9254638,4.204692619,73,800,30,1,UMi_LOS_73
290.3,-88.5,118.5,14.2,12.6,60,1487.491667,189.4029367,4.094344562,73,800,30,1,UMi_LOS_73
290.3,-88.5,118.5,18.2,11.3,87,1349.129655,260.6022128,4.465908119,73,800,30,1,UMi_LOS_73
290.3,-89.8,119.8,14.9,13.5,87,1349.122299,260.6122032,4.465908119,73,800,30,1,UMi_LOS_73
290.3,-90,120,27.1,5.6,87,1349.096552,260.6151321,4.465908119,73,800,30,1,UMi_LOS_73
290.3,-87.9,117.9,15.7,11.9,87,1349.07977,260.6185837,4.465908119,73,800,30,1,UMi_LOS_73
290.3,-90.8,120.8,26,5.7,87,1349.059885,260.623172,4.465908119,73,800,30,1,UMi_LOS_73
290.4,-89.6,119.6,25.1,6.6,87,1349.043448,260.6359228,4.465908119,73,800,30,1,UMi_LOS_73
290.4,-88.3,118.3,27.8,5.4,87,1349.019885,260.638144,4.465908119,73,800,30,1,UMi_LOS_73
290.4,-87,117,28.3,4.7,89,1298.626067,245.5762402,4.48863637,73,800,30,1,UMi_LOS_73
290.4,-88.1,118.1,18.7,11.1,87,1349.007816,260.6487952,4.465908119,73,800,30,1,UMi_LOS_73
290.4,-88.5,118.5,22.9,8.3,87,1348.987701,260.6487147,4.465908119,73,800,30,1,UMi_LOS_73
290.5,-92.4,122.4,27.6,5.3,87,1348.967816,260.6565611,4.465908119,73,800,30,1,UMi_LOS_73
290.5,-87.9,117.9,25,8.4,87,1348.953448,260.6620119,4.465908119,73,800,30,1,UMi_LOS_73
290.5,-91.2,121.2,31.3,8.2,87,1348.927701,260.6714775,4.465908119,73,800,30,1,UMi_LOS_73
290.5,-88,118,32.5,4.4,87,1348.915747,260.6809866,4.465908119,73,800,30,1,UMi_LOS_73
290.5,-89.4,119.4,32.1,3.4,87,1348.899195,260.6884688,4.465908119,73,800,30,1,UMi_LOS_73
290.5,-88.3,118.3,21.1,12.3,87,1348.876897,260.6921286,4.465908119,73,800,30,1,UMi_LOS_73
290.6,-90.1,120.1,34.9,0.8,87,1348.862529,260.6978929,4.465908119,73,800,30,1,UMi_LOS_73
290.6,-91.9,121.9,23.5,9.2,87,1348.838966,260.7042747,4.465908119,73,800,30,1,UMi_LOS_73
290.6,-89.7,119.7,23,8,89,1298.628315,245.5792745,4.48863637,73,800,30,1,UMi_LOS_73
290.6,-87.5,117.5,14.2,12.9,87,1348.818851,260.7123685,4.465908119,73,800,30,1,UMi_LOS_73
290.6,-90.4,120.4,25.1,5.4,87,1348.800115,260.7192074,4.465908119,73,800,30,1,UMi_LOS_73
290.7,-88.4,118.4,36.7,2.1,87,1348.781149,260.7233998,4.465908119,73,800,30,1,UMi_LOS_73
290.7,-88.6,118.6,26.9,5.9,87,1348.763218,260.7311664,4.465908119,73,800,30,1,UMi_LOS_73
290.7,-88.1,118.1,33.4,1.8,87,1348.743333,260.7431462,4.465908119,73,800,30,1,UMi_LOS_73
290.7,-88.6,118.6,21.8,9.1,87,1348.71977,260.7400712,4.465908119,73,800,30,1,UMi_LOS_73
290.7,-89.5,119.5,30.5,2.9,87,1348.705402,260.7504445,4.465908119,73,800,30,1,UMi_LOS_73
290.8,-88.9,118.9,27.3,5.7,87,1348.684023,260.7521384,4.465908119,73,800,30,1,UMi_LOS_73
290.8,-89.5,119.5,34.5,-1.1,87,1348.666437,260.766522,4.465908119,73,800,30,1,UMi_LOS_73
290.8,-85.6,115.6,35.8,0.4,87,1348.65092,260.7727806,4.465908119,73,800,30,1,UMi_LOS_73
290.8,-88.3,118.3,32.2,0.5,89,1298.630899,245.5789457,4.48863637,73,800,30,1,UMi_LOS_73
290.8,-88.1,118.1,16.2,21.9,87,1348.632989,260.7759617,4.465908119,73,800,30,1,UMi_LOS_73
290.8,-89.2,119.2,21.9,-3.1,87,1348.617816,260.7841105,4.465908119,73,800,30,1,UMi_LOS_73
290.9,-90.1,120.1,20.4,0.8,87,1348.591724,260.7936655,4.465908119,73,800,30,1,UMi_LOS_73
290.9,-90.6,120.6,19.3,-5.8,87,1348.572874,260.801479,4.465908119,73,800,30,1,UMi_LOS_73
290.9,-87,117,22.7,3.4,87,1348.551609,260.8097264,4.465908119,73,800,30,1,UMi_LOS_73
290.9,-88.6,118.6,22.4,-4.2,87,1348.538391,260.8110284,4.465908119,73,800,30,1,UMi_LOS_73
290.9,-87.7,117.7,16.4,-1,87,1348.518161,260.8184094,4.465908119,73,800,30,1,UMi_LOS_73
291,-88.8,118.8,19.2,-1.3,87,1348.505172,260.8267838,4.465908119,73,800,30,1,UMi_LOS_73
291,-89,119,13,4.1,87,1348.477931,260.837978,4.465908119,73,800,30,1,UMi_LOS_73
291,-88.6,118.6,20.2,-2.5,87,1348.461379,260.8482176,4.465908119,73,800,30,1,UMi_LOS_73
291,-88.1,118.1,24,-4.5,89,1298.629213,245.5823839,4.48863637,73,800,30,1,UMi_LOS_73
291,-89.1,119.1,26,-3.2,87,1348.436437,260.8478987,4.465908119,73,800,30,1,UMi_LOS_73
291.1,-89.5,119.5,24.4,-5.9,87,1348.422299,260.8550397,4.465908119,73,800,30,1,UMi_LOS_73
291.1,-89,119,18.1,-0.9,87,1348.401034,260.8587496,4.465908119,73,800,30,1,UMi_LOS_73
291.1,-89.7,119.7,19.5,-0.6,87,1348.381954,260.8691386,4.465908119,73,800,30,1,UMi_LOS_73
291.1,-89.2,119.2,22.1,-0.3,87,1348.361954,260.8790391,4.465908119,73,800,30,1,UMi_LOS_73
291.1,-89.3,119.3,23.1,-2.3,87,1348.345057,260.8823161,4.465908119,73,800,30,1,UMi_LOS_73
291.2,-90.1,120.1,22.3,-5.2,87,1348.325057,260.8926793,4.465908119,73,800,30,1,UMi_LOS_73
291.2,-89.7,119.7,29.1,-2.1,87,1348.301264,260.9038876,4.465908119,73,800,30,1,UMi_LOS_73
291.2,-87,117,20.4,-1.9,87,1348.282414,260.9095294,4.465908119,73,800,30,1,UMi_LOS_73
291.2,-89.3,119.3,15.9,-2.2,87,1348.262069,260.9146534,4.465908119,73,800,30,1,UMi_LOS_73
291.2,-87.4,117.4,15.2,1.1,89,1298.632809,245.5860791,4.48863637,73,800,30,1,UMi_LOS_73
291.3,-89.2,119.2,17,-2.1,87,1348.238391,260.9238566,4.465908119,73,800,30,1,UMi_LOS_73
291.3,-89.2,119.2,18.1,-6,87,1348.227586,260.9366335,4.465908119,73,800,30,1,UMi_LOS_73
291.3,-89.1,119.1,31.8,-4.3,87,1348.205057,260.936933,4.465908119,73,800,30,1,UMi_LOS_73
291.3,-88.9,118.9,21.3,-4.8,87,1348.183793,260.9457334,4.465908119,73,800,30,1,UMi_LOS_73
291.3,-88.8,118.8,19.2,-5.7,87,1348.168161,260.9491836,4.465908119,73,800,30,1,UMi_LOS_73
291.4,-89.6,119.6,22.5,-6,87,1348.146667,260.9590552,4.465908119,73,800,30,1,UMi_LOS_73
291.4,-89.4,119.4,26.7,-3.7,87,1348.123218,260.9702828,4.465908119,73,800,30,1,UMi_LOS_73
291.4,-88.1,118.1,15.8,5.3,87,1348.104138,260.9795385,4.465908119,73,800,30,1,UMi_LOS_73
291.4,-88.2,118.2,13.9,5,87,1348.084023,260.9832394,4.465908119,73,800,30,1,UMi_LOS_73
291.4,-89,119,17.7,-2.6,87,1348.062644,260.9889831,4.465908119,73,800,30,1,UMi_LOS_73
291.5,-89.1,119.1,20.5,0.7,89,1298.632921,245.5869737,4.48863637,73,800,30,1,UMi_LOS_73
291.5,-89.7,119.7,23.2,-3.5,87,1348.042414,260.9947087,4.465908119,73,800,30,1,UMi_LOS_73
291.5,-89.9,119.9,16.6,2.2,87,1348.019885,261.0060276,4.465908119,73,800,30,1,UMi_LOS_73
291.5,-89,119,15.8,-3,87,1348.005517,261.0141815,4.465908119,73,800,30,1,UMi_LOS_73
291.5,-89.1,119.1,22.6,-2.8,87,1347.982874,261.0216442,4.465908119,73,800,30,1,UMi_LOS_73
291.6,-89.1,119.1,17.3,-4.3,87,1347.960575,261.027772,4.465908119,73,800,30,1,UMi_LOS_73
291.6,-89.1,119.1,13.2,2,87,1347.939195,261.0366364,4.465908119,73,800,30,1,UMi_LOS_73
291.6,-89.1,119.1,15,1.1,87,1347.926897,261.0450956,4.465908119,73,800,30,1,UMi_LOS_73
291.6,-89.1,119.1,19.1,-3.1,87,1347.908966,261.0575416,4.465908119,73,800,30,1,UMi_LOS_73
291.6,-89.1,119.1,16.5,0.1,87,1347.884023,261.0620151,4.465908119,73,800,30,1,UMi_LOS_73
291.7,-89.1,119.1,23.5,0.3,87,1347.865172,261.0660209,4.465908119,73,800,30,1,UMi_LOS_73
291.7,-89.1,119.1,17.2,-5,89,1298.630337,245.5842911,4.48863637,73,800,30,1,UMi_LOS_73
291.7,-89.1,119.1,18.8,-4.2,87,1347.845977,261.0756526,4.465908119,73,800,30,1,UMi_LOS_73
291.7,-89.1,119.1,13.7,2.3,87,1347.819885,261.0928298,4.465908119,73,800,30,1,UMi_LOS_73
291.7,-89.1,119.1,22.7,-0.2,87,1347.799655,261.0991351,4.465908119,73,800,30,1,UMi_LOS_73
291.8,-89.1,119.1,17.9,-6.9,87,1347.778276,261.1016898,4.465908119,73,800,30,1,UMi_LOS_73
291.8,-89.1,119.1,22.4,-1.9,87,1347.756897,261.1053799,4.465908119,73,800,30,1,UMi_LOS_73
291.8,-89.2,119.2,19.5,0.2,87,1347.738046,261.1186205,4.465908119,73,800,30,1,UMi_LOS_73
291.8,-89.5,119.5,18,3.5,87,1347.716437,261.1245632,4.465908119,73,800,30,1,UMi_LOS_73
291.9,-89.4,119.4,22.2,0.5,87,1347.699655,261.1331787,4.465908119,73,800,30,1,UMi_LOS_73
291.9,-89.5,119.5,16.9,-5.8,87,1347.677011,261.1414647,4.465908119,73,800,30,1,UMi_LOS_73
291.9,-89.3,119.3,19.2,-6.5,87,1347.653333,261.1509777,4.465908119,73,800,30,1,UMi_LOS_73
291.9,-89.1,119.1,20.4,-3.3,89,1298.631685,245.5853985,4.48863637,73,800,30,1,UMi_LOS_73
291.9,-89.8,119.8,17.1,-2.5,87,1347.632759,261.1665519,4.465908119,73,800,30,1,UMi_LOS_73
292,-89.1,119.1,16.3,0.5,87,1347.612644,261.1683605,4.465908119,73,800,30,1,UMi_LOS_73
292,-89.4,119.4,20.6,-0.6,87,1347.592299,261.1752523,4.465908119,73,800,30,1,UMi_LOS_73
292,-88.5,118.5,21.4,-6.5,87,1347.57092,261.1836429,4.465908119,73,800,30,1,UMi_LOS_73
292,-88.7,118.7,17.2,-3.1,87,1347.549425,261.1957224,4.465908119,73,800,30,1,UMi_LOS_73
292,-89,119,20,-2.1,87,1347.52908,261.2031581,4.465908119,73,800,30,1,UMi_LOS_73
292.1,-89.4,119.4,17.4,-0.7,87,1347.507701,261.2132946,4.465908119,73,800,30,1,UMi_LOS_73
292.1,-89.5,119.5,13.2,6.9,87,1347.489655,261.2194142,4.465908119,73,800,30,1,UMi_LOS_73
292.1,-90,120,18.8,-4.8,87,1347.470575,261.2316512,4.465908119,73,800,30,1,UMi_LOS_73
292.1,-88.5,118.5,19.2,-1.7,87,1347.441034,261.235011,4.465908119,73,800,30,1,UMi_LOS_73
292.1,-88,118,17.2,-2.5,89,1298.634944,245.5852093,4.48863637,73,800,30,1,UMi_LOS_73
292.2,-88.6,118.6,23,-4.2,87,1347.426437,261.2473385,4.465908119,73,800,30,1,UMi_LOS_73
292.2,-90,120,21.7,-5.3,87,1347.400345,261.2525583,4.465908119,73,800,30,1,UMi_LOS_73
292.2,-88,118,30,-1.4,87,1347.38,261.2594495,4.465908119,73,800,30,1,UMi_LOS_73
292.2,-89.5,119.5,17.3,-1.7,87,1347.362069,261.2709454,4.465908119,73,800,30,1,UMi_LOS_73
292.3,-88.5,118.5,21.7,-4.8,87,1347.340575,261.2830548,4.465908119,73,800,30,1,UMi_LOS_73
292.3,-89,119,16.2,1.9,87,1347.315747,261.2915974,4.465908119,73,800,30,1,UMi_LOS_73
292.3,-88.7,118.7,16.9,-2.3,87,1347.294138,261.3016104,4.465908119,73,800,30,1,UMi_LOS_73
292.3,-90.8,120.8,18.9,-5.1,87,1347.273678,261.3059697,4.465908119,73,800,30,1,UMi_LOS_73
292.3,-89.4,119.4,23.7,-3,82,1316.542805,236.3357075,4.406719247,73,800,30,1,UMi_LOS_73
292.4,-87.6,117.6,20,-4.6,59,1198.02661,165.3030847,4.077537444,73,800,30,1,UMi_LOS_73
292.4,-89.9,119.9,19.9,-3.6,89,1298.572472,245.551341,4.48863637,73,800,30,1,UMi_LOS_73
292.4,-90.7,120.7,18,-5.2,89,1298.633933,245.5847454,4.48863637,73,800,30,1,UMi_LOS_73
292.4,-90.3,120.3,21,-3.9,47,1135.019362,121.4495204,3.850147602,73,800,30,1,UMi_LOS_73
292.4,-89.7,119.7,22.2,-6.3,49,1314.998163,353.6451963,3.891820298,73,800,30,1,UMi_LOS_73
292.5,-92.3,122.3,19.6,-6.6,64,1329.987656,306.721648,4.158883083,73,800,30,1,UMi_LOS_73
292.5,-87.3,117.3,19.4,-5.2,40,1499.7005,269.5431001,3.688879454,73,800,30,1,UMi_LOS_73
292.5,-91.8,121.8,29.2,-2.9,40,1499.69775,269.5448062,3.688879454,73,800,30,1,UMi_LOS_73
292.5,-90,120,19.7,-5.9,40,1499.6975,269.5452917,3.688879454,73,800,30,1,UMi_LOS_73
292.6,-89.3,119.3,17.4,-3.6,40,1499.69775,269.5448133,3.688879454,73,800,30,1,UMi_LOS_73
292.6,-88.5,118.5,38.7,-5.1,40,1499.69725,269.5457772,3.688879454,73,800,30,1,UMi_LOS_73
292.6,-89.7,119.7,14.5,4.1,40,1499.6975,269.5452988,3.688879454,73,800,30,1,UMi_LOS_73
292.6,-86.5,116.5,17.8,1.6,40,1499.697,269.5463287,3.688879454,73,800,30,1,UMi_LOS_73
292.6,-88.7,118.7,21.8,-4.1,89,1298.633933,245.5847339,4.48863637,73,800,30,1,UMi_LOS_73
292.7,-86.6,116.6,11.9,-0.8,40,1499.69975,269.5440264,3.688879454,73,800,30,1,UMi_LOS_73
292.7,-88.4,118.4,21.7,-4.1,40,1499.6995,269.544512,3.688879454,73,800,30,1,UMi_LOS_73
292.7,-91.8,121.8,27.5,-3.4,40,1499.70175,269.5434792,3.688879454,73,800,30,1,UMi_LOS_73
292.7,-88.4,118.4,17.2,-4.6,40,1499.702,269.5430008,3.688879454,73,800,30,1,UMi_LOS_73
292.8,-87.2,117.2,20.6,-0.9,40,1499.69925,269.5405051,3.688879454,73,800,30,1,UMi_LOS_73
292.8,-87.2,117.2,19.7,-3.6,40,1499.69925,269.5360808,3.688879454,73,800,30,1,UMi_LOS_73
292.8,-88.1,118.1,25.2,-4.3,40,1499.6965,269.5382041,3.688879454,73,800,30,1,UMi_LOS_73
292.8,-90.8,120.8,16.1,-0.5,40,1499.699,269.5366122,3.688879454,73,800,30,1,UMi_LOS_73
292.8,-90.3,120.3,19.5,-5,40,1499.70125,269.5356587,3.688879454,73,800,30,1,UMi_LOS_73
292.9,-89.7,119.7,24.3,1,40,1499.69875,269.5368874,3.688879454,73,800,30,1,UMi_LOS_73
292.9,-92.1,122.1,24.1,1,89,1298.635281,245.5849693,4.48863637,73,800,30,1,UMi_LOS_73
292.9,-91.8,121.8,16.9,1.1,40,1499.7015,269.5389009,3.688879454,73,800,30,1,UMi_LOS_73
292.9,-88.7,118.7,4.5,3.2,40,1499.69875,269.5370591,3.688879454,73,800,30,1,UMi_LOS_73
293,-87.5,117.5,3.4,-2.5,40,1499.69875,269.5370591,3.688879454,73,800,30,1,UMi_LOS_73
293,-92.5,122.5,2.6,13.1,40,1499.701,269.5357219,3.688879454,73,800,30,1,UMi_LOS_73
293,-89.5,119.5,4.8,-3,40,1499.70375,269.5381536,3.688879454,73,800,30,1,UMi_LOS_73
293,-91,121,3.8,1.6,40,1499.7035,269.5386395,3.688879454,73,800,30,1,UMi_LOS_73
293,-89.9,119.9,4.1,-0.8,40,1499.7035,269.5347146,3.688879454,73,800,30,1,UMi_LOS_73
293.1,-88.7,118.7,2.2,1.9,40,1499.7035,269.530293,3.688879454,73,800,30,1,UMi_LOS_73
293.1,-93,123,3.1,1.3,40,1499.70325,269.530779,3.688879454,73,800,30,1,UMi_LOS_73
293.1,-92.3,122.3,2.9,-1.8,40,1499.706,269.5287864,3.688879454,73,800,30,1,UMi_LOS_73
293.1,-86.6,116.6,3.7,-1.1,89,1298.635169,245.5844611,4.48863637,73,800,30,1,UMi_LOS_73
293.2,-87.1,117.1,5.1,-1.3,40,1499.70575,269.5291741,3.688879454,73,800,30,1,UMi_LOS_73
293.2,-87.3,117.3,3.1,1.4,40,1499.7085,269.5267465,3.688879454,73,800,30,1,UMi_LOS_73
293.2,-89.8,119.8,2.7,-1,40,1499.711,269.5254311,3.688879454,73,800,30,1,UMi_LOS_73
293.2,-89.8,119.8,3.3,-2.7,40,1499.7085,269.5266587,3.688879454,73,800,30,1,UMi_LOS_73
293.3,-86.9,116.9,4.5,-1.6,40,1499.70825,269.527142,3.688879454,73,800,30,1,UMi_LOS_73
293.3,-90.9,120.9,3.3,0.5,40,1499.70825,269.5223418,3.688879454,73,800,30,1,UMi_LOS_73
293.3,-83.8,113.8,1.7,7.6,40,1499.70575,269.5239049,3.688879454,73,800,30,1,UMi_LOS_73
293.3,-90.4,120.4,3.6,4.6,40,1499.7035,269.5249038,3.688879454,73,800,30,1,UMi_LOS_73
293.3,-89.3,119.3,4,1.2,40,1499.70075,269.5228276,3.688879454,73,800,30,1,UMi_LOS_73
293.4,-88.6,118.6,3.4,-1,40,1499.706,269.5232973,3.688879454,73,800,30,1,UMi_LOS_73
293.4,-87.7,117.7,2.7,-0.7,89,1298.633933,245.584924,4.48863637,73,800,30,1,UMi_LOS_73
293.4,-87.3,117.3,4,-0.8,40,1499.70575,269.5237834,3.688879454,73,800,30,1,UMi_LOS_73
293.4,-84.2,114.2,7,0.5,40,1499.7085,269.5259408,3.688879454,73,800,30,1,UMi_LOS_73
293.5,-89.4,119.4,2.4,13.2,40,1499.7085,269.525946,3.688879454,73,800,30,1,UMi_LOS_73
293.5,-89.6,119.6,3,-1.7,40,1499.706,269.5233874,3.688879454,73,800,30,1,UMi_LOS_73
293.5,-87.9,117.9,3,1.6,40,1499.7085,269.521959,3.688879454,73,800,30,1,UMi_LOS_73
293.5,-91.3,121.3,3.2,-2.2,40,1499.7135,269.5188543,3.688879454,73,800,30,1,UMi_LOS_73
293.6,-86.6,116.6,3.7,-2.3,40,1499.711,269.5158408,3.688879454,73,800,30,1,UMi_LOS_73
293.6,-90,120,5.7,0.2,40,1499.70875,269.5171164,3.688879454,73,800,30,1,UMi_LOS_73
293.6,-92.5,122.5,4.2,-1.3,40,1499.706,269.5144466,3.688879454,73,800,30,1,UMi_LOS_73
293.6,-85.5,115.5,4.7,-1.4,40,1499.70875,269.5121127,3.688879454,73,800,30,1,UMi_LOS_73
293.6,-96.2,126.2,1.6,8.3,89,1298.636292,245.5872243,4.48863637,73,800,30,1,UMi_LOS_73
293.7,-91,121,3.6,2.9,40,1499.711,269.5152357,3.688879454,73,800,30,1,UMi_LOS_73
293.7,-88.7,118.7,2.8,-2.7,40,1499.70875,269.5120941,3.688879454,73,800,30,1,UMi_LOS_73
293.7,-88.6,118.6,3,3.3,40,1499.70625,269.513739,3.688879454,73,800,30,1,UMi_LOS_73
293.7,-87.6,117.6,3.3,1.1,40,1499.70625,269.5096707,3.688879454,73,800,30,1,UMi_LOS_73
293.8,-87.3,117.3,5.1,1.5,40,1499.70675,269.5087145,3.688879454,73,800,30,1,UMi_LOS_73
293.8,-91.8,121.8,4.6,-1.4,40,1499.70675,269.5087199,3.688879454,73,800,30,1,UMi_LOS_73
293.8,-91.4,121.4,3.2,0.4,40,1499.71175,269.5099342,3.688879454,73,800,30,1,UMi_LOS_73
293.8,-90.5,120.5,2.5,0.2,40,1499.70925,269.5069597,3.688879454,73,800,30,1,UMi_LOS_73
293.9,-87.9,117.9,4.4,-0.3,40,1499.7095,269.50253,3.688879454,73,800,30,1,UMi_LOS_73
293.9,-87.6,117.6,3.5,1.5,40,1499.70925,269.5030165,3.688879454,73,800,30,1,UMi_LOS_73
293.9,-91.5,121.5,3.9,-1.9,89,1298.63382,245.5873496,4.48863637,73,800,30,1,UMi_LOS_73
293.9,-91,121,5.5,-2.7,40,1499.717,269.5015005,3.688879454,73,800,30,1,UMi_LOS_73
294,-89.9,119.9,2.4,3.5,40,1499.7195,269.4999982,3.688879454,73,800,30,1,UMi_LOS_73
294,-86.7,116.7,3.3,-0.8,40,1499.71975,269.4995202,3.688879454,73,800,30,1,UMi_LOS_73
294,-90.3,120.3,3.2,-1.8,40,1499.7175,269.4963795,3.688879454,73,800,30,1,UMi_LOS_73
294,-93.4,123.4,4.1,4,40,1499.71725,269.4966602,3.688879454,73,800,30,1,UMi_LOS_73
294.1,-89.5,119.5,4.3,0.7,40,1499.71275,269.4944345,3.688879454,73,800,30,1,UMi_LOS_73
294.1,-94.2,124.2,4.5,2.2,40,1499.71275,269.49444,3.688879454,73,800,30,1,UMi_LOS_73
294.1,-86.1,116.1,3.3,3.7,40,1499.71275,269.4902928,3.688879454,73,800,30,1,UMi_LOS_73
294.1,-84.3,114.3,2.8,-0.4,40,1499.71775,269.4874798,3.688879454,73,800,30,1,UMi_LOS_73
294.1,-89.8,119.8,3,2.3,40,1499.72325,269.4874864,3.688879454,73,800,30,1,UMi_LOS_73
294.2,-88.2,118.2,6,8.4,89,1298.635056,245.5881838,4.48863637,73,800,30,1,UMi_LOS_73
294.2,-96.1,126.1,4.5,0.2,40,1499.72575,269.4856354,3.688879454,73,800,30,1,UMi_LOS_73
294.2,-85.3,115.3,3.4,0.6,40,1499.72575,269.4855761,3.688879454,73,800,30,1,UMi_LOS_73
294.2,-89.4,119.4,3.2,-1.7,40,1499.726,269.4853486,3.688879454,73,800,30,1,UMi_LOS_73
294.3,-90.1,120.1,3.4,2.5,40,1499.726,269.4853575,3.688879454,73,800,30,1,UMi_LOS_73
294.3,-87.9,117.9,3.6,2.2,40,1499.72375,269.4864388,3.688879454,73,800,30,1,UMi_LOS_73
294.3,-86.4,116.4,3.5,0.1,40,1499.7265,269.4844517,3.688879454,73,800,30,1,UMi_LOS_73
294.3,-87.2,117.2,3.2,0.5,40,1499.724,269.4861025,3.688879454,73,800,30,1,UMi_LOS_73
294.4,-82.3,112.3,6.6,0.8,40,1499.72175,269.4788141,3.688879454,73,800,30,1,UMi_LOS_73
294.4,-89,119,5.4,-0.1,40,1499.72425,269.4814594,3.688879454,73,800,30,1,UMi_LOS_73
294.4,-89.7,119.7,3.8,-1.9,40,1499.727,269.4791315,3.688879454,73,800,30,1,UMi_LOS_73
294.4,-88.6,118.6,3.9,-0.4,89,1298.63618,245.58604,4.48863637,73,800,30,1,UMi_LOS_73
294.5,-93,123,5.5,2.9,40,1499.72725,269.4786537,3.688879454,73,800,30,1,UMi_LOS_73
294.5,-90.2,120.2,6.2,-2.2,40,1499.725,269.4754233,3.688879454,73,800,30,1,UMi_LOS_73
294.5,-91.9,121.9,3.9,-0.9,40,1499.7225,269.4724168,3.688879454,73,800,30,1,UMi_LOS_73
294.5,-88.8,118.8,2.5,-0.8,40,1499.7225,269.4718697,3.688879454,73,800,30,1,UMi_LOS_73
294.6,-88.4,118.4,4.9,-2.1,40,1499.723,269.4709141,3.688879454,73,800,30,1,UMi_LOS_73
294.6,-87.6,117.6,2.3,1,40,1499.7205,269.4683641,3.688879454,73,800,30,1,UMi_LOS_73
294.6,-89.8,119.8,5.3,-1.6,40,1499.72575,269.469108,3.688879454,73,800,30,1,UMi_LOS_73
294.6,-92.9,122.9,3.4,2,40,1499.726,269.4729136,3.688879454,73,800,30,1,UMi_LOS_73
294.7,-90.5,120.5,4.3,0.4,40,1499.729,269.4701056,3.688879454,73,800,30,1,UMi_LOS_73
294.7,-92,122,3.8,1.5,40,1499.73125,269.4690853,3.688879454,73,800,30,1,UMi_LOS_73
294.7,-84.6,114.6,3.2,5.4,89,1298.638315,245.5861875,4.48863637,73,800,30,1,UMi_LOS_73
294.7,-92.8,122.8,3.5,-1,40,1499.73175,269.4684184,3.688879454,73,800,30,1,UMi_LOS_73
294.8,-87.6,117.6,5.1,-0.1,40,1499.7295,269.4654031,3.688879454,73,800,30,1,UMi_LOS_73
294.8,-90.5,120.5,2.8,1.9,40,1499.727,269.4629046,3.688879454,73,800,30,1,UMi_LOS_73
294.8,-87,117,3.3,8,40,1499.72725,269.4624269,3.688879454,73,800,30,1,UMi_LOS_73
294.8,-89.8,119.8,3.2,0,40,1499.73025,269.455313,3.688879454,73,800,30,1,UMi_LOS_73
294.9,-87.2,117.2,3.3,-2.2,40,1499.7275,269.4530557,3.688879454,73,800,30,1,UMi_LOS_73
294.9,-88.8,118.8,2.7,0.8,40,1499.733,269.4534479,3.688879454,73,800,30,1,UMi_LOS_73
294.9,-91.1,121.1,3.2,-0.3,40,1499.7335,269.4522012,3.688879454,73,800,30,1,UMi_LOS_73
294.9,-95.2,125.2,4.2,-1.2,40,1499.726,269.4479415,3.688879454,73,800,30,1,UMi_LOS_73
295,-91.6,121.6,3.6,-2.6,52,1592.872115,291.2617197,3.951243719,73,800,30,1,UMi_LOS_73
295,-87.8,117.8,3.2,-0.6,89,1298.571685,245.550347,4.48863637,73,800,30,1,UMi_LOS_73
295,-90.9,120.9,2.1,6.1,89,1298.639326,245.5848835,4.48863637,73,800,30,1,UMi_LOS_73
295,-87.4,117.4,3.9,0.5,68,1613.921471,257.6407499,4.219507705,73,800,30,1,UMi_LOS_73
295.1,-84.3,114.3,2.4,5.9,79,1505.15519,229.4994169,4.369447852,73,800,30,1,UMi_LOS_73
295.1,-89.7,119.7,3.7,1.3,79,1466.704557,266.0507944,4.369447852,73,800,30,1,UMi_LOS_73
295.1,-89.5,119.5,3.6,-0.7,82,1450.160244,274.5612933,4.406719247,73,800,30,1,UMi_LOS_73
295.1,-92.6,122.6,3.4,0.9,82,1450.14561,274.5635149,4.406719247,73,800,30,1,UMi_LOS_73
295.2,-89.9,119.9,5.3,2,82,1450.140732,274.5592146,4.406719247,73,800,30,1,UMi_LOS_73
295.2,-91,121,3.1,1.3,82,1450.134756,274.561629,4.406719247,73,800,30,1,UMi_LOS_73
295.2,-93.2,123.2,3,3.2,82,1450.119024,274.563034,4.406719247,73,800,30,1,UMi_LOS_73
295.2,-88.6,118.6,3.5,-1.2,82,1450.113049,274.5594996,4.406719247,73,800,30,1,UMi_LOS_73
295.3,-88.8,118.8,4.1,-2.5,82,1450.098537,274.5629544,4.406719247,73,800,30,1,UMi_LOS_73
295.3,-87.4,117.4,4.3,-2.5,89,1298.639663,245.5852104,4.48863637,73,800,30,1,UMi_LOS_73
295.3,-87.9,117.9,9,-2.5,82,1450.090122,274.5670124,4.406719247,73,800,30,1,UMi_LOS_73
295.3,-92.1,122.1,11.1,0.4,82,1450.084146,274.5681477,4.406719247,73,800,30,1,UMi_LOS_73
295.4,-89.3,119.3,9.7,-2.7,82,1450.074268,274.567881,4.406719247,73,800,30,1,UMi_LOS_73
295.4,-89.9,119.9,19,4,82,1450.065854,274.5683121,4.406719247,73,800,30,1,UMi_LOS_73
295.4,-92.9,122.9,16,-3,82,1450.059878,274.5706815,4.406719247,73,800,30,1,UMi_LOS_73
295.4,-90.9,120.9,26,-3,82,1450.047805,274.5683456,4.406719247,73,800,30,1,UMi_LOS_73
295.5,-92.6,122.6,19.8,4,82,1450.035732,274.5686649,4.406719247,73,800,30,1,UMi_LOS_73
295.5,-88.5,118.5,17.6,-1.8,82,1450.032073,274.5672236,4.406719247,73,800,30,1,UMi_LOS_73
295.5,-89.2,119.2,15.8,0.3,82,1450.025,274.569338,4.406719247,73,800,30,1,UMi_LOS_73
295.6,-85.8,115.8,14.5,-3.4,82,1450.020244,274.5731128,4.406719247,73,800,30,1,UMi_LOS_73
295.6,-87.8,117.8,18.7,-1.8,89,1298.639438,245.5865083,4.48863637,73,800,30,1,UMi_LOS_73
295.6,-90.6,120.6,17.1,1.5,82,1450.00939,274.5751403,4.406719247,73,800,30,1,UMi_LOS_73
295.6,-89.8,119.8,14.3,-1.2,82,1449.994878,274.5740887,4.406719247,73,800,30,1,UMi_LOS_73
295.7,-86.1,116.1,18.6,2.6,82,1449.99378,274.5761808,4.406719247,73,800,30,1,UMi_LOS_73
295.7,-88.4,118.4,19.9,-0.7,82,1449.970732,274.575432,4.406719247,73,800,30,1,UMi_LOS_73
295.7,-85.8,115.8,19.6,6.1,82,1449.967195,274.5769184,4.406719247,73,800,30,1,UMi_LOS_73
295.7,-89.2,119.2,9.8,-3.5,82,1449.964878,274.5754869,4.406719247,73,800,30,1,UMi_LOS_73
295.8,-91.7,121.7,16.3,-4.9,82,1449.954024,274.5751679,4.406719247,73,800,30,1,UMi_LOS_73
295.8,-86.6,116.6,20.5,-2.8,82,1449.950488,274.5805965,4.406719247,73,800,30,1,UMi_LOS_73
295.8,-89.8,119.8,22.9,-1.2,82,1449.939512,274.574518,4.406719247,73,800,30,1,UMi_LOS_73
295.8,-85.6,115.6,34.2,-0.9,82,1449.934878,274.5750854,4.406719247,73,800,30,1,UMi_LOS_73
295.9,-87.2,117.2,17.1,-2.6,89,1298.640562,245.5909358,4.48863637,73,800,30,1,UMi_LOS_73
295.9,-91.5,121.5,18.4,-2.1,82,1449.922683,274.5791414,4.406719247,73,800,30,1,UMi_LOS_73
295.9,-90.6,120.6,19,-0.7,82,1449.91561,274.5779113,4.406719247,73,800,30,1,UMi_LOS_73
295.9,-89.4,119.4,27.4,-1.5,82,1449.903537,274.5799506,4.406719247,73,800,30,1,UMi_LOS_73
296,-86.8,116.8,12.1,-3.7,82,1449.897561,274.5843449,4.406719247,73,800,30,1,UMi_LOS_73
296,-90.3,120.3,36.5,-1,82,1449.890366,274.5800214,4.406719247,73,800,30,1,UMi_LOS_73
296,-90.9,120.9,18.8,-5.4,82,1449.884268,274.5825336,4.406719247,73,800,30,1,UMi_LOS_73
296,-90.6,120.6,13,4.3,82,1449.875976,274.5822075,4.406719247,73,800,30,1,UMi_LOS_73
296.1,-86.8,116.8,21.8,0.3,82,1449.86378,274.5780469,4.406719247,73,800,30,1,UMi_LOS_73
296.1,-89.4,119.4,11.9,-0.3,82,1449.856829,274.5787221,4.406719247,73,800,30,1,UMi_LOS_73
296.1,-89.5,119.5,20.5,-1.7,82,1449.854512,274.5785533,4.406719247,73,800,30,1,UMi_LOS_73
296.2,-85.5,115.5,21.6,0.4,89,1298.640674,245.5918116,4.48863637,73,800,30,1,UMi_LOS_73
296.2,-85.4,115.4,10,-2.6,82,1449.842439,274.5793132,4.406719247,73,800,30,1,UMi_LOS_73
296.2,-92.8,122.8,24.1,-2.6,82,1449.832805,274.5818184,4.406719247,73,800,30,1,UMi_LOS_73
296.2,-87.9,117.9,15.5,-2,82,1449.834024,274.5836632,4.406719247,73,800,30,1,UMi_LOS_73
296.3,-91.5,121.5,14,-4.5,82,1449.818415,274.5857546,4.406719247,73,800,30,1,UMi_LOS_73
296.3,-90.1,120.1,12.7,1.3,82,1449.81122,274.5890161,4.406719247,73,800,30,1,UMi_LOS_73
296.3,-89.6,119.6,12,2.1,82,1449.805244,274.583924,4.406719247,73,800,30,1,UMi_LOS_73
296.3,-90.9,120.9,9.3,2.6,82,1449.798049,274.5834558,4.406719247,73,800,30,1,UMi_LOS_73
296.4,-89.5,119.5,23,4.6,82,1449.788415,274.5837606,4.406719247,73,800,30,1,UMi_LOS_73
296.4,-90.5,120.5,15.3,-3.2,82,1449.78378,274.5865719,4.406719247,73,800,30,1,UMi_LOS_73
296.4,-89.4,119.4,17.5,1.9,82,1449.771707,274.5887432,4.406719247,73,800,30,1,UMi_LOS_73
296.5,-88.6,118.6,10.9,-4.6,89,1298.640337,245.5926748,4.48863637,73,800,30,1,UMi_LOS_73
296.5,-91.1,121.1,10.1,-1.7,82,1449.768171,274.5862422,4.406719247,73,800,30,1,UMi_LOS_73
296.5,-88.9,118.9,19.9,-4,82,1449.758537,274.5851536,4.406719247,73,800,30,1,UMi_LOS_73
296.5,-90,120,8.3,-3.9,82,1449.74878,274.5863915,4.406719247,73,800,30,1,UMi_LOS_73
296.6,-91.2,121.2,15.6,1.4,82,1449.745366,274.5882848,4.406719247,73,800,30,1,UMi_LOS_73
296.6,-88.3,118.3,16.2,-4.2,82,1449.738293,274.5890571,4.406719247,73,800,30,1,UMi_LOS_73
296.6,-88.7,118.7,9.9,-2.4,82,1449.729756,274.5932621,4.406719247,73,800,30,1,UMi_LOS_73
296.6,-90.5,120.5,10,-4,82,1449.725122,274.5908738,4.406719247,73,800,30,1,UMi_LOS_73
296.7,-89,119,18.3,-0.5,82,1449.714146,274.5917152,4.406719247,73,800,30,1,UMi_LOS_73
296.7,-88.7,118.7,14.8,-4.7,82,1449.712073,274.5911055,4.406719247,73,800,30,1,UMi_LOS_73
296.7,-90.4,120.4,9.7,2.2,82,1449.70622,274.5937553,4.406719247,73,800,30,1,UMi_LOS_73
296.7,-87.9,117.9,22.5,-3.9,89,1298.639551,245.5909384,4.48863637,73,800,30,1,UMi_LOS_73
296.8,-88.9,118.9,10.3,-1.1,82,1449.695244,274.590333,4.406719247,73,800,30,1,UMi_LOS_73
296.8,-91.8,121.8,11.9,-0.7,82,1449.69061,274.5886065,4.406719247,73,800,30,1,UMi_LOS_73
296.8,-91.4,121.4,28.1,-0.1,82,1449.684634,274.5889771,4.406719247,73,800,30,1,UMi_LOS_73
296.9,-87.7,117.7,17.7,2.2,82,1449.678537,274.5918573,4.406719247,73,800,30,1,UMi_LOS_73
296.9,-86.9,116.9,14.7,-4.5,82,1449.669146,274.5934311,4.406719247,73,800,30,1,UMi_LOS_73
296.9,-87.8,117.8,15.9,3.9,82,1449.660732,274.5977496,4.406719247,73,800,30,1,UMi_LOS_73
296.9,-89.6,119.6,14.3,-0.1,82,1449.654756,274.5990459,4.406719247,73,800,30,1,UMi_LOS_73
297,-91.7,121.7,16.3,-1.1,82,1449.650122,274.5955817,4.406719247,73,800,30,1,UMi_LOS_73
297,-89.7,119.7,11,-1.6,82,1449.642927,274.5974558,4.406719247,73,800,30,1,UMi_LOS_73
297,-90.5,120.5,20.7,-4.4,82,1449.638171,274.5957591,4.406719247,73,800,30,1,UMi_LOS_73
297.1,-90.7,120.7,13.5,-0.1,89,1298.643933,245.5932559,4.48863637,73,800,30,1,UMi_LOS_73
297.1,-87.3,117.3,13.7,6.7,82,1449.631098,274.5944916,4.406719247,73,800,30,1,UMi_LOS_73
297.1,-90.1,120.1,15.1,-5,82,1449.621463,274.5937106,4.406719247,73,800,30,1,UMi_LOS_73
297.1,-86.1,116.1,22.1,-3.9,82,1449.617805,274.6002172,4.406719247,73,800,30,1,UMi_LOS_73
297.2,-90,120,11.7,1.6,82,1449.607317,274.6000524,4.406719247,73,800,30,1,UMi_LOS_73
297.2,-89.5,119.5,10.3,-2.4,82,1449.602561,274.5974734,4.406719247,73,800,30,1,UMi_LOS_73
297.2,-91.3,121.3,22.4,-3,82,1449.597683,274.5966798,4.406719247,73,800,30,1,UMi_LOS_73
297.2,-91.8,121.8,15.1,-3.2,82,1449.586951,274.5906051,4.406719247,73,800,30,1,UMi_LOS_73
297.3,-90.2,120.2,19.5,-0.2,82,1449.57622,274.5992099,4.406719247,73,800,30,1,UMi_LOS_73
297.3,-90.7,120.7,14.8,3.4,82,1449.581098,274.6008065,4.406719247,73,800,30,1,UMi_LOS_73
297.3,-88.6,118.6,17.3,-0.7,82,1449.575366,274.5943873,4.406719247,73,800,30,1,UMi_LOS_73
297.4,-89.8,119.8,20.1,-3.7,89,1298.641573,245.5911334,4.48863637,73,800,30,1,UMi_LOS_73
297.4,-89.8,119.8,17.7,-1.9,82,1449.562073,274.5957033,4.406719247,73,800,30,1,UMi_LOS_73
297.4,-90.2,120.2,25.7,-2.8,82,1449.556098,274.5963858,4.406719247,73,800,30,1,UMi_LOS_73
297.4,-89.5,119.5,9.3,-0.9,82,1449.552683,274.603932,4.406719247,73,800,30,1,UMi_LOS_73
297.5,-87.5,117.5,15,-1.2,82,1449.544268,274.5999978,4.406719247,73,800,30,1,UMi_LOS_73
297.5,-89.1,119.1,16,-1.1,82,1449.542195,274.6002671,4.406719247,73,800,30,1,UMi_LOS_73
297.5,-91.4,121.4,10.3,5.4,82,1449.53378,274.6018022,4.406719247,73,800,30,1,UMi_LOS_73
297.6,-89,119,14.7,-4.6,82,1449.526585,274.6053955,4.406719247,73,800,30,1,UMi_LOS_73
297.6,-90.4,120.4,13.5,0.6,82,1449.515854,274.5990898,4.406719247,73,800,30,1,UMi_LOS_73
297.6,-89.9,119.9,12.3,-3,82,1449.518537,274.6029759,4.406719247,73,800,30,1,UMi_LOS_73
297.6,-87.9,117.9,28.6,-2,82,1449.511341,274.6052607,4.406719247,73,800,30,1,UMi_LOS_73
297.7,-89.7,119.7,17.5,0.4,60,1154.158167,156.4902042,4.094344562,73,800,30,1,UMi_LOS_73
297.7,-91.2,121.2,29.7,1.3,82,1449.505488,274.5974045,4.406719247,73,800,30,1,UMi_LOS_73
297.7,-88.6,118.6,11.3,-3,82,1449.495854,274.6008377,4.406719247,73,800,30,1,UMi_LOS_73
297.8,-89,119,25.9,-3.6,82,1449.494878,274.6040282,4.406719247,73,800,30,1,UMi_LOS_73
297.8,-89.5,119.5,11.8,3.5,82,1449.484146,274.6036885,4.406719247,73,800,30,1,UMi_LOS_73
297.8,-89.4,119.4,22.2,4.8,82,1449.478171,274.6041691,4.406719247,73,800,30,1,UMi_LOS_73
297.8,-88,118,11.9,-2.4,82,1449.479634,274.6026981,4.406719247,73,800,30,1,UMi_LOS_73
297.9,-89.1,119.1,32.7,1.2,82,1449.466463,274.6054633,4.406719247,73,800,30,1,UMi_LOS_73
297.9,-88.8,118.8,17.8,-3.1,82,1449.464146,274.5998042,4.406719247,73,800,30,1,UMi_LOS_73
297.9,-88.6,118.6,10.9,-1.6,82,1449.458171,274.6031093,4.406719247,73,800,30,1,UMi_LOS_73
298,-89.1,119.1,12,-1.3,82,1449.455976,274.6053464,4.406719247,73,800,30,1,UMi_LOS_73
T-R,Separation,Distance,(m),Received,97,1074.19134,361.2371262,4.574710978,28,800,30,1,UMi_NLOS_28
171.6,-101.7,131.7,48.3,-0.5,97,1074.263093,361.2372928,4.574710978,28,800,30,1,UMi_NLOS_28
171.7,-101.4,131.4,54,-4.3,59,1085.332373,441.2005048,4.077537444,28,800,30,1,UMi_NLOS_28
171.8,-103.7,133.7,42.6,0.9,27,1013.384074,140.8400492,3.295836866,28,800,30,1,UMi_NLOS_28
171.9,-103.4,133.4,31.9,-4.1,66,1131.120606,420.3079955,4.189654742,28,800,30,1,UMi_NLOS_28
171.9,-104.1,134.1,47.6,-3.7,85,1136.735765,359.0834295,4.442651256,28,800,30,1,UMi_NLOS_28
172,-103,133,41.3,-3.1,85,1159.128353,330.1782584,4.442651256,28,800,30,1,UMi_NLOS_28
172.1,-101.7,131.7,32.1,-1.3,85,1159.150353,330.1817774,4.442651256,28,800,30,1,UMi_NLOS_28
172.1,-103.8,133.8,81.8,-4.5,85,1159.169059,330.1823492,4.442651256,28,800,30,1,UMi_NLOS_28
172.2,-104,134,64.1,-5.9,85,1159.186353,330.1848128,4.442651256,28,800,30,1,UMi_NLOS_28
172.3,-101.7,131.7,66.8,-2.1,85,1159.207059,330.1860919,4.442651256,28,800,30,1,UMi_NLOS_28
172.4,-103.5,133.5,23.6,-4.5,85,1159.232588,330.1881763,4.442651256,28,800,30,1,UMi_NLOS_28
172.4,-105.9,135.9,25.8,-0.3,85,1159.248235,330.1884281,4.442651256,28,800,30,1,UMi_NLOS_28
172.5,-103.1,133.1,40.5,-1.7,97,1074.270619,361.2347041,4.574710978,28,800,30,1,UMi_NLOS_28
172.6,-101.2,131.2,49.7,-4.9,85,1159.268706,330.1882074,4.442651256,28,800,30,1,UMi_NLOS_28
172.6,-103.2,133.2,42.7,-1.8,85,1159.293412,330.1911848,4.442651256,28,800,30,1,UMi_NLOS_28
172.7,-104.1,134.1,23.9,-0.7,85,1159.315412,330.196989,4.442651256,28,800,30,1,UMi_NLOS_28
172.8,-101.2,131.2,42.6,0.1,85,1159.336588,330.1995079,4.442651256,28,800,30,1,UMi_NLOS_28
172.9,-101.9,131.9,30.1,-3.7,85,1159.352706,330.2005957,4.442651256,28,800,30,1,UMi_NLOS_28
172.9,-101.6,131.6,32.5,-4.2,85,1159.371294,330.1962664,4.442651256,28,800,30,1,UMi_NLOS_28
173,-103.7,133.7,69,0.4,85,1159.396118,330.2041299,4.442651256,28,800,30,1,UMi_NLOS_28
173.1,-100.1,130.1,29.4,-0.5,85,1159.414588,330.2029172,4.442651256,28,800,30,1,UMi_NLOS_28
173.2,-104,134,50.2,-6.2,85,1159.434588,330.2061183,4.442651256,28,800,30,1,UMi_NLOS_28
173.2,-100.8,130.8,48.5,-3.4,85,1159.455412,330.2076533,4.442651256,28,800,30,1,UMi_NLOS_28
173.3,-99.3,129.3,41.9,-2.6,97,1074.280206,361.236538,4.574710978,28,800,30,1,UMi_NLOS_28
173.4,-104.2,134.2,30.8,-2.8,85,1159.472824,330.2078235,4.442651256,28,800,30,1,UMi_NLOS_28
173.4,-100.7,130.7,34.3,-1.7,85,1159.492,330.2079773,4.442651256,28,800,30,1,UMi_NLOS_28
173.5,-103.2,133.2,18.4,-0.4,85,1159.513059,330.2086129,4.442651256,28,800,30,1,UMi_NLOS_28
173.6,-102.8,132.8,43.4,-6.5,85,1159.538824,330.21447,4.442651256,28,800,30,1,UMi_NLOS_28
173.7,-102.7,132.7,57.8,-4.8,85,1159.558235,330.213584,4.442651256,28,800,30,1,UMi_NLOS_28
173.7,-104.1,134.1,76.8,-6.4,85,1159.58,330.2167211,4.442651256,28,800,30,1,UMi_NLOS_28
173.8,-97.7,127.7,29.1,-2.4,85,1159.601882,330.2218917,4.442651256,28,800,30,1,UMi_NLOS_28
173.9,-101.9,131.9,25.8,6.9,85,1159.620235,330.2181658,4.442651256,28,800,30,1,UMi_NLOS_28
174,-96.4,126.4,39.9,0.9,85,1159.640824,330.2173456,4.442651256,28,800,30,1,UMi_NLOS_28
174,-104.9,134.9,40.2,1.9,85,1159.665059,330.2229741,4.442651256,28,800,30,1,UMi_NLOS_28
174.1,-103.6,133.6,42.8,-2,97,1074.289278,361.2381933,4.574710978,28,800,30,1,UMi_NLOS_28
174.2,-105.1,135.1,53.7,-2.7,85,1159.684353,330.2254448,4.442651256,28,800,30,1,UMi_NLOS_28
174.2,-99.5,129.5,26.3,-0.1,85,1159.708471,330.2300527,4.442651256,28,800,30,1,UMi_NLOS_28
174.3,-107.4,137.4,71.9,-5.1,85,1159.725882,330.2297083,4.442651256,28,800,30,1,UMi_NLOS_28
174.4,-101.3,131.3,39,-1.1,85,1159.749765,330.2342791,4.442651256,28,800,30,1,UMi_NLOS_28
174.5,-103.5,133.5,30.1,0.5,85,1159.768235,330.2333265,4.442651256,28,800,30,1,UMi_NLOS_28
174.5,-105.3,135.3,37.9,-0.9,85,1159.790353,330.2347371,4.442651256,28,800,30,1,UMi_NLOS_28
174.6,-106.4,136.4,55.7,-1.6,85,1159.810941,330.2361962,4.442651256,28,800,30,1,UMi_NLOS_28
174.7,-103.9,133.9,35.4,-0.8,85,1159.829529,330.2367599,4.442651256,28,800,30,1,UMi_NLOS_28
174.8,-105.3,135.3,58.7,0.5,85,1159.860588,330.2473097,4.442651256,28,800,30,1,UMi_NLOS_28
174.8,-106.6,136.6,68.7,-3.9,85,1159.874824,330.2409658,4.442651256,28,800,30,1,UMi_NLOS_28
174.9,-106.1,136.1,46.3,-4,97,1074.295052,361.2363707,4.574710978,28,800,30,1,UMi_NLOS_28
175,-107.3,137.3,28.3,0.9,85,1159.899529,330.2421298,4.442651256,28,800,30,1,UMi_NLOS_28
175.1,-102.1,132.1,46.2,-2.4,85,1159.912118,330.2410194,4.442651256,28,800,30,1,UMi_NLOS_28
175.1,-107.5,137.5,23.9,-1.9,85,1159.936,330.2464374,4.442651256,28,800,30,1,UMi_NLOS_28
175.2,-104.4,134.4,56.4,-1.5,85,1159.961765,330.2507719,4.442651256,28,800,30,1,UMi_NLOS_28
175.3,-107.2,137.2,40.8,3.6,85,1159.982588,330.2500647,4.442651256,28,800,30,1,UMi_NLOS_28
175.3,-95.8,125.8,55.2,1.4,85,1160.004588,330.2533936,4.442651256,28,800,30,1,UMi_NLOS_28
175.4,-102.9,132.9,59.2,-7.8,85,1160.022118,330.2542902,4.442651256,28,800,30,1,UMi_NLOS_28
175.5,-101.9,131.9,49.3,-1.7,85,1160.042706,330.2552226,4.442651256,28,800,30,1,UMi_NLOS_28
175.6,-108.4,138.4,63.5,-2.8,85,1160.068118,330.2582301,4.442651256,28,800,30,1,UMi_NLOS_28
175.6,-103.3,133.3,33.5,-4.1,85,1160.087765,330.2569548,4.442651256,28,800,30,1,UMi_NLOS_28
175.7,-107,137,44.9,-3.6,97,1074.308041,361.2396292,4.574710978,28,800,30,1,UMi_NLOS_28
175.8,-105.1,135.1,52.1,3.5,85,1160.107882,330.2589892,4.442651256,28,800,30,1,UMi_NLOS_28
175.9,-112.3,142.3,75.8,-3.5,85,1160.130118,330.2622722,4.442651256,28,800,30,1,UMi_NLOS_28
175.9,-94.2,124.2,48.3,-5.1,85,1160.152941,330.2655471,4.442651256,28,800,30,1,UMi_NLOS_28
176,-100,130,30.7,-4.2,85,1160.177059,330.2651959,4.442651256,28,800,30,1,UMi_NLOS_28
176.1,-108.7,138.7,61.9,-2.3,85,1160.196941,330.266342,4.442651256,28,800,30,1,UMi_NLOS_28
176.2,-101.6,131.6,57.4,-1.4,85,1160.221647,330.2696668,4.442651256,28,800,30,1,UMi_NLOS_28
176.2,-101.4,131.4,48.5,-5.8,85,1160.243529,330.2741571,4.442651256,28,800,30,1,UMi_NLOS_28
176.3,-104.6,134.6,30.8,-0.6,85,1160.263529,330.2735218,4.442651256,28,800,30,1,UMi_NLOS_28
176.4,-109.4,139.4,30.9,-5.3,85,1160.286588,330.278133,4.442651256,28,800,30,1,UMi_NLOS_28
176.5,-98.6,128.6,49.3,-2.5,85,1160.306471,330.2752487,4.442651256,28,800,30,1,UMi_NLOS_28
176.5,-105.2,135.2,42.7,-5.9,97,1074.318557,361.2444,4.574710978,28,800,30,1,UMi_NLOS_28
176.6,-104.8,134.8,43.1,-4.7,85,1160.333176,330.2816421,4.442651256,28,800,30,1,UMi_NLOS_28
176.7,-105.9,135.9,61.2,-8.3,85,1160.352,330.2845623,4.442651256,28,800,30,1,UMi_NLOS_28
176.7,-98.7,128.7,52.6,-3.7,85,1160.370941,330.2816298,4.442651256,28,800,30,1,UMi_NLOS_28
176.8,-100.9,130.9,28,-0.8,85,1160.398824,330.2894722,4.442651256,28,800,30,1,UMi_NLOS_28
176.9,-99.6,129.6,37.7,-4.6,85,1160.414706,330.2858381,4.442651256,28,800,30,1,UMi_NLOS_28
177,-112.1,142.1,58.5,-4.6,85,1160.436941,330.2875027,4.442651256,28,800,30,1,UMi_NLOS_28
177,-100.6,130.6,32.4,-2.5,85,1160.456118,330.2867731,4.442651256,28,800,30,1,UMi_NLOS_28
177.1,-106.9,136.9,61.2,-5.5,85,1160.484118,330.2898216,4.442651256,28,800,30,1,UMi_NLOS_28
177.2,-108.8,138.8,46.2,-1.8,85,1160.504,330.2924634,4.442651256,28,800,30,1,UMi_NLOS_28
177.3,-98.1,128.1,37.4,-1.9,85,1160.532,330.3000155,4.442651256,28,800,30,1,UMi_NLOS_28
177.3,-91.1,121.1,40.1,0.1,97,1074.326907,361.2428663,4.574710978,28,800,30,1,UMi_NLOS_28
177.4,-104.6,134.6,51.3,-3,85,1160.547294,330.2949213,4.442651256,28,800,30,1,UMi_NLOS_28
177.5,-110.4,140.4,65,0.9,85,1160.572941,330.2959585,4.442651256,28,800,30,1,UMi_NLOS_28
177.6,-100.9,130.9,40.4,-3.2,85,1160.597529,330.2996279,4.442651256,28,800,30,1,UMi_NLOS_28
177.6,-108.8,138.8,31.3,1.3,85,1160.619765,330.3039296,4.442651256,28,800,30,1,UMi_NLOS_28
177.7,-107.7,137.7,73.7,-4.2,85,1160.642118,330.3069659,4.442651256,28,800,30,1,UMi_NLOS_28
177.8,-103.5,133.5,26.3,-2.2,85,1160.666706,330.3088794,4.442651256,28,800,30,1,UMi_NLOS_28
177.9,-95.6,125.6,56.5,3.6,85,1160.686941,330.3119692,4.442651256,28,800,30,1,UMi_NLOS_28
177.9,-94.5,124.5,31.5,-1.4,85,1160.705412,330.3090197,4.442651256,28,800,30,1,UMi_NLOS_28
178,-93.4,123.4,38.8,-0.5,85,1160.726706,330.3124631,4.442651256,28,800,30,1,UMi_NLOS_28
178.1,-99.4,129.4,46,-2.6,85,1160.757176,330.3164111,4.442651256,28,800,30,1,UMi_NLOS_28
178.2,-88.5,118.5,44.3,-2.7,97,1074.329691,361.2389243,4.574710978,28,800,30,1,UMi_NLOS_28
178.2,-102.9,132.9,35.4,-5.9,85,1160.770471,330.3144416,4.442651256,28,800,30,1,UMi_NLOS_28
178.3,-99.8,129.8,23.7,-5.2,85,1160.799059,330.3198426,4.442651256,28,800,30,1,UMi_NLOS_28
178.4,-103.7,133.7,29.9,-2,85,1160.818706,330.3188044,4.442651256,28,800,30,1,UMi_NLOS_28
178.5,-104,134,35.1,-0.5,85,1160.840118,330.3196029,4.442651256,28,800,30,1,UMi_NLOS_28
178.5,-95,125,34.6,3.6,85,1160.862353,330.3205039,4.442651256,28,800,30,1,UMi_NLOS_28
178.6,-103.9,133.9,40.1,-6.2,85,1160.884824,330.3207949,4.442651256,28,800,30,1,UMi_NLOS_28
178.7,-84.6,114.6,34,-3.2,85,1160.913176,330.3276792,4.442651256,28,800,30,1,UMi_NLOS_28
178.8,-114.6,144.6,54,-4.2,85,1160.938824,330.3293978,4.442651256,28,800,30,1,UMi_NLOS_28
178.8,-99.9,129.9,62.6,-5.8,85,1160.956824,330.3338426,4.442651256,28,800,30,1,UMi_NLOS_28
178.9,-106,136,26.1,3.1,85,1160.978,330.3315895,4.442651256,28,800,30,1,UMi_NLOS_28
179,-108.6,138.6,22.1,3.2,97,1074.336392,361.2368659,4.574710978,28,800,30,1,UMi_NLOS_28
179,-97.9,127.9,14.8,3.4,85,1161.002118,330.3321442,4.442651256,28,800,30,1,UMi_NLOS_28
179.1,-89.4,119.4,24.4,-1.1,85,1161.025765,330.3332944,4.442651256,28,800,30,1,UMi_NLOS_28
179.2,-93.7,123.7,32.8,0.8,85,1161.048118,330.3383804,4.442651256,28,800,30,1,UMi_NLOS_28
179.3,-113,143,18.2,5.5,85,1161.073882,330.3455777,4.442651256,28,800,30,1,UMi_NLOS_28
179.3,-102.3,132.3,28,-0.5,85,1161.094353,330.3423505,4.442651256,28,800,30,1,UMi_NLOS_28
179.4,-102.7,132.7,14.9,2.8,85,1161.119176,330.3461803,4.442651256,28,800,30,1,UMi_NLOS_28
179.5,-101.5,131.5,26.2,-3.6,85,1161.141647,330.3460577,4.442651256,28,800,30,1,UMi_NLOS_28
179.6,-105.1,135.1,23,1.3,85,1161.164235,330.3496291,4.442651256,28,800,30,1,UMi_NLOS_28
179.6,-102,132,16.9,1.5,85,1161.188,330.3484826,4.442651256,28,800,30,1,UMi_NLOS_28
179.7,-98,128,15.7,2.1,57,973.5422807,227.7479421,4.043051268,28,800,30,1,UMi_NLOS_28
179.8,-107.4,137.4,23.8,-0.7,97,1074.201856,361.2407284,4.574710978,28,800,30,1,UMi_NLOS_28
179.9,-104.6,134.6,30.7,-0.7,97,1074.347423,361.2358301,4.574710978,28,800,30,1,UMi_NLOS_28
179.9,-94.3,124.3,18.6,2.7,47,900.9389362,181.0063681,3.850147602,28,800,30,1,UMi_NLOS_28
180,-107.3,137.3,43.8,1.4,46,791.7443478,86.72398429,3.828641396,28,800,30,1,UMi_NLOS_28
180.1,-90.6,120.6,16.6,1.6,40,781.1725,93.95576014,3.688879454,28,800,30,1,UMi_NLOS_28
180.2,-96,126,17.8,0.7,40,781.17125,93.94764513,3.688879454,28,800,30,1,UMi_NLOS_28
180.2,-93.3,123.3,15.1,5.9,40,781.171,93.93882929,3.688879454,28,800,30,1,UMi_NLOS_28
180.3,-103.7,133.7,26.5,1.8,40,781.1705,93.92985148,3.688879454,28,800,30,1,UMi_NLOS_28
180.4,-105.8,135.8,18.9,3.8,40,781.1695,93.92107777,3.688879454,28,800,30,1,UMi_NLOS_28
180.5,-108.9,138.9,10,4.9,40,781.17125,93.91360094,3.688879454,28,800,30,1,UMi_NLOS_28
180.5,-113,143,15.1,0.9,40,781.17025,93.9044769,3.688879454,28,800,30,1,UMi_NLOS_28
180.6,-112.8,142.8,18.8,1.3,40,781.1705,93.89505349,3.688879454,28,800,30,1,UMi_NLOS_28
180.7,-111.7,141.7,19.7,-1.3,97,1074.351649,361.2359306,4.574710978,28,800,30,1,UMi_NLOS_28
180.8,-97.3,127.3,43.3,-4.5,40,781.17075,93.88693004,3.688879454,28,800,30,1,UMi_NLOS_28
180.8,-97.7,127.7,23.3,-3.5,40,781.17,93.8784422,3.688879454,28,800,30,1,UMi_NLOS_28
180.9,-103.5,133.5,25.2,-1,40,781.1705,93.86924834,3.688879454,28,800,30,1,UMi_NLOS_28
181,-115.9,145.9,12.7,1.5,40,781.1705,93.86083302,3.688879454,28,800,30,1,UMi_NLOS_28
181.1,-108,138,12.2,0.6,40,781.16975,93.85309296,3.688879454,28,800,30,1,UMi_NLOS_28
181.1,-117,147,14.9,-0.6,40,781.1705,93.84475803,3.688879454,28,800,30,1,UMi_NLOS_28
181.2,-90.1,120.1,26.2,-0.4,40,781.1695,93.83555813,3.688879454,28,800,30,1,UMi_NLOS_28
181.3,-87.7,117.7,25.4,-1.6,40,781.1705,93.8273749,3.688879454,28,800,30,1,UMi_NLOS_28
181.4,-102.2,132.2,9.6,6.4,40,781.17125,93.81909191,3.688879454,28,800,30,1,UMi_NLOS_28
181.5,-115.9,145.9,16.4,-2.6,40,781.171,93.81098805,3.688879454,28,800,30,1,UMi_NLOS_28
181.5,-108.6,138.6,14.9,6.1,97,1074.362268,361.2366806,4.574710978,28,800,30,1,UMi_NLOS_28
181.6,-99.7,129.7,17,-0.9,40,781.17075,93.80269595,3.688879454,28,800,30,1,UMi_NLOS_28
181.7,-103.8,133.8,18.1,2.3,40,781.171,93.79373683,3.688879454,28,800,30,1,UMi_NLOS_28
181.8,-97.5,127.5,18.1,5.4,40,781.17125,93.78632435,3.688879454,28,800,30,1,UMi_NLOS_28
181.8,-105.9,135.9,20.5,0.1,40,781.17175,93.77759607,3.688879454,28,800,30,1,UMi_NLOS_28
181.9,-104.9,134.9,24.3,-0.9,40,781.172,93.77000712,3.688879454,28,800,30,1,UMi_NLOS_28
182,-89.7,119.7,23.9,5.8,40,781.17225,93.76110887,3.688879454,28,800,30,1,UMi_NLOS_28
182.1,-109.7,139.7,28.5,4.2,40,781.17225,93.75261038,3.688879454,28,800,30,1,UMi_NLOS_28
182.1,-120.9,150.9,13.9,2.1,40,781.173,93.74494174,3.688879454,28,800,30,1,UMi_NLOS_28
182.2,-101.8,131.8,41.5,-4,40,781.17325,93.73700607,3.688879454,28,800,30,1,UMi_NLOS_28
182.3,-111.2,141.2,45.9,-4.3,40,781.173,93.72877483,3.688879454,28,800,30,1,UMi_NLOS_28
182.4,-102.8,132.8,20,0.9,97,1074.376392,361.2402937,4.574710978,28,800,30,1,UMi_NLOS_28
182.4,-108.8,138.8,25.8,0.1,40,781.17375,93.72158801,3.688879454,28,800,30,1,UMi_NLOS_28
182.5,-99,129,16.1,1.8,40,781.17475,93.71260614,3.688879454,28,800,30,1,UMi_NLOS_28
182.6,-106.1,136.1,23.7,5.3,40,781.175,93.70399519,3.688879454,28,800,30,1,UMi_NLOS_28
182.7,-112.5,142.5,24.1,-4.3,40,781.175,93.69641236,3.688879454,28,800,30,1,UMi_NLOS_28
182.7,-114.5,144.5,10.7,0,40,781.177,93.68817594,3.688879454,28,800,30,1,UMi_NLOS_28
182.8,-106.8,136.8,15.5,3,40,781.1775,93.68057656,3.688879454,28,800,30,1,UMi_NLOS_28
182.9,-93.6,123.6,19.9,-1.8,40,781.17775,93.67197869,3.688879454,28,800,30,1,UMi_NLOS_28
183,-105.6,135.6,25.9,-2.7,40,781.17825,93.66482432,3.688879454,28,800,30,1,UMi_NLOS_28
183,-104.6,134.6,13.7,-0.3,40,781.1795,93.65601211,3.688879454,28,800,30,1,UMi_NLOS_28
183.1,-103.7,133.7,19.6,2.9,40,781.17975,93.64827322,3.688879454,28,800,30,1,UMi_NLOS_28
183.2,-96.9,126.9,19.7,-1,97,1074.381237,361.2368167,4.574710978,28,800,30,1,UMi_NLOS_28
183.3,-106,136,14,7.9,40,781.18075,93.64012418,3.688879454,28,800,30,1,UMi_NLOS_28
183.3,-100.6,130.6,15.3,2.8,40,781.1815,93.63265997,3.688879454,28,800,30,1,UMi_NLOS_28
183.4,-96.3,126.3,20.9,0.4,40,781.18175,93.62548939,3.688879454,28,800,30,1,UMi_NLOS_28
183.5,-89.3,119.3,27.9,-0.6,40,781.18275,93.61618105,3.688879454,28,800,30,1,UMi_NLOS_28
183.6,-103.2,133.2,23,-0.3,40,781.18475,93.60970481,3.688879454,28,800,30,1,UMi_NLOS_28
183.6,-108.6,138.6,21.7,1.5,40,781.18475,93.60214594,3.688879454,28,800,30,1,UMi_NLOS_28
183.7,-99.7,129.7,25.5,-0.7,40,781.1855,93.59317154,3.688879454,28,800,30,1,UMi_NLOS_28
183.8,-108.4,138.4,41.3,-3.7,40,781.18575,93.5857479,3.688879454,28,800,30,1,UMi_NLOS_28
183.9,-100,130,19.2,3.2,40,781.1865,93.57904091,3.688879454,28,800,30,1,UMi_NLOS_28
184,-109.2,139.2,33.3,-1.7,40,781.18825,93.56965175,3.688879454,28,800,30,1,UMi_NLOS_28
184,-110.7,140.7,11.8,-1.7,97,1074.387835,361.2346852,4.574710978,28,800,30,1,UMi_NLOS_28
184.1,-97.7,127.7,26.2,1.3,40,781.1885,93.56294474,3.688879454,28,800,30,1,UMi_NLOS_28
184.2,-94.4,124.4,45.9,-1.2,40,781.18975,93.55526742,3.688879454,28,800,30,1,UMi_NLOS_28
184.3,-110.3,140.3,24.3,0.6,40,781.19075,93.54712129,3.688879454,28,800,30,1,UMi_NLOS_28
184.3,-103.6,133.6,20.3,-0.6,40,781.19225,93.54055103,3.688879454,28,800,30,1,UMi_NLOS_28
184.4,-105,135,15.2,-0.3,40,781.1925,93.53296413,3.688879454,28,800,30,1,UMi_NLOS_28
184.5,-113.7,143.7,22.7,-2,40,781.1945,93.52498492,3.688879454,28,800,30,1,UMi_NLOS_28
184.6,-109.1,139.1,22.6,-4.2,40,781.1955,93.51749745,3.688879454,28,800,30,1,UMi_NLOS_28
184.6,-107.5,137.5,17.2,-1.8,40,781.19675,93.51034035,3.688879454,28,800,30,1,UMi_NLOS_28
184.7,-101,131,37.6,9.1,40,781.1975,93.50132672,3.688879454,28,800,30,1,UMi_NLOS_28
184.8,-102.2,132.2,16.4,-1.7,40,781.19875,93.49470536,3.688879454,28,800,30,1,UMi_NLOS_28
184.9,-103.1,133.1,18.7,-5.3,97,1074.397732,361.2341916,4.574710978,28,800,30,1,UMi_NLOS_28
184.9,-127.5,157.5,19.6,-1.1,40,781.19975,93.48792929,3.688879454,28,800,30,1,UMi_NLOS_28
185,-111,141,29.9,-1.4,40,781.20075,93.47943521,3.688879454,28,800,30,1,UMi_NLOS_28
185.1,-111.5,141.5,34.9,4.7,40,781.20275,93.47257935,3.688879454,28,800,30,1,UMi_NLOS_28
185.2,-94.7,124.7,20.3,1.9,40,781.20425,93.46599421,3.688879454,28,800,30,1,UMi_NLOS_28
185.3,-119,149,24.7,-2.9,40,781.20575,93.45764174,3.688879454,28,800,30,1,UMi_NLOS_28
185.3,-109.7,139.7,19.3,1,40,781.20575,93.45121567,3.688879454,28,800,30,1,UMi_NLOS_28
185.4,-111,141,19.7,-0.1,40,781.20925,93.44351996,3.688879454,28,800,30,1,UMi_NLOS_28
185.5,-98.2,128.2,21.9,5.4,40,781.20925,93.4360575,3.688879454,28,800,30,1,UMi_NLOS_28
185.6,-106.2,136.2,22.2,-2.5,40,781.21175,93.42902418,3.688879454,28,800,30,1,UMi_NLOS_28
185.6,-111.4,141.4,17.3,1.6,40,781.212,93.42137909,3.688879454,28,800,30,1,UMi_NLOS_28
185.7,-102.7,132.7,19.5,-2.9,97,1074.40268,361.2329065,4.574710978,28,800,30,1,UMi_NLOS_28
185.8,-108,138,12.3,-1,40,781.215,93.4149464,3.688879454,28,800,30,1,UMi_NLOS_28
185.9,-112.8,142.8,41.2,0.6,40,781.2155,93.40738964,3.688879454,28,800,30,1,UMi_NLOS_28
185.9,-96.2,126.2,21.6,-2.7,40,781.2165,93.39989905,3.688879454,28,800,30,1,UMi_NLOS_28
186,-102.8,132.8,29.1,0.4,40,781.21875,93.39281691,3.688879454,28,800,30,1,UMi_NLOS_28
186.1,-103.4,133.4,26.3,-2.2,40,781.21975,93.38650155,3.688879454,28,800,30,1,UMi_NLOS_28
186.2,-100.5,130.5,23.1,1.4,40,781.2225,93.37891814,3.688879454,28,800,30,1,UMi_NLOS_28
186.3,-111,141,24.4,-0.7,40,781.22375,93.37096092,3.688879454,28,800,30,1,UMi_NLOS_28
186.3,-103.1,133.1,15.8,-2.2,40,781.2255,93.36472342,3.688879454,28,800,30,1,UMi_NLOS_28
186.4,-97.5,127.5,27.3,-4.4,40,781.2275,93.35761524,3.688879454,28,800,30,1,UMi_NLOS_28
186.5,-95.9,125.9,21.6,2.4,40,781.22975,93.35055818,3.688879454,28,800,30,1,UMi_NLOS_28
186.6,-98.6,128.6,45.9,1.8,97,1074.412577,361.2329703,4.574710978,28,800,30,1,UMi_NLOS_28
186.6,-98.9,128.9,41.2,6.2,40,781.23025,93.34344874,3.688879454,28,800,30,1,UMi_NLOS_28
186.7,-110.7,140.7,22.2,-2.6,40,781.23275,93.33612055,3.688879454,28,800,30,1,UMi_NLOS_28
186.8,-106.6,136.6,24.2,-1.3,40,781.23525,93.32984946,3.688879454,28,800,30,1,UMi_NLOS_28
186.9,-102.5,132.5,28.7,0.6,40,781.2365,93.32285667,3.688879454,28,800,30,1,UMi_NLOS_28
186.9,-113.3,143.3,23.6,-4,40,781.23825,93.31492533,3.688879454,28,800,30,1,UMi_NLOS_28
187,-109.6,139.6,53.2,5.6,40,781.24025,93.30787356,3.688879454,28,800,30,1,UMi_NLOS_28
187.1,-108.2,138.2,27.6,-0.5,40,781.242,93.30195698,3.688879454,28,800,30,1,UMi_NLOS_28
187.2,-105.7,135.7,56.7,-5.1,40,781.24375,93.29452545,3.688879454,28,800,30,1,UMi_NLOS_28
187.3,-105.8,135.8,54.2,-1.1,40,781.24575,93.28805272,3.688879454,28,800,30,1,UMi_NLOS_28
187.3,-100,130,60.9,4.6,40,781.2475,93.2814798,3.688879454,28,800,30,1,UMi_NLOS_28
187.4,-111.9,141.9,31.6,1.7,97,1074.422165,361.2321863,4.574710978,28,800,30,1,UMi_NLOS_28
187.5,-94.3,124.3,28.1,-1.9,40,781.25075,93.27464705,3.688879454,28,800,30,1,UMi_NLOS_28
187.6,-105.2,135.2,35.4,-3.7,40,781.2525,93.26755306,3.688879454,28,800,30,1,UMi_NLOS_28
187.6,-97.3,127.3,39.7,-3.1,40,781.254,93.26131574,3.688879454,28,800,30,1,UMi_NLOS_28
187.7,-110,140,37.6,-1.5,40,781.25625,93.25458245,3.688879454,28,800,30,1,UMi_NLOS_28
187.8,-98.6,128.6,23.8,-3,40,781.259,93.24700933,3.688879454,28,800,30,1,UMi_NLOS_28
187.9,-99.1,129.1,25.9,-3,40,781.26075,93.24097338,3.688879454,28,800,30,1,UMi_NLOS_28
187.9,-100.5,130.5,42.4,-2.5,40,781.263,93.23432577,3.688879454,28,800,30,1,UMi_NLOS_28
188,-100.6,130.6,21.4,-5,40,781.26475,93.22830447,3.688879454,28,800,30,1,UMi_NLOS_28
188.1,-90.7,120.7,49.9,0.8,40,781.26675,93.22155039,3.688879454,28,800,30,1,UMi_NLOS_28
188.2,-103.4,133.4,87.5,-5.3,40,781.27,93.2138933,3.688879454,28,800,30,1,UMi_NLOS_28
188.3,-106.4,136.4,49.5,-5.4,97,1074.209794,361.2450211,4.574710978,28,800,30,1,UMi_NLOS_28
188.3,-108,138,34.1,-4.7,97,1074.432371,361.2358253,4.574710978,28,800,30,1,UMi_NLOS_28
188.4,-98.6,128.6,32.9,-6.8,49,845.1571429,158.903599,3.891820298,28,800,30,1,UMi_NLOS_28
188.5,-96.9,126.9,34.2,1.8,47,813.0897872,170.2598118,3.850147602,28,800,30,1,UMi_NLOS_28
188.6,-106.8,136.8,42.3,-4.3,35,865.7088571,167.0646011,3.555348061,28,800,30,1,UMi_NLOS_28
188.6,-109.6,139.6,42,-3.5,35,865.7117143,167.0610414,3.555348061,28,800,30,1,UMi_NLOS_28
188.7,-104.5,134.5,36.6,-5.5,35,865.712,167.0541131,3.555348061,28,800,30,1,UMi_NLOS_28
188.8,-101.3,131.3,52.1,1.2,35,865.7188571,167.0539832,3.555348061,28,800,30,1,UMi_NLOS_28
188.9,-108.5,138.5,67.7,0.7,35,865.7197143,167.0464566,3.555348061,28,800,30,1,UMi_NLOS_28
189,-92.2,122.2,20.7,-2.9,35,865.7231429,167.0433745,3.555348061,28,800,30,1,UMi_NLOS_28
189,-105.2,135.2,66.1,-2.8,35,865.7217143,167.0307004,3.555348061,28,800,30,1,UMi_NLOS_28
189.1,-96,126,31.5,-4.4,35,865.7217143,167.023233,3.555348061,28,800,30,1,UMi_NLOS_28
189.2,-105.9,135.9,30.2,6.2,97,1074.440309,361.232522,4.574710978,28,800,30,1,UMi_NLOS_28
189.3,-105.2,135.2,35.9,0.9,35,865.7225714,167.0152464,3.555348061,28,800,30,1,UMi_NLOS_28
189.3,-102.8,132.8,32.6,-1,35,865.7285714,167.0171965,3.555348061,28,800,30,1,UMi_NLOS_28
189.4,-104.3,134.3,14.5,4.2,35,865.73,167.0086632,3.555348061,28,800,30,1,UMi_NLOS_28
189.5,-96.8,126.8,28.9,1.2,35,865.736,167.0098712,3.555348061,28,800,30,1,UMi_NLOS_28
189.6,-97.5,127.5,38.2,-1.9,35,865.7397143,167.0066088,3.555348061,28,800,30,1,UMi_NLOS_28
189.7,-94.8,124.8,43.5,-1.2,35,865.7425714,167.0038358,3.555348061,28,800,30,1,UMi_NLOS_28
189.7,-102.7,132.7,15.6,-1,35,865.7442857,166.9953527,3.555348061,28,800,30,1,UMi_NLOS_28
189.8,-103.4,133.4,21,3.2,35,865.748,166.9920589,3.555348061,28,800,30,1,UMi_NLOS_28
189.9,-100.6,130.6,55.8,-3.6,35,865.7457143,166.9800609,3.555348061,28,800,30,1,UMi_NLOS_28
190,-98,128,18.4,-0.7,35,865.7491429,166.9765672,3.555348061,28,800,30,1,UMi_NLOS_28
190,-114.6,144.6,55,-0.9,97,1074.448454,361.2345809,4.574710978,28,800,30,1,UMi_NLOS_28
190.1,-108.1,138.1,35.4,-1.4,35,865.75,166.9683251,3.555348061,28,800,30,1,UMi_NLOS_28
190.2,-105.9,135.9,41.3,-0.8,35,865.7545714,166.9647062,3.555348061,28,800,30,1,UMi_NLOS_28
190.3,-105.8,135.8,49.9,-2.9,35,865.7551429,166.956923,3.555348061,28,800,30,1,UMi_NLOS_28
190.4,-99.6,129.6,23.9,-3.6,35,865.7557143,166.9491097,3.555348061,28,800,30,1,UMi_NLOS_28
190.4,-101.6,131.6,37.3,-3,35,865.7597143,166.9454645,3.555348061,28,800,30,1,UMi_NLOS_28
190.5,-102.7,132.7,41.5,-0.3,35,865.7597143,166.9380158,3.555348061,28,800,30,1,UMi_NLOS_28
190.6,-104,134,36.9,-4.1,35,865.7662857,166.9396758,3.555348061,28,800,30,1,UMi_NLOS_28
190.7,-101.7,131.7,37,-3.8,35,865.7651429,166.9264503,3.555348061,28,800,30,1,UMi_NLOS_28
190.7,-101.5,131.5,44.4,-3.5,35,865.772,166.9271738,3.555348061,28,800,30,1,UMi_NLOS_28
190.8,-102,132,20.9,0.5,35,865.7702857,166.9148544,3.555348061,28,800,30,1,UMi_NLOS_28
190.9,-108.2,138.2,18.5,1.5,97,1074.454227,361.2310956,4.574710978,28,800,30,1,UMi_NLOS_28
191,-102.6,132.6,34.3,2.3,35,865.776,166.9162793,3.555348061,28,800,30,1,UMi_NLOS_28
191.1,-105.2,135.2,41.4,-0.4,35,865.774,166.9045898,3.555348061,28,800,30,1,UMi_NLOS_28
191.1,-109.2,139.2,26.7,-5.3,35,865.772,166.8920662,3.555348061,28,800,30,1,UMi_NLOS_28
191.2,-107.8,137.8,24.1,-2.1,35,865.7797143,166.8928039,3.555348061,28,800,30,1,UMi_NLOS_28
191.3,-103.1,133.1,17.1,-1.5,35,865.78,166.8849821,3.555348061,28,800,30,1,UMi_NLOS_28
191.4,-98.3,128.3,35.7,-3.2,35,865.7868571,166.8861214,3.555348061,28,800,30,1,UMi_NLOS_28
191.5,-107.2,137.2,41.3,-3.3,35,865.7882857,166.877536,3.555348061,28,800,30,1,UMi_NLOS_28
191.5,-106.7,136.7,87.5,-5.2,35,865.7948571,166.8792822,3.555348061,28,800,30,1,UMi_NLOS_28
191.6,-100.8,130.8,24.7,3.3,35,865.796,166.8711181,3.555348061,28,800,30,1,UMi_NLOS_28
191.7,-101.2,131.2,15.8,0.8,35,865.8002857,166.8678463,3.555348061,28,800,30,1,UMi_NLOS_28
191.8,-108.3,138.3,27.1,3.4,97,1074.462371,361.2297132,4.574710978,28,800,30,1,UMi_NLOS_28
191.8,-106.7,136.7,27,0.4,35,865.7974286,166.8557825,3.555348061,28,800,30,1,UMi_NLOS_28
191.9,-101,131,48.1,2.7,35,865.8028571,166.8515495,3.555348061,28,800,30,1,UMi_NLOS_28
192,-100.9,130.9,28.9,-0.2,35,865.8057143,166.8482938,3.555348061,28,800,30,1,UMi_NLOS_28
192.1,-106.1,136.1,39.1,-0.9,35,865.8071429,166.8404596,3.555348061,28,800,30,1,UMi_NLOS_28
192.2,-104.9,134.9,23.7,-1.2,35,865.8137143,166.8415097,3.555348061,28,800,30,1,UMi_NLOS_28
192.2,-102.6,132.6,46.5,3,35,865.8145714,166.8340304,3.555348061,28,800,30,1,UMi_NLOS_28
192.3,-101.1,131.1,47.6,0.8,35,865.8151429,166.8259342,3.555348061,28,800,30,1,UMi_NLOS_28
192.4,-102.6,132.6,32,-4.4,35,865.8171429,166.8174107,3.555348061,28,800,30,1,UMi_NLOS_28
192.5,-103,133,41.7,-2.1,35,865.8234286,166.8185603,3.555348061,28,800,30,1,UMi_NLOS_28
192.6,-104.3,134.3,37.2,-1.1,35,865.828,166.8151507,3.555348061,28,800,30,1,UMi_NLOS_28
192.6,-106.4,136.4,37,-1.6,97,1074.473505,361.2294483,4.574710978,28,800,30,1,UMi_NLOS_28
192.7,-105.6,135.6,43.7,-1.1,35,865.8291429,166.8071933,3.555348061,28,800,30,1,UMi_NLOS_28
192.8,-103.6,133.6,40.6,-4.9,35,865.8277143,166.7946558,3.555348061,28,800,30,1,UMi_NLOS_28
192.9,-104.8,134.8,23.3,-4.8,35,865.8342857,166.7955627,3.555348061,28,800,30,1,UMi_NLOS_28
192.9,-107.8,137.8,46.1,-4.8,35,865.836,166.7875895,3.555348061,28,800,30,1,UMi_NLOS_28
193,-104.3,134.3,22.7,-2.3,35,865.8374286,166.7793005,3.555348061,28,800,30,1,UMi_NLOS_28
193.1,-103.7,133.7,18.8,-6.1,35,865.8437143,166.7808196,3.555348061,28,800,30,1,UMi_NLOS_28
193.2,-105.7,135.7,48.7,-2.9,35,865.8462857,166.7718964,3.555348061,28,800,30,1,UMi_NLOS_28
193.3,-106.3,136.3,34.6,-3.5,35,865.8491429,166.7692108,3.555348061,28,800,30,1,UMi_NLOS_28
193.3,-104.5,134.5,27.9,-3.4,35,865.8508571,166.760794,3.555348061,28,800,30,1,UMi_NLOS_28
193.4,-106.5,136.5,31.7,-1.2,35,865.8585714,166.7614706,3.555348061,28,800,30,1,UMi_NLOS_28
193.5,-105.8,135.8,31.9,-3.4,97,1074.480309,361.227472,4.574710978,28,800,30,1,UMi_NLOS_28
193.6,-105.6,135.6,37.1,-0.7,35,865.86,166.7533486,3.555348061,28,800,30,1,UMi_NLOS_28
193.7,-103.4,133.4,23.3,-3,35,865.8602857,166.7460562,3.555348061,28,800,30,1,UMi_NLOS_28
193.7,-104.2,134.2,29.9,-2.6,35,865.8677143,166.7471755,3.555348061,28,800,30,1,UMi_NLOS_28
193.8,-104.1,134.1,23.1,-1.2,35,865.872,166.743129,3.555348061,28,800,30,1,UMi_NLOS_28
193.9,-104.8,134.8,34.3,4.2,35,865.8765714,166.7394149,3.555348061,28,800,30,1,UMi_NLOS_28
194,-103.4,133.4,31.5,8.8,35,865.8745714,166.7274895,3.555348061,28,800,30,1,UMi_NLOS_28
194,-104.6,134.6,62.7,-4.6,35,865.8757143,166.7196756,3.555348061,28,800,30,1,UMi_NLOS_28
194.1,-107.7,137.7,59.9,-3.7,35,865.878,166.7112325,3.555348061,28,800,30,1,UMi_NLOS_28
194.2,-105.2,135.2,45.6,-4.2,35,865.8817143,166.7077498,3.555348061,28,800,30,1,UMi_NLOS_28
194.3,-104.6,134.6,14.9,-4.2,35,865.8865714,166.7043346,3.555348061,28,800,30,1,UMi_NLOS_28
194.4,-104.7,134.7,36.2,-2.4,97,1074.491856,361.2295198,4.574710978,28,800,30,1,UMi_NLOS_28
194.4,-104.6,134.6,23.7,-2.6,35,865.894,166.7046252,3.555348061,28,800,30,1,UMi_NLOS_28
194.5,-104.7,134.7,16.3,0.6,35,865.8917143,166.6925822,3.555348061,28,800,30,1,UMi_NLOS_28
194.6,-104.6,134.6,25.5,0.3,35,865.8931429,166.684709,3.555348061,28,800,30,1,UMi_NLOS_28
194.7,-104.7,134.7,27.4,-1.6,35,865.9005714,166.6852716,3.555348061,28,800,30,1,UMi_NLOS_28
194.8,-104.7,134.7,21.2,0.8,35,865.902,166.6772166,3.555348061,28,800,30,1,UMi_NLOS_28
194.8,-104.7,134.7,28.5,-1.7,35,865.9031429,166.6692657,3.555348061,28,800,30,1,UMi_NLOS_28
194.9,-104.7,134.7,26.4,-3.2,35,865.9054286,166.6612595,3.555348061,28,800,30,1,UMi_NLOS_28
195,-104.7,134.7,26.5,-1.7,35,865.9125714,166.6616541,3.555348061,28,800,30,1,UMi_NLOS_28
195.1,-104.7,134.7,21.5,-2.5,35,865.9174286,166.6578492,3.555348061,28,800,30,1,UMi_NLOS_28
195.2,-104.7,134.7,28.7,-4.8,35,865.9205714,166.654699,3.555348061,28,800,30,1,UMi_NLOS_28
195.2,-104.7,134.7,24.2,-3.3,97,1074.503608,361.2321132,4.574710978,28,800,30,1,UMi_NLOS_28
195.3,-104.8,134.8,23.6,-2.4,35,865.9254286,166.6511553,3.555348061,28,800,30,1,UMi_NLOS_28
195.4,-104.9,134.9,21.1,-0.6,35,865.9182857,166.6296395,3.555348061,28,800,30,1,UMi_NLOS_28
195.5,-103.9,133.9,27.3,0.5,35,865.9231429,166.6258325,3.555348061,28,800,30,1,UMi_NLOS_28
195.6,-105,135,26.2,-3.1,35,865.9268571,166.6223233,3.555348061,28,800,30,1,UMi_NLOS_28
195.6,-104.8,134.8,20,-2.4,35,865.9345714,166.6229622,3.555348061,28,800,30,1,UMi_NLOS_28
195.7,-104.8,134.8,24,-2,35,865.9391429,166.6194034,3.555348061,28,800,30,1,UMi_NLOS_28
195.8,-104.2,134.2,28.1,-1.9,35,865.9434286,166.616398,3.555348061,28,800,30,1,UMi_NLOS_28
195.9,-105,135,27.6,-2.2,35,865.9448571,166.6080686,3.555348061,28,800,30,1,UMi_NLOS_28
195.9,-104.9,134.9,30.9,-6,35,865.9474286,166.5994526,3.555348061,28,800,30,1,UMi_NLOS_28
196,-105.5,135.5,29.7,-0.5,35,865.9542857,166.6005964,3.555348061,28,800,30,1,UMi_NLOS_28
196.1,-105.1,135.1,27.3,-2.1,97,1074.513196,361.2302035,4.574710978,28,800,30,1,UMi_NLOS_28
196.2,-104.6,134.6,28.4,-1.9,35,865.9562857,166.5921576,3.555348061,28,800,30,1,UMi_NLOS_28
196.3,-104.7,134.7,28.3,-3,35,865.9611429,166.5883196,3.555348061,28,800,30,1,UMi_NLOS_28
196.3,-105.4,135.4,30.8,0.9,35,865.962,166.5805646,3.555348061,28,800,30,1,UMi_NLOS_28
196.4,-104.7,134.7,25.4,0.8,35,865.9665714,166.5772188,3.555348061,28,800,30,1,UMi_NLOS_28
196.5,-106.6,136.6,26.1,-2.1,35,865.9714286,166.573504,3.555348061,28,800,30,1,UMi_NLOS_28
196.6,-102.7,132.7,17.4,-0.5,35,865.97,166.561055,3.555348061,28,800,30,1,UMi_NLOS_28
196.7,-105.5,135.5,18.5,2.4,35,865.978,166.5615386,3.555348061,28,800,30,1,UMi_NLOS_28
196.7,-102.3,132.3,22.4,-3.1,35,865.9765714,166.5491257,3.555348061,28,800,30,1,UMi_NLOS_28
196.8,-105.6,135.6,31.3,-3.1,35,865.9808571,166.5454082,3.555348061,28,800,30,1,UMi_NLOS_28
196.9,-103.3,133.3,32.5,-4.2,35,865.9894286,166.5458563,3.555348061,28,800,30,1,UMi_NLOS_28
197,-104.6,134.6,18.2,2.8,97,1074.220309,361.2453106,4.574710978,28,800,30,1,UMi_NLOS_28
197.1,-104.9,134.9,29.4,-1.1,97,1074.520825,361.2311355,4.574710978,28,800,30,1,UMi_NLOS_28
197.1,-103.8,133.8,23.8,-1,26,775.0765385,71.78419389,3.258096538,28,800,30,1,UMi_NLOS_28
197.2,-106.6,136.6,31.1,-1.5,2,656.635,1.185,0.693147181,28,800,30,1,UMi_NLOS_28
197.3,-105.4,135.4,23.6,1.1,5,696.198,13.88022104,1.609437912,28,800,30,1,UMi_NLOS_28
197.4,-107.1,137.1,17.9,1,5,696.172,13.88527191,1.609437912,28,800,30,1,UMi_NLOS_28
197.5,-101.4,131.4,31.3,-3.1,5,696.152,13.89444695,1.609437912,28,800,30,1,UMi_NLOS_28
197.5,-104.4,134.4,24.9,-0.3,5,696.128,13.89928401,1.609437912,28,800,30,1,UMi_NLOS_28
197.6,-104.8,134.8,23.9,-1.5,5,696.106,13.90718749,1.609437912,28,800,30,1,UMi_NLOS_28
197.7,-102.4,132.4,12.2,7.5,5,696.082,13.91205434,1.609437912,28,800,30,1,UMi_NLOS_28
197.8,-103.2,133.2,22.5,-1.4,5,696.06,13.92156169,1.609437912,28,800,30,1,UMi_NLOS_28
197.9,-104.6,134.6,18.9,2.9,5,696.036,13.92646201,1.609437912,28,800,30,1,UMi_NLOS_28
197.9,-106.1,136.1,24.7,-3.3,97,1074.527216,361.2271188,4.574710978,28,800,30,1,UMi_NLOS_28
198,-107.1,137.1,30.5,-2,5,696.014,13.93443303,1.609437912,28,800,30,1,UMi_NLOS_28
198.1,-103.7,133.7,28.1,-1.4,5,695.992,13.9406677,1.609437912,28,800,30,1,UMi_NLOS_28
198.2,-104.1,134.1,30.6,-2.7,5,695.97,13.94867019,1.609437912,28,800,30,1,UMi_NLOS_28
198.3,-104.7,134.7,33.7,0.6,5,695.946,13.95362978,1.609437912,28,800,30,1,UMi_NLOS_28
198.3,-103.4,133.4,31.9,-4.8,5,695.924,13.96448295,1.609437912,28,800,30,1,UMi_NLOS_28
198.4,-107.8,137.8,28.9,-0.1,5,695.898,13.96976507,1.609437912,28,800,30,1,UMi_NLOS_28
198.5,-107.4,137.4,25.9,-3.9,5,695.876,13.97783188,1.609437912,28,800,30,1,UMi_NLOS_28
198.6,-106.2,136.2,15.9,0.6,5,695.856,13.98722074,1.609437912,28,800,30,1,UMi_NLOS_28
198.7,-105.3,135.3,28.9,-2.8,5,695.832,13.99225557,1.609437912,28,800,30,1,UMi_NLOS_28
198.7,-104.6,134.6,31.9,-1.7,5,695.812,13.99781183,1.609437912,28,800,30,1,UMi_NLOS_28
198.8,-106,136,17.1,7.6,97,1074.535258,361.2287057,4.574710978,28,800,30,1,UMi_NLOS_28
198.9,-104.6,134.6,24.2,1.8,5,695.79,14.00418223,1.609437912,28,800,30,1,UMi_NLOS_28
199,-105.7,135.7,25.6,2,5,695.768,14.012328,1.609437912,28,800,30,1,UMi_NLOS_28
199.1,-108.9,138.9,24.3,4,5,695.744,14.01742145,1.609437912,28,800,30,1,UMi_NLOS_28
199.1,-106.9,136.9,30.4,-3.7,5,695.724,14.026905,1.609437912,28,800,30,1,UMi_NLOS_28
199.2,-105.4,135.4,29.6,-0.9,5,695.702,14.03053869,1.609437912,28,800,30,1,UMi_NLOS_28
199.3,-105.3,135.3,26.9,-4.4,5,695.684,14.03749921,1.609437912,28,800,30,1,UMi_NLOS_28
199.4,-103.7,133.7,22.4,1.6,5,695.66,14.0426536,1.609437912,28,800,30,1,UMi_NLOS_28
199.5,-105.2,135.2,20,-1.6,5,695.638,14.0508952,1.609437912,28,800,30,1,UMi_NLOS_28
199.5,-103,133,24.3,-2.5,5,695.618,14.05704009,1.609437912,28,800,30,1,UMi_NLOS_28
199.6,-105.5,135.5,27.6,-2.2,5,695.598,14.06275279,1.609437912,28,800,30,1,UMi_NLOS_28
199.7,-107.4,137.4,24,-3.6,97,1074.546392,361.2277087,4.574710978,28,800,30,1,UMi_NLOS_28
199.8,-101.2,131.2,27.5,-2.1,5,695.578,14.07234508,1.609437912,28,800,30,1,UMi_NLOS_28
199.9,-104.5,134.5,29.2,-2.8,5,695.554,14.07756882,1.609437912,28,800,30,1,UMi_NLOS_28
199.9,-101,131,18.7,3.8,5,695.532,14.08588428,1.609437912,28,800,30,1,UMi_NLOS_28
200,-106,136,27.9,-2.7,5,695.512,14.08989056,1.609437912,28,800,30,1,UMi_NLOS_28
200.1,-97.8,127.8,20.2,1,5,695.49,14.09823677,1.609437912,28,800,30,1,UMi_NLOS_28
200.2,-108.7,138.7,28.7,-2.6,5,695.47,14.10445462,1.609437912,28,800,30,1,UMi_NLOS_28
200.3,-108.3,138.3,33.3,0,5,695.45,14.11027427,1.609437912,28,800,30,1,UMi_NLOS_28
200.3,-106.6,136.6,34.2,0.6,5,695.426,14.11558089,1.609437912,28,800,30,1,UMi_NLOS_28
200.4,-100.6,130.6,19,0.5,5,695.408,14.12274109,1.609437912,28,800,30,1,UMi_NLOS_28
200.5,-106.9,136.9,24,-0.7,5,695.388,14.13077408,1.609437912,28,800,30,1,UMi_NLOS_28
200.6,-102.2,132.2,27.9,-3.6,97,1074.554845,361.2277334,4.574710978,28,800,30,1,UMi_NLOS_28
200.7,-103.3,133.3,22.2,-1.8,5,695.366,14.13742919,1.609437912,28,800,30,1,UMi_NLOS_28
200.7,-105.4,135.4,15.4,7,5,695.346,14.14332436,1.609437912,28,800,30,1,UMi_NLOS_28
200.8,-108.2,138.2,26.2,-3.3,5,695.324,14.15000862,1.609437912,28,800,30,1,UMi_NLOS_28
200.9,-107.2,137.2,31.7,3.4,5,695.306,14.15553404,1.609437912,28,800,30,1,UMi_NLOS_28
201,-104.2,134.2,20.7,-2.4,5,695.284,14.16224361,1.609437912,28,800,30,1,UMi_NLOS_28
201.1,-103.2,133.2,23.5,-3.3,5,695.266,14.1667563,1.609437912,28,800,30,1,UMi_NLOS_28
201.1,-109.3,139.3,16.5,4.2,5,695.244,14.17177561,1.609437912,28,800,30,1,UMi_NLOS_28
201.2,-106.3,136.3,19.4,4.5,5,695.226,14.17906852,1.609437912,28,800,30,1,UMi_NLOS_28
201.3,-103.2,133.2,21,0,5,695.204,14.18761657,1.609437912,28,800,30,1,UMi_NLOS_28
201.4,-105.7,135.7,22.5,-0.3,5,695.186,14.19142643,1.609437912,28,800,30,1,UMi_NLOS_28
201.5,-104.7,134.7,15.2,0.5,97,1074.56134,361.2233304,4.574710978,28,800,30,1,UMi_NLOS_28
201.6,-101.2,131.2,21.3,-1.4,5,695.164,14.20000085,1.609437912,28,800,30,1,UMi_NLOS_28
201.6,-106.3,136.3,21.1,-1,5,695.146,14.20382991,1.609437912,28,800,30,1,UMi_NLOS_28
201.7,-106.6,136.6,23.8,-2.9,5,695.124,14.21243062,1.609437912,28,800,30,1,UMi_NLOS_28
201.8,-107.1,137.1,24.3,-3.5,5,695.106,14.21627884,1.609437912,28,800,30,1,UMi_NLOS_28
201.9,-107.2,137.2,15.9,6.1,5,695.084,14.22490576,1.609437912,28,800,30,1,UMi_NLOS_28
202,-109.8,139.8,27.9,2.2,5,695.068,14.22735309,1.609437912,28,800,30,1,UMi_NLOS_28
202,-106,136,28.6,-2.8,5,695.048,14.23346395,1.609437912,28,800,30,1,UMi_NLOS_28
202.1,-101.5,131.5,17,2.6,5,695.03,14.24299547,1.609437912,28,800,30,1,UMi_NLOS_28
202.2,-105.9,135.9,33.1,0.3,5,695.008,14.2460344,1.609437912,28,800,30,1,UMi_NLOS_28
202.3,-106,136,23.2,0.2,5,694.992,14.25304234,1.609437912,28,800,30,1,UMi_NLOS_28
202.4,-105.7,135.7,2.9,3.8,97,1074.571753,361.2220859,4.574710978,28,800,30,1,UMi_NLOS_28
202.4,-105.5,135.5,8.2,3.3,5,694.968,14.25864987,1.609437912,28,800,30,1,UMi_NLOS_28
202.5,-108.3,138.3,11.1,-1.1,5,694.952,14.26567825,1.609437912,28,800,30,1,UMi_NLOS_28
202.6,-109.7,139.7,7.1,2.9,5,694.93,14.26876869,1.609437912,28,800,30,1,UMi_NLOS_28
202.7,-101.7,131.7,8.4,-2.5,5,694.914,14.2769557,1.609437912,28,800,30,1,UMi_NLOS_28
202.8,-103.9,133.9,9.5,1.3,5,694.896,14.28270507,1.609437912,28,800,30,1,UMi_NLOS_28
202.8,-104.6,134.6,5.4,9.7,5,694.876,14.28714471,1.609437912,28,800,30,1,UMi_NLOS_28
202.9,-103.7,133.7,15,-2.6,5,694.856,14.29545466,1.609437912,28,800,30,1,UMi_NLOS_28
203,-104.6,134.6,6.2,0.6,5,694.838,14.29943691,1.609437912,28,800,30,1,UMi_NLOS_28
203.1,-98.2,128.2,9.3,0.1,5,694.818,14.30570991,1.609437912,28,800,30,1,UMi_NLOS_28
203.2,-100.4,130.4,8.8,1.7,5,694.8,14.30971139,1.609437912,28,800,30,1,UMi_NLOS_28
203.3,-108.5,138.5,11.5,-3.9,97,1074.582062,361.222327,4.574710978,28,800,30,1,UMi_NLOS_28
203.3,-98.3,128.3,11,-2.7,5,694.784,14.31797835,1.609437912,28,800,30,1,UMi_NLOS_28
203.4,-110.4,140.4,6.6,2.8,5,694.764,14.32429209,1.609437912,28,800,30,1,UMi_NLOS_28
203.5,-114.2,144.2,5.6,6.5,5,694.746,14.32832244,1.609437912,28,800,30,1,UMi_NLOS_28
203.6,-102.4,132.4,12.2,-1.3,5,694.728,14.33416115,1.609437912,28,800,30,1,UMi_NLOS_28
203.7,-107.2,137.2,5.3,7.4,5,694.71,14.3382077,1.609437912,28,800,30,1,UMi_NLOS_28
203.7,-93.5,123.5,8.8,0.9,5,694.688,14.34710758,1.609437912,28,800,30,1,UMi_NLOS_28
203.8,-106.1,136.1,12.4,-0.9,5,694.674,14.35290856,1.609437912,28,800,30,1,UMi_NLOS_28
203.9,-104.4,134.4,12.4,-0.4,5,694.654,14.35567289,1.609437912,28,800,30,1,UMi_NLOS_28
204,-112.4,142.4,13.5,-1.3,5,694.638,14.36287074,1.609437912,28,800,30,1,UMi_NLOS_28
204.1,-103.5,133.5,4.3,4.3,5,694.62,14.3669621,1.609437912,28,800,30,1,UMi_NLOS_28
204.1,-99.5,129.5,8.8,-0.5,97,1074.591443,361.2212742,4.574710978,28,800,30,1,UMi_NLOS_28
204.2,-112.3,142.3,7.1,0.2,5,694.6,14.37339069,1.609437912,28,800,30,1,UMi_NLOS_28
204.3,-108.8,138.8,9.6,1.3,5,694.582,14.37750103,1.609437912,28,800,30,1,UMi_NLOS_28
204.4,-103.8,133.8,15.8,2.3,5,694.566,14.3820591,1.609437912,28,800,30,1,UMi_NLOS_28
204.5,-104,134,10.3,-3.7,5,694.55,14.38930575,1.609437912,28,800,30,1,UMi_NLOS_28
204.5,-111.6,141.6,9,-2,5,694.53,14.39597305,1.609437912,28,800,30,1,UMi_NLOS_28
204.6,-94.1,124.1,8.7,0.8,5,694.512,14.40192543,1.609437912,28,800,30,1,UMi_NLOS_28
204.7,-109.6,139.6,13.4,-2.4,5,694.494,14.40607733,1.609437912,28,800,30,1,UMi_NLOS_28
204.8,-102.4,132.4,8,0.5,5,694.478,14.41068964,1.609437912,28,800,30,1,UMi_NLOS_28
204.9,-108.3,138.3,9.8,-0.5,5,694.462,14.417981,1.609437912,28,800,30,1,UMi_NLOS_28
205,-102.5,132.5,7.8,6.1,5,694.444,14.42215878,1.609437912,28,800,30,1,UMi_NLOS_28
205,-110.1,140.1,11.6,1.3,97,1074.601649,361.2238585,4.574710978,28,800,30,1,UMi_NLOS_28
205.1,-113.4,143.4,9.1,-1.1,5,694.426,14.42815664,1.609437912,28,800,30,1,UMi_NLOS_28
205.2,-107.3,137.3,9.9,-1,5,694.41,14.43099997,1.609437912,28,800,30,1,UMi_NLOS_28
205.3,-102.2,132.2,3.4,16.2,5,694.394,14.4383276,1.609437912,28,800,30,1,UMi_NLOS_28
205.4,-102.6,132.6,7.5,1,5,694.376,14.44435336,1.609437912,28,800,30,1,UMi_NLOS_28
205.4,-96.4,126.4,11.9,-3.4,5,694.36,14.44604721,1.609437912,28,800,30,1,UMi_NLOS_28
205.5,-109.4,139.4,11.3,-1.3,5,694.342,14.45209106,1.609437912,28,800,30,1,UMi_NLOS_28
205.6,-100.5,130.5,10.9,-0.3,5,694.326,14.45498475,1.609437912,28,800,30,1,UMi_NLOS_28
205.7,-100.9,130.9,9.1,-0.3,5,694.31,14.46235804,1.609437912,28,800,30,1,UMi_NLOS_28
205.8,-102.2,132.2,7,4.9,30,1464.715333,348.3036564,3.401197382,28,800,30,1,UMi_NLOS_28
205.9,-104.7,134.7,9.3,0.4,57,1376.867895,269.4749191,4.043051268,28,800,30,1,UMi_NLOS_28
205.9,-99.3,129.3,10.8,-0.8,97,1074.227113,361.2431225,4.574710978,28,800,30,1,UMi_NLOS_28
206,-107.1,137.1,7.5,1.5,97,1074.610825,361.2252552,4.574710978,28,800,30,1,UMi_NLOS_28
206.1,-102.7,132.7,12.2,-0.1,75,1305.801333,266.8815285,4.317488113,28,800,30,1,UMi_NLOS_28
206.2,-101.7,131.7,4.7,9.5,78,1292.369231,270.1806166,4.356708827,28,800,30,1,UMi_NLOS_28
206.3,-105.7,135.7,4.6,8.2,90,1231.633889,295.4496298,4.49980967,28,800,30,1,UMi_NLOS_28
206.3,-111.3,141.3,8.4,0.3,102,1175.519314,317.1422381,4.624972813,28,800,30,1,UMi_NLOS_28
206.4,-106.3,136.3,3.6,9.8,102,1175.513529,317.1402355,4.624972813,28,800,30,1,UMi_NLOS_28
206.5,-106.3,136.3,2.5,2.6,102,1175.515784,317.1406459,4.624972813,28,800,30,1,UMi_NLOS_28
206.6,-104,134,14.9,2.6,102,1175.511078,317.1379053,4.624972813,28,800,30,1,UMi_NLOS_28
206.7,-110.8,140.8,8.1,-1.2,102,1175.510588,317.1407293,4.624972813,28,800,30,1,UMi_NLOS_28
206.8,-102.7,132.7,5.7,-1.2,102,1175.51,317.1441783,4.624972813,28,800,30,1,UMi_NLOS_28
206.8,-112.2,142.2,9.4,-2.2,102,1175.50951,317.145728,4.624972813,28,800,30,1,UMi_NLOS_28
206.9,-110.3,140.3,8.8,-2.6,97,1074.62,361.2243847,4.574710978,28,800,30,1,UMi_NLOS_28
207,-102.8,132.8,8.3,-1.8,102,1175.506863,317.1449974,4.624972813,28,800,30,1,UMi_NLOS_28
207.1,-114.2,144.2,13.3,-0.5,102,1175.507353,317.1471774,4.624972813,28,800,30,1,UMi_NLOS_28
207.2,-109,139,4.4,1.9,102,1175.507059,317.1469551,4.624972813,28,800,30,1,UMi_NLOS_28
207.2,-106.5,136.5,8.8,-0.1,102,1175.506667,317.1474443,4.624972813,28,800,30,1,UMi_NLOS_28
207.3,-101.5,131.5,13.1,-3,102,1175.502157,317.1462635,4.624972813,28,800,30,1,UMi_NLOS_28
207.4,-114.6,144.6,7.7,-2,102,1175.501667,317.1473518,4.624972813,28,800,30,1,UMi_NLOS_28
207.5,-103.7,133.7,7.8,1,102,1175.502451,317.1469911,4.624972813,28,800,30,1,UMi_NLOS_28
207.6,-108.6,138.6,7,0.2,102,1175.501863,317.147523,4.624972813,28,800,30,1,UMi_NLOS_28
207.7,-108.6,138.6,3,13.2,102,1175.500882,317.146987,4.624972813,28,800,30,1,UMi_NLOS_28
207.7,-97.6,127.6,6.8,2.5,102,1175.504216,317.152426,4.624972813,28,800,30,1,UMi_NLOS_28
207.8,-107.1,137.1,9.9,-1.4,97,1074.62866,361.22144,4.574710978,28,800,30,1,UMi_NLOS_28
207.9,-116.2,146.2,8.3,-0.4,102,1175.504902,317.1543045,4.624972813,28,800,30,1,UMi_NLOS_28
208,-109.4,139.4,6.9,-2.6,102,1175.504706,317.1538538,4.624972813,28,800,30,1,UMi_NLOS_28
208.1,-107.7,137.7,6.7,0.3,102,1175.501667,317.1529338,4.624972813,28,800,30,1,UMi_NLOS_28
208.1,-109.7,139.7,12,-4.2,102,1175.500588,317.1520551,4.624972813,28,800,30,1,UMi_NLOS_28
208.2,-113.5,143.5,4.1,8.1,102,1175.500882,317.1553426,4.624972813,28,800,30,1,UMi_NLOS_28
208.3,-114.4,144.4,7.8,1.2,102,1175.504608,317.156345,4.624972813,28,800,30,1,UMi_NLOS_28
208.4,-104.8,134.8,4.2,6.2,102,1175.503725,317.1566745,4.624972813,28,800,30,1,UMi_NLOS_28
208.5,-102.6,132.6,10.4,-0.3,102,1175.503725,317.1570317,4.624972813,28,800,30,1,UMi_NLOS_28
208.6,-103.5,133.5,9.9,1.3,102,1175.504706,317.15659,4.624972813,28,800,30,1,UMi_NLOS_28
208.6,-94.3,124.3,6.7,-0.3,102,1175.50549,317.1572394,4.624972813,28,800,30,1,UMi_NLOS_28
208.7,-106,136,8.2,-1,97,1074.639175,361.223112,4.574710978,28,800,30,1,UMi_NLOS_28
208.8,-112.9,142.9,11.1,-4.1,102,1175.503333,317.1583938,4.624972813,28,800,30,1,UMi_NLOS_28
208.9,-100.9,130.9,6.5,2.2,102,1175.504412,317.1592808,4.624972813,28,800,30,1,UMi_NLOS_28
209,-112,142,18.6,-1.7,102,1175.507157,317.1604991,4.624972813,28,800,30,1,UMi_NLOS_28
209,-106,136,8.6,-1.6,102,1175.506569,317.1596628,4.624972813,28,800,30,1,UMi_NLOS_28
209.1,-96.1,126.1,11.3,2,102,1175.507549,317.1624091,4.624972813,28,800,30,1,UMi_NLOS_28
209.2,-105.6,135.6,5.1,8.6,102,1175.509314,317.1654149,4.624972813,28,800,30,1,UMi_NLOS_28
209.3,-106.1,136.1,15.3,-0.5,102,1175.510686,317.164759,4.624972813,28,800,30,1,UMi_NLOS_28
209.4,-106.5,136.5,13.7,-0.9,102,1175.509608,317.1635273,4.624972813,28,800,30,1,UMi_NLOS_28
209.5,-102.6,132.6,5,4,102,1175.507647,317.1638855,4.624972813,28,800,30,1,UMi_NLOS_28
209.5,-99.8,129.8,7.9,-1.6,102,1175.508922,317.1656205,4.624972813,28,800,30,1,UMi_NLOS_28
209.6,-108.1,138.1,13.1,-2.1,97,1074.649897,361.2228949,4.574710978,28,800,30,1,UMi_NLOS_28
209.7,-103.7,133.7,12.1,-0.3,102,1175.508039,317.1639839,4.624972813,28,800,30,1,UMi_NLOS_28
209.8,-108.3,138.3,5.3,3.3,102,1175.50598,317.163268,4.624972813,28,800,30,1,UMi_NLOS_28
209.9,-109.4,139.4,5.6,5.7,102,1175.508333,317.1626842,4.624972813,28,800,30,1,UMi_NLOS_28
210,-107.4,137.4,11,1.4,102,1175.512451,317.1641779,4.624972813,28,800,30,1,UMi_NLOS_28
210,-107.5,137.5,12.3,1.6,102,1175.513333,317.1655205,4.624972813,28,800,30,1,UMi_NLOS_28
210.1,-116.4,146.4,9.1,1.1,102,1175.517549,317.1666694,4.624972813,28,800,30,1,UMi_NLOS_28
210.2,-109.7,139.7,8.2,2.6,102,1175.51902,317.168708,4.624972813,28,800,30,1,UMi_NLOS_28
210.3,-103,133,6.6,1.9,102,1175.521961,317.1709618,4.624972813,28,800,30,1,UMi_NLOS_28
210.4,-95.2,125.2,7.1,2.1,102,1175.521471,317.1691268,4.624972813,28,800,30,1,UMi_NLOS_28
210.4,-105.6,135.6,9.4,5.1,102,1175.524804,317.1703704,4.624972813,28,800,30,1,UMi_NLOS_28
210.5,-108.3,138.3,18.1,5,97,1074.658557,361.2207712,4.574710978,28,800,30,1,UMi_NLOS_28
210.6,-106.2,136.2,16.1,5,102,1175.526961,317.1732408,4.624972813,28,800,30,1,UMi_NLOS_28
210.7,-103.8,133.8,67,-5.1,102,1175.528235,317.1737336,4.624972813,28,800,30,1,UMi_NLOS_28
210.8,-107,137,29.3,6.2,102,1175.526667,317.1703906,4.624972813,28,800,30,1,UMi_NLOS_28
210.9,-111.1,141.1,56.4,2.4,102,1175.526373,317.1693717,4.624972813,28,800,30,1,UMi_NLOS_28
210.9,-101,131,58,-6,102,1175.527647,317.1694995,4.624972813,28,800,30,1,UMi_NLOS_28
211,-116.1,146.1,52.4,-6,102,1175.529804,317.1723601,4.624972813,28,800,30,1,UMi_NLOS_28
211.1,-99.5,129.5,53.9,-5.2,102,1175.532353,317.1729072,4.624972813,28,800,30,1,UMi_NLOS_28
211.2,-98.3,128.3,44.3,-6.9,102,1175.537647,317.1765963,4.624972813,28,800,30,1,UMi_NLOS_28
211.3,-111.5,141.5,38.1,-2.2,102,1175.538333,317.1761708,4.624972813,28,800,30,1,UMi_NLOS_28
211.4,-108.6,138.6,55.8,-4.5,102,1175.537941,317.1751437,4.624972813,28,800,30,1,UMi_NLOS_28
211.4,-105,135,53.3,-3.2,97,1074.663918,361.2172685,4.574710978,28,800,30,1,UMi_NLOS_28
211.5,-101.8,131.8,45.4,-0.7,102,1175.540392,317.17496,4.624972813,28,800,30,1,UMi_NLOS_28
211.6,-108.7,138.7,42.1,-0.2,102,1175.542745,317.1752992,4.624972813,28,800,30,1,UMi_NLOS_28
211.7,-107.7,137.7,55.7,-4.2,102,1175.544314,317.1772514,4.624972813,28,800,30,1,UMi_NLOS_28
211.8,-107.9,137.9,39.7,-0.3,102,1175.54598,317.1764671,4.624972813,28,800,30,1,UMi_NLOS_28
211.8,-105,135,44.4,-0.4,102,1175.54951,317.1745594,4.624972813,28,800,30,1,UMi_NLOS_28
211.9,-111.5,141.5,24,-4.5,102,1175.554216,317.1738166,4.624972813,28,800,30,1,UMi_NLOS_28
212,-105.6,135.6,41.5,2.2,102,1175.556863,317.1749802,4.624972813,28,800,30,1,UMi_NLOS_28
212.1,-109.2,139.2,29.5,-0.2,102,1175.557549,317.1743833,4.624972813,28,800,30,1,UMi_NLOS_28
212.2,-108.4,138.4,55.8,-0.4,102,1175.559412,317.1738503,4.624972813,28,800,30,1,UMi_NLOS_28
212.3,-107.5,137.5,37.6,-4.7,102,1175.560882,317.1761534,4.624972813,28,800,30,1,UMi_NLOS_28
212.3,-104.1,134.1,36.8,-5.9,97,1074.674639,361.2159137,4.574710978,28,800,30,1,UMi_NLOS_28
212.4,-106.9,136.9,44.2,-3.9,102,1175.568431,317.1808536,4.624972813,28,800,30,1,UMi_NLOS_28
212.5,-108.6,138.6,37.8,-3.4,102,1175.569216,317.1795392,4.624972813,28,800,30,1,UMi_NLOS_28
212.6,-105,135,31.6,-5.2,102,1175.573235,317.1786214,4.624972813,28,800,30,1,UMi_NLOS_28
212.7,-106.8,136.8,43.4,-1,102,1175.573431,317.1808561,4.624972813,28,800,30,1,UMi_NLOS_28
212.8,-104.3,134.3,34.9,-2.3,102,1175.576471,317.1822917,4.624972813,28,800,30,1,UMi_NLOS_28
212.8,-106.7,136.7,34.1,-1.1,102,1175.582451,317.1842278,4.624972813,28,800,30,1,UMi_NLOS_28
212.9,-98.1,128.1,55.8,0.6,102,1175.582255,317.1813914,4.624972813,28,800,30,1,UMi_NLOS_28
213,-105,135,28.8,1.3,102,1175.583725,317.1825905,4.624972813,28,800,30,1,UMi_NLOS_28
213.1,-106.8,136.8,23.2,-3.6,102,1175.584804,317.1803104,4.624972813,28,800,30,1,UMi_NLOS_28
213.2,-115.1,145.1,57.7,-4.8,102,1175.589706,317.1790815,4.624972813,28,800,30,1,UMi_NLOS_28
213.3,-107.8,137.8,58.3,-2,97,1074.685773,361.2197635,4.574710978,28,800,30,1,UMi_NLOS_28
213.3,-105,135,47.8,-0.6,102,1175.591765,317.1795483,4.624972813,28,800,30,1,UMi_NLOS_28
213.4,-108.9,138.9,59.8,-4.3,102,1175.596569,317.1816023,4.624972813,28,800,30,1,UMi_NLOS_28
213.5,-108.2,138.2,62.8,-3.9,102,1175.595294,317.1795491,4.624972813,28,800,30,1,UMi_NLOS_28
213.6,-104.1,134.1,39,-5.9,102,1175.60049,317.1790821,4.624972813,28,800,30,1,UMi_NLOS_28
213.7,-104.9,134.9,48.6,-5.2,102,1175.603431,317.1790656,4.624972813,28,800,30,1,UMi_NLOS_28
213.8,-107.5,137.5,51.1,-6.4,102,1175.604412,317.1792824,4.624972813,28,800,30,1,UMi_NLOS_28
213.8,-108.8,138.8,48,-2.4,102,1175.60951,317.1775832,4.624972813,28,800,30,1,UMi_NLOS_28
213.9,-108.4,138.4,29.6,-3.3,102,1175.612353,317.1785002,4.624972813,28,800,30,1,UMi_NLOS_28
214,-103.4,133.4,47.6,-4.3,102,1175.614706,317.1755184,4.624972813,28,800,30,1,UMi_NLOS_28
214.1,-106.7,136.7,40,-3.6,102,1175.619412,317.1771831,4.624972813,28,800,30,1,UMi_NLOS_28
214.2,-104.9,134.9,42.8,-0.1,97,1074.693299,361.2156247,4.574710978,28,800,30,1,UMi_NLOS_28
214.3,-104.9,134.9,33.9,-6.7,102,1175.624412,317.1790617,4.624972813,28,800,30,1,UMi_NLOS_28
214.3,-106.8,136.8,34.9,-4.5,102,1175.626765,317.1779045,4.624972813,28,800,30,1,UMi_NLOS_28
214.4,-105.7,135.7,60.7,0.9,102,1175.632157,317.1810976,4.624972813,28,800,30,1,UMi_NLOS_28
214.5,-108.3,138.3,36.3,-6.5,102,1175.63098,317.1788149,4.624972813,28,800,30,1,UMi_NLOS_28
214.6,-108.5,138.5,25.3,-2.9,102,1175.638137,317.1800269,4.624972813,28,800,30,1,UMi_NLOS_28
214.7,-100.6,130.6,46.1,-3,102,1175.646961,317.1828679,4.624972813,28,800,30,1,UMi_NLOS_28
214.8,-105.1,135.1,50.1,-0.9,102,1175.648431,317.1813688,4.624972813,28,800,30,1,UMi_NLOS_28
214.8,-106.7,136.7,41.7,-3.6,102,1175.648529,317.1800964,4.624972813,28,800,30,1,UMi_NLOS_28
214.9,-105.5,135.5,27,-2.8,77,1031.965974,218.0928537,4.343805422,28,800,30,1,UMi_NLOS_28
215,-105.6,135.6,40.8,-4,50,898.4026,148.821323,3.912023005,28,800,30,1,UMi_NLOS_28
215.1,-104.5,134.5,46.8,-0.7,97,1074.23134,361.2356956,4.574710978,28,800,30,1,UMi_NLOS_28
215.2,-107,137,53.4,-2.2,97,1074.708763,361.2194283,4.574710978,28,800,30,1,UMi_NLOS_28
215.3,-106.8,136.8,70.8,-4.9,32,795.6996875,72.08828955,3.465735903,28,800,30,1,UMi_NLOS_28
215.3,-102.9,132.9,66.5,-3,48,1059.595833,349.4959419,3.871201011,28,800,30,1,UMi_NLOS_28
215.4,-105.6,135.6,46.7,-7,66,1163.835303,283.3003785,4.189654742,28,800,30,1,UMi_NLOS_28
215.5,-103.3,133.3,55.1,-6.2,78,1143.196923,255.5948032,4.356708827,28,800,30,1,UMi_NLOS_28
215.6,-104.4,134.4,50.2,-0.2,78,1143.196923,255.5950805,4.356708827,28,800,30,1,UMi_NLOS_28
215.7,-108.6,138.6,33.8,-1,78,1143.197821,255.5957956,4.356708827,28,800,30,1,UMi_NLOS_28
215.8,-109.2,139.2,53.3,0.7,78,1143.195256,255.5914265,4.356708827,28,800,30,1,UMi_NLOS_28
215.8,-105.8,135.8,39.4,0.6,78,1143.192949,255.5917694,4.356708827,28,800,30,1,UMi_NLOS_28
215.9,-104.1,134.1,45.6,-3.5,78,1143.191795,255.5917372,4.356708827,28,800,30,1,UMi_NLOS_28
216,-107,137,35.8,-3.1,78,1143.192692,255.5942775,4.356708827,28,800,30,1,UMi_NLOS_28
216.1,-106.8,136.8,49.3,-6,97,1074.716186,361.2183793,4.574710978,28,800,30,1,UMi_NLOS_28
216.2,-108.2,138.2,40.4,-1.1,78,1143.192949,255.5960064,4.356708827,28,800,30,1,UMi_NLOS_28
216.3,-110.7,140.7,41.2,1.2,78,1143.190641,255.5956083,4.356708827,28,800,30,1,UMi_NLOS_28
216.3,-106.8,136.8,26.2,0.3,78,1143.190513,255.5978448,4.356708827,28,800,30,1,UMi_NLOS_28
216.4,-104.5,134.5,44.5,-0.4,78,1143.19141,255.6004976,4.356708827,28,800,30,1,UMi_NLOS_28
216.5,-106,136,27.9,-4.4,78,1143.196667,255.6043386,4.356708827,28,800,30,1,UMi_NLOS_28
216.6,-108.2,138.2,58.1,-3.5,78,1143.195513,255.6025833,4.356708827,28,800,30,1,UMi_NLOS_28
216.7,-105.1,135.1,47.6,1.9,78,1143.195385,255.6038512,4.356708827,28,800,30,1,UMi_NLOS_28
216.8,-108.4,138.4,51.6,-0.7,78,1143.192692,255.6018227,4.356708827,28,800,30,1,UMi_NLOS_28
216.8,-104.5,134.5,44.1,-3.1,78,1143.193846,255.6049952,4.356708827,28,800,30,1,UMi_NLOS_28
216.9,-108.4,138.4,26.9,-3.5,78,1143.193974,255.6052365,4.356708827,28,800,30,1,UMi_NLOS_28
217,-110.5,140.5,52.7,-6.9,97,1074.72567,361.2153346,4.574710978,28,800,30,1,UMi_NLOS_28
217.1,-105.3,135.3,59.6,-4.2,78,1143.192564,255.6044281,4.356708827,28,800,30,1,UMi_NLOS_28
217.2,-107.1,137.1,21.6,5.9,78,1143.195256,255.6057019,4.356708827,28,800,30,1,UMi_NLOS_28
217.3,-106,136,43,-5.2,78,1143.192564,255.6044716,4.356708827,28,800,30,1,UMi_NLOS_28
217.3,-103.8,133.8,43,-6.4,78,1143.195256,255.6055738,4.356708827,28,800,30,1,UMi_NLOS_28
217.4,-105.4,135.4,58.1,-4.3,78,1143.194744,255.6045961,4.356708827,28,800,30,1,UMi_NLOS_28
217.5,-110.2,140.2,51.4,-0.6,78,1143.190769,255.6033156,4.356708827,28,800,30,1,UMi_NLOS_28
217.6,-105.2,135.2,32.1,-5.8,78,1143.190897,255.603256,4.356708827,28,800,30,1,UMi_NLOS_28
217.7,-101.5,131.5,40.2,-4,78,1143.189487,255.6039487,4.356708827,28,800,30,1,UMi_NLOS_28
217.8,-101,131,51,-3.1,78,1143.189615,255.6046909,4.356708827,28,800,30,1,UMi_NLOS_28
217.8,-100.2,130.2,27.6,-4.2,78,1143.192179,255.6065027,4.356708827,28,800,30,1,UMi_NLOS_28
217.9,-100,130,60.8,-6,97,1074.73299,361.2150948,4.574710978,28,800,30,1,UMi_NLOS_28
218,-110.5,140.5,57.7,-5.5,78,1143.189615,255.6082142,4.356708827,28,800,30,1,UMi_NLOS_28
218.1,-106.4,136.4,45.7,-4.4,78,1143.186923,255.6085515,4.356708827,28,800,30,1,UMi_NLOS_28
218.2,-103.7,133.7,49.4,-6.2,78,1143.185385,255.6045546,4.356708827,28,800,30,1,UMi_NLOS_28
218.3,-104.4,134.4,48.6,-7,78,1143.184103,255.6054783,4.356708827,28,800,30,1,UMi_NLOS_28
218.3,-103.1,133.1,39.9,-1.5,78,1143.180128,255.6048959,4.356708827,28,800,30,1,UMi_NLOS_28
218.4,-106.8,136.8,38.8,-0.2,78,1143.178846,255.6052645,4.356708827,28,800,30,1,UMi_NLOS_28
218.5,-107.5,137.5,45.6,-5.7,78,1143.181154,255.6097293,4.356708827,28,800,30,1,UMi_NLOS_28
218.6,-106.6,136.6,49.3,-6,78,1143.187564,255.6139736,4.356708827,28,800,30,1,UMi_NLOS_28
218.7,-108.1,138.1,35.4,-4.1,78,1143.187179,255.6176366,4.356708827,28,800,30,1,UMi_NLOS_28
218.8,-102.5,132.5,38.2,-3.6,78,1143.185,255.6175761,4.356708827,28,800,30,1,UMi_NLOS_28
218.8,-114.7,144.7,44.9,-3.5,97,1074.740206,361.2116646,4.574710978,28,800,30,1,UMi_NLOS_28
218.9,-106.4,136.4,19.2,-2.7,78,1143.185897,255.6182869,4.356708827,28,800,30,1,UMi_NLOS_28
219,-105.3,135.3,10.3,3.9,78,1143.185897,255.6194888,4.356708827,28,800,30,1,UMi_NLOS_28
219.1,-104.7,134.7,17.8,4.4,78,1143.187051,255.6225371,4.356708827,28,800,30,1,UMi_NLOS_28
219.2,-101.9,131.9,15.3,2.4,78,1143.185385,255.6202385,4.356708827,28,800,30,1,UMi_NLOS_28
219.3,-103.7,133.7,13.6,1.1,78,1143.181667,255.6204919,4.356708827,28,800,30,1,UMi_NLOS_28
219.4,-103.6,133.6,20.1,-3.8,78,1143.181795,255.6190598,4.356708827,28,800,30,1,UMi_NLOS_28
219.4,-110.1,140.1,19,-0.6,78,1143.182949,255.6199369,4.356708827,28,800,30,1,UMi_NLOS_28
219.5,-104.9,134.9,13.5,-1.6,78,1143.180128,255.6188272,4.356708827,28,800,30,1,UMi_NLOS_28
219.6,-107.7,137.7,17.5,0.7,78,1143.177692,255.617582,4.356708827,28,800,30,1,UMi_NLOS_28
219.7,-105.5,135.5,19.1,-1.8,78,1143.177821,255.6177096,4.356708827,28,800,30,1,UMi_NLOS_28
219.8,-105.4,135.4,13.9,1.8,97,1074.753711,361.2137226,4.574710978,28,800,30,1,UMi_NLOS_28
219.9,-106.8,136.8,20.2,-2.1,78,1143.178462,255.6199391,4.356708827,28,800,30,1,UMi_NLOS_28
219.9,-112,142,19.4,-1,78,1143.181026,255.62353,4.356708827,28,800,30,1,UMi_NLOS_28
220,-105,135,17.5,2.5,78,1143.182308,255.6265551,4.356708827,28,800,30,1,UMi_NLOS_28
220.1,-108.6,138.6,14.5,1.6,78,1143.180513,255.6256517,4.356708827,28,800,30,1,UMi_NLOS_28
220.2,-108.5,138.5,24.9,-1.9,78,1143.178205,255.6239893,4.356708827,28,800,30,1,UMi_NLOS_28
220.3,-107.6,137.6,17,1.8,78,1143.176538,255.6251101,4.356708827,28,800,30,1,UMi_NLOS_28
220.4,-101.4,131.4,16.5,-5.8,78,1143.177692,255.6253471,4.356708827,28,800,30,1,UMi_NLOS_28
220.4,-109.5,139.5,17.5,-1.9,78,1143.178846,255.628036,4.356708827,28,800,30,1,UMi_NLOS_28
220.5,-104.7,134.7,17.2,-1.4,78,1143.177179,255.6266454,4.356708827,28,800,30,1,UMi_NLOS_28
220.6,-108.1,138.1,14.6,-3.3,78,1143.177436,255.6284626,4.356708827,28,800,30,1,UMi_NLOS_28
220.7,-105.3,135.3,15.3,4.6,97,1074.763196,361.2117829,4.574710978,28,800,30,1,UMi_NLOS_28
220.8,-104.6,134.6,18.9,1.9,78,1143.174615,255.6286389,4.356708827,28,800,30,1,UMi_NLOS_28
220.9,-107,137,14.3,-2.5,78,1143.175897,255.6302472,4.356708827,28,800,30,1,UMi_NLOS_28
220.9,-107.3,137.3,16.9,-0.8,78,1143.171923,255.6291952,4.356708827,28,800,30,1,UMi_NLOS_28
221,-106.7,136.7,14.2,-0.3,78,1143.169231,255.6302253,4.356708827,28,800,30,1,UMi_NLOS_28
221.1,-106.4,136.4,16.3,-1.9,78,1143.171538,255.6301108,4.356708827,28,800,30,1,UMi_NLOS_28
221.2,-107.5,137.5,19.7,-0.1,78,1143.172564,255.6330389,4.356708827,28,800,30,1,UMi_NLOS_28
221.3,-106.6,136.6,13.1,3.5,78,1143.170385,255.6316089,4.356708827,28,800,30,1,UMi_NLOS_28
221.4,-105.6,135.6,24.8,-4.2,78,1143.166795,255.6326024,4.356708827,28,800,30,1,UMi_NLOS_28
221.5,-105,135,7.5,1.7,78,1143.168205,255.6344737,4.356708827,28,800,30,1,UMi_NLOS_28
221.5,-106.1,136.1,32.2,3.2,78,1143.166538,255.6334572,4.356708827,28,800,30,1,UMi_NLOS_28
221.6,-107.6,137.6,14.5,2.5,97,1074.775567,361.2132134,4.574710978,28,800,30,1,UMi_NLOS_28
221.7,-106.3,136.3,27.1,3.8,78,1143.168974,255.634947,4.356708827,28,800,30,1,UMi_NLOS_28
221.8,-106.3,136.3,15.6,-2.9,78,1143.166282,255.6357833,4.356708827,28,800,30,1,UMi_NLOS_28
221.9,-104.5,134.5,17.2,-2.9,78,1143.163462,255.6347201,4.356708827,28,800,30,1,UMi_NLOS_28
222,-111.9,141.9,8.8,-2.1,78,1143.165128,255.6363013,4.356708827,28,800,30,1,UMi_NLOS_28
222,-109.4,139.4,17.3,5.3,78,1143.165641,255.6373181,4.356708827,28,800,30,1,UMi_NLOS_28
222.1,-106.6,136.6,23.1,-1,78,1143.162051,255.6371254,4.356708827,28,800,30,1,UMi_NLOS_28
222.2,-114.9,144.9,21.1,-3.4,78,1143.157692,255.6361136,4.356708827,28,800,30,1,UMi_NLOS_28
222.3,-110.7,140.7,21.1,-2.8,78,1143.157436,255.637463,4.356708827,28,800,30,1,UMi_NLOS_28
222.4,-109.3,139.3,18,-2.1,78,1143.157564,255.6363442,4.356708827,28,800,30,1,UMi_NLOS_28
222.5,-106.2,136.2,15.1,-2.6,78,1143.158077,255.6381272,4.356708827,28,800,30,1,UMi_NLOS_28
222.6,-105.8,135.8,13.1,3.4,97,1074.784124,361.2117952,4.574710978,28,800,30,1,UMi_NLOS_28
222.6,-107.4,137.4,25.4,-0.6,78,1143.155641,255.6376078,4.356708827,28,800,30,1,UMi_NLOS_28
222.7,-110.5,140.5,17.5,-4.1,78,1143.15641,255.6411141,4.356708827,28,800,30,1,UMi_NLOS_28
222.8,-102.8,132.8,15.9,-4.7,78,1143.153718,255.640872,4.356708827,28,800,30,1,UMi_NLOS_28
222.9,-105.4,135.4,24.2,4,78,1143.152308,255.6402993,4.356708827,28,800,30,1,UMi_NLOS_28
223,-104.6,134.6,25.9,-3.8,78,1143.152051,255.6435899,4.356708827,28,800,30,1,UMi_NLOS_28
223.1,-103,133,14.7,0.5,78,1143.148974,255.6440066,4.356708827,28,800,30,1,UMi_NLOS_28
223.1,-106.1,136.1,25,-6,78,1143.150128,255.6423036,4.356708827,28,800,30,1,UMi_NLOS_28
223.2,-107.5,137.5,17,-4.6,78,1143.15,255.6451582,4.356708827,28,800,30,1,UMi_NLOS_28
223.3,-111.5,141.5,19.8,-3.2,78,1143.149615,255.6459897,4.356708827,28,800,30,1,UMi_NLOS_28
223.4,-110.6,140.6,14.9,-2.1,78,1143.148205,255.6454606,4.356708827,28,800,30,1,UMi_NLOS_28
223.5,-107.2,137.2,22.3,-2.1,97,1074.792165,361.209172,4.574710978,28,800,30,1,UMi_NLOS_28
223.6,-103.6,133.6,24,-1.1,78,1143.150769,255.6488681,4.356708827,28,800,30,1,UMi_NLOS_28
223.7,-105.9,135.9,20.2,-2,78,1143.150128,255.6518347,4.356708827,28,800,30,1,UMi_NLOS_28
223.7,-104.8,134.8,22.8,-3.1,78,1143.147564,255.6492025,4.356708827,28,800,30,1,UMi_NLOS_28
223.8,-106,136,18,-3.1,78,1143.143205,255.6451101,4.356708827,28,800,30,1,UMi_NLOS_28
223.9,-107.2,137.2,18.1,2.7,78,1143.140128,255.6461751,4.356708827,28,800,30,1,UMi_NLOS_28
224,-105.5,135.5,12.9,6.9,78,1143.14141,255.647856,4.356708827,28,800,30,1,UMi_NLOS_28
224.1,-106.5,136.5,17.3,-3.3,78,1143.140897,255.6503686,4.356708827,28,800,30,1,UMi_NLOS_28
224.2,-110.5,140.5,16.1,3.2,78,1143.139744,255.6505627,4.356708827,28,800,30,1,UMi_NLOS_28
224.2,-106.7,136.7,12.8,4.6,78,1143.137949,255.6514442,4.356708827,28,800,30,1,UMi_NLOS_28
224.3,-103.1,133.1,20.1,-5,78,1143.139872,255.6558641,4.356708827,28,800,30,1,UMi_NLOS_28
224.4,-107.6,137.6,24.3,-3.6,97,1074.239588,361.2374735,4.574710978,28,800,30,1,UMi_NLOS_28
224.5,-109.1,139.1,20,-5.2,97,1074.798247,361.2080901,4.574710978,28,800,30,1,UMi_NLOS_28
224.6,-105.7,135.7,13,1.4,59,1032.53678,188.0437511,4.077537444,28,800,30,1,UMi_NLOS_28
224.7,-107.4,137.4,17.1,0,39,865.2797436,76.01324043,3.663561646,28,800,30,1,UMi_NLOS_28
224.8,-105,135,27.3,0.8,15,846.1066667,54.94766391,2.708050201,28,800,30,1,UMi_NLOS_28
224.8,-107.6,137.6,10.5,6.4,15,846.1426667,54.95413596,2.708050201,28,800,30,1,UMi_NLOS_28
224.9,-106.7,136.7,24.5,-1.6,15,846.178,54.95925608,2.708050201,28,800,30,1,UMi_NLOS_28
225,-112.6,142.6,20.6,-1.3,15,846.216,54.96514724,2.708050201,28,800,30,1,UMi_NLOS_28
225.1,-109.1,139.1,19.9,1.1,15,846.2513333,54.96859259,2.708050201,28,800,30,1,UMi_NLOS_28
225.2,-108.4,138.4,17.5,-4.4,15,846.2873333,54.97479343,2.708050201,28,800,30,1,UMi_NLOS_28
225.3,-108.2,138.2,13.6,1.5,15,846.326,54.98073563,2.708050201,28,800,30,1,UMi_NLOS_28
225.3,-108.5,138.5,11.8,-0.1,15,846.3606667,54.98681617,2.708050201,28,800,30,1,UMi_NLOS_28
225.4,-115.8,145.8,16.6,4,97,1074.811134,361.2078165,4.574710978,28,800,30,1,UMi_NLOS_28
225.5,-108.7,138.7,24.7,-2.7,15,846.398,54.99265869,2.708050201,28,800,30,1,UMi_NLOS_28
225.6,-107.8,137.8,27.3,1.1,15,846.4346667,54.9981671,2.708050201,28,800,30,1,UMi_NLOS_28
225.7,-112.8,142.8,8.2,8.1,15,846.4713333,55.00379452,2.708050201,28,800,30,1,UMi_NLOS_28
225.8,-102.8,132.8,17,-0.3,15,846.5093333,55.00876808,2.708050201,28,800,30,1,UMi_NLOS_28
225.9,-105.4,135.4,13.8,5,15,846.5453333,55.01526259,2.708050201,28,800,30,1,UMi_NLOS_28
225.9,-101.5,131.5,15,-3.9,15,846.5846667,55.01923565,2.708050201,28,800,30,1,UMi_NLOS_28
226,-110.3,140.3,19.7,-3.1,15,846.6226667,55.02783326,2.708050201,28,800,30,1,UMi_NLOS_28
226.1,-107,137,10.6,3,15,846.6586667,55.03257337,2.708050201,28,800,30,1,UMi_NLOS_28
226.2,-105,135,13.1,-0.8,15,846.696,55.03992052,2.708050201,28,800,30,1,UMi_NLOS_28
226.3,-101.3,131.3,22.5,1.4,15,846.736,55.04648639,2.708050201,28,800,30,1,UMi_NLOS_28
226.4,-109.3,139.3,16.1,1,97,1074.822062,361.2084845,4.574710978,28,800,30,1,UMi_NLOS_28
226.5,-104.4,134.4,27,-2.2,15,846.772,55.05001522,2.708050201,28,800,30,1,UMi_NLOS_28
226.5,-106.8,136.8,13.4,4.5,15,846.8093333,55.05667195,2.708050201,28,800,30,1,UMi_NLOS_28
226.6,-103.7,133.7,17.8,1.9,15,846.848,55.06303675,2.708050201,28,800,30,1,UMi_NLOS_28
226.7,-104.7,134.7,15.1,-2.5,15,846.8846667,55.0686834,2.708050201,28,800,30,1,UMi_NLOS_28
226.8,-106.9,136.9,18.1,-1.4,15,846.9226667,55.07479005,2.708050201,28,800,30,1,UMi_NLOS_28
226.9,-104.7,134.7,15.7,-3.7,15,846.9613333,55.08028188,2.708050201,28,800,30,1,UMi_NLOS_28
227,-109,139,13.9,-1.6,15,847.0006667,55.0871907,2.708050201,28,800,30,1,UMi_NLOS_28
227,-105.8,135.8,13.7,3.7,15,847.0386667,55.09303923,2.708050201,28,800,30,1,UMi_NLOS_28
227.1,-109.2,139.2,21.6,-1.6,15,847.0773333,55.10051972,2.708050201,28,800,30,1,UMi_NLOS_28
227.2,-108.9,138.9,24.1,1,15,847.116,55.10576943,2.708050201,28,800,30,1,UMi_NLOS_28
227.3,-106.6,136.6,32.1,0.1,97,1074.833093,361.207957,4.574710978,28,800,30,1,UMi_NLOS_28
227.4,-109.7,139.7,24.2,-4.5,15,847.1553333,55.11219513,2.708050201,28,800,30,1,UMi_NLOS_28
227.5,-106.7,136.7,44.7,-4.2,15,847.1926667,55.11942458,2.708050201,28,800,30,1,UMi_NLOS_28
227.6,-102.2,132.2,15.9,-2.9,15,847.2306667,55.12493972,2.708050201,28,800,30,1,UMi_NLOS_28
227.6,-101.7,131.7,45.7,-4.6,15,847.2706667,55.1312714,2.708050201,28,800,30,1,UMi_NLOS_28
227.7,-107.8,137.8,40.7,-0.2,15,847.31,55.138021,2.708050201,28,800,30,1,UMi_NLOS_28
227.8,-103.6,133.6,15.5,-3.1,15,847.3493333,55.1451333,2.708050201,28,800,30,1,UMi_NLOS_28
227.9,-108.2,138.2,52.7,-4.1,15,847.3873333,55.14964581,2.708050201,28,800,30,1,UMi_NLOS_28
228,-110.7,140.7,47.3,-0.6,15,847.4273333,55.1565466,2.708050201,28,800,30,1,UMi_NLOS_28
228.1,-104.1,134.1,51.9,-2.9,15,847.4653333,55.16274417,2.708050201,28,800,30,1,UMi_NLOS_28
228.2,-107.3,137.3,43.1,-2.7,15,847.506,55.17108214,2.708050201,28,800,30,1,UMi_NLOS_28
228.2,-107.6,137.6,36.9,-4.8,97,1074.842474,361.2073385,4.574710978,28,800,30,1,UMi_NLOS_28
228.3,-113.7,143.7,47.5,-0.2,15,847.5453333,55.1779492,2.708050201,28,800,30,1,UMi_NLOS_28
228.4,-105.2,135.2,44.3,-2,15,847.5853333,55.18447099,2.708050201,28,800,30,1,UMi_NLOS_28
228.5,-105.5,135.5,39,-1,15,847.6246667,55.19018281,2.708050201,28,800,30,1,UMi_NLOS_28
228.6,-109.3,139.3,30.8,0.6,15,847.664,55.19702055,2.708050201,28,800,30,1,UMi_NLOS_28
228.7,-105.3,135.3,31.5,-3,15,847.704,55.20486703,2.708050201,28,800,30,1,UMi_NLOS_28
228.8,-105.3,135.3,34.1,1.2,15,847.744,55.21092969,2.708050201,28,800,30,1,UMi_NLOS_28
228.8,-107.3,137.3,24.2,1.2,15,847.7846667,55.21687941,2.708050201,28,800,30,1,UMi_NLOS_28
228.9,-110,140,25.5,0.1,15,847.824,55.22438601,2.708050201,28,800,30,1,UMi_NLOS_28
229,-108.9,138.9,36,-4.8,15,847.8646667,55.23076798,2.708050201,28,800,30,1,UMi_NLOS_28
229.1,-105.9,135.9,39.3,-3.1,15,847.9066667,55.23828041,2.708050201,28,800,30,1,UMi_NLOS_28
229.2,-104.8,134.8,14.6,8.1,97,1074.85268,361.2049184,4.574710978,28,800,30,1,UMi_NLOS_28
229.3,-105.6,135.6,48.6,0.5,15,847.946,55.24650333,2.708050201,28,800,30,1,UMi_NLOS_28
229.4,-106,136,17.6,-1.9,15,847.9853333,55.25333026,2.708050201,28,800,30,1,UMi_NLOS_28
229.4,-110.8,140.8,15,-1.5,15,848.0266667,55.25861268,2.708050201,28,800,30,1,UMi_NLOS_28
229.5,-106.6,136.6,40.2,-4.6,15,848.0666667,55.26690856,2.708050201,28,800,30,1,UMi_NLOS_28
229.6,-107.1,137.1,26.8,4.7,15,848.108,55.27201693,2.708050201,28,800,30,1,UMi_NLOS_28
229.7,-106.7,136.7,46.2,-4.2,15,848.1493333,55.28022015,2.708050201,28,800,30,1,UMi_NLOS_28
229.8,-107.6,137.6,32.4,-2.4,15,848.1886667,55.28760715,2.708050201,28,800,30,1,UMi_NLOS_28
229.9,-111.2,141.2,24.7,-1.5,15,848.232,55.29452863,2.708050201,28,800,30,1,UMi_NLOS_28
230,-103.4,133.4,23.9,-3.8,15,848.272,55.30171718,2.708050201,28,800,30,1,UMi_NLOS_28
230,-108.8,138.8,34.5,-2.7,15,848.3146667,55.30848408,2.708050201,28,800,30,1,UMi_NLOS_28
230.1,-107.3,137.3,24.6,-3.7,97,1074.865567,361.2057356,4.574710978,28,800,30,1,UMi_NLOS_28
230.2,-104.6,134.6,19.8,-0.1,15,848.3546667,55.31755898,2.708050201,28,800,30,1,UMi_NLOS_28
230.3,-109.2,139.2,21,8,15,848.396,55.32428892,2.708050201,28,800,30,1,UMi_NLOS_28
230.4,-109,139,44.9,-0.5,15,848.4373333,55.33277817,2.708050201,28,800,30,1,UMi_NLOS_28
230.5,-111.8,141.8,31.4,-3.5,15,848.48,55.34057174,2.708050201,28,800,30,1,UMi_NLOS_28
230.5,-108,138,24,-2.9,15,848.5213333,55.34659506,2.708050201,28,800,30,1,UMi_NLOS_28
230.6,-103.4,133.4,43.4,-3.8,15,848.5633333,55.35448475,2.708050201,28,800,30,1,UMi_NLOS_28
230.7,-105.2,135.2,42,-6.5,15,848.6053333,55.36059427,2.708050201,28,800,30,1,UMi_NLOS_28
230.8,-103.7,133.7,34.9,2.3,15,848.6466667,55.36892024,2.708050201,28,800,30,1,UMi_NLOS_28
230.9,-110.3,140.3,22.5,-0.3,15,848.6906667,55.37626633,2.708050201,28,800,30,1,UMi_NLOS_28
231,-107.6,137.6,45.9,-2.7,15,848.7313333,55.38442993,2.708050201,28,800,30,1,UMi_NLOS_28
231.1,-109.6,139.6,38.9,-2.6,97,1074.874845,361.2038497,4.574710978,28,800,30,1,UMi_NLOS_28
231.1,-102.2,132.2,40.3,-1.1,15,848.7746667,55.39224505,2.708050201,28,800,30,1,UMi_NLOS_28
231.2,-104.2,134.2,41,-3.7,15,848.816,55.40183761,2.708050201,28,800,30,1,UMi_NLOS_28
231.3,-106.8,136.8,32.4,-3.1,15,848.858,55.40806045,2.708050201,28,800,30,1,UMi_NLOS_28
231.4,-107,137,32,1.6,15,848.9013333,55.4163925,2.708050201,28,800,30,1,UMi_NLOS_28
231.5,-108,138,38.9,-2.2,15,848.9433333,55.42415029,2.708050201,28,800,30,1,UMi_NLOS_28
231.6,-107.2,137.2,14.7,8.2,15,848.9873333,55.43195486,2.708050201,28,800,30,1,UMi_NLOS_28
231.7,-108.1,138.1,45.9,-4.8,15,849.0293333,55.43974597,2.708050201,28,800,30,1,UMi_NLOS_28
231.7,-105.1,135.1,30.4,-0.2,15,849.072,55.44714675,2.708050201,28,800,30,1,UMi_NLOS_28
231.8,-106,136,27.1,-2,15,849.116,55.45515784,2.708050201,28,800,30,1,UMi_NLOS_28
231.9,-105.1,135.1,42.2,-0.1,15,849.16,55.46326989,2.708050201,28,800,30,1,UMi_NLOS_28
232,-112.5,142.5,32.7,-0.3,97,1074.881753,361.2028065,4.574710978,28,800,30,1,UMi_NLOS_28
232.1,-104.9,134.9,35.4,-2.4,15,849.2026667,55.47292955,2.708050201,28,800,30,1,UMi_NLOS_28
232.2,-106.8,136.8,28.9,0.6,15,849.2473333,55.48051567,2.708050201,28,800,30,1,UMi_NLOS_28
232.3,-107.1,137.1,25.6,-3.7,15,849.2893333,55.48862339,2.708050201,28,800,30,1,UMi_NLOS_28
232.4,-108.2,138.2,44,-5.8,15,849.3333333,55.49620019,2.708050201,28,800,30,1,UMi_NLOS_28
232.4,-109.4,139.4,35,-4,15,849.376,55.50382699,2.708050201,28,800,30,1,UMi_NLOS_28
232.5,-109.7,139.7,23,-2.3,15,849.4206667,55.51275463,2.708050201,28,800,30,1,UMi_NLOS_28
232.6,-101.8,131.8,31.4,2,15,849.4633333,55.52112855,2.708050201,28,800,30,1,UMi_NLOS_28
232.7,-109.8,139.8,34.5,-1.5,15,849.508,55.52919391,2.708050201,28,800,30,1,UMi_NLOS_28
232.8,-103,133,39.6,0.4,15,849.552,55.53669192,2.708050201,28,800,30,1,UMi_NLOS_28
232.9,-109.3,139.3,19.8,-2.8,15,849.5966667,55.54658773,2.708050201,28,800,30,1,UMi_NLOS_28
233,-107.6,137.6,43.2,-1,97,1074.890619,361.1996682,4.574710978,28,800,30,1,UMi_NLOS_28
233,-109.1,139.1,41.6,0.7,15,849.6406667,55.55466047,2.708050201,28,800,30,1,UMi_NLOS_28
233.1,-109.4,139.4,35.4,-2.6,15,849.6846667,55.56339057,2.708050201,28,800,30,1,UMi_NLOS_28
233.2,-108.6,138.6,21.4,-0.1,15,849.7306667,55.57106339,2.708050201,28,800,30,1,UMi_NLOS_28
233.3,-107.9,137.9,24.6,-2.1,15,849.7753333,55.57977148,2.708050201,28,800,30,1,UMi_NLOS_28
233.4,-105.9,135.9,31.6,1.4,15,849.8206667,55.58884126,2.708050201,28,800,30,1,UMi_NLOS_28
233.5,-109,139,9.5,8.1,15,849.8646667,55.59773747,2.708050201,28,800,30,1,UMi_NLOS_28
233.6,-104.7,134.7,37.5,-4,15,849.9093333,55.60718628,2.708050201,28,800,30,1,UMi_NLOS_28
233.6,-109.7,139.7,42.9,-1.5,15,849.9533333,55.61750536,2.708050201,28,800,30,1,UMi_NLOS_28
233.7,-108,138,16.6,0.7,15,849.9993333,55.62525787,2.708050201,28,800,30,1,UMi_NLOS_28
233.8,-111.1,141.1,25.1,-4.3,15,850.0446667,55.63352609,2.708050201,28,800,30,1,UMi_NLOS_28
233.9,-106.3,136.3,44.2,-4.6,97,1074.248454,361.2362157,4.574710978,28,800,30,1,UMi_NLOS_28
234,-105.7,135.7,33.3,-1.5,97,1074.905052,361.2009441,4.574710978,28,800,30,1,UMi_NLOS_28
234.1,-108.7,138.7,33.7,-2.9,20,944.678,96.59083624,2.995732274,28,800,30,1,UMi_NLOS_28
234.2,-105.7,135.7,37.7,-2.3,17,974.8105882,70.15575281,2.833213344,28,800,30,1,UMi_NLOS_28
234.2,-107.8,137.8,26.5,1.2,17,974.8064706,70.15787742,2.833213344,28,800,30,1,UMi_NLOS_28
234.3,-112.9,142.9,45.2,-4.7,17,974.7976471,70.15569538,2.833213344,28,800,30,1,UMi_NLOS_28
234.4,-106.3,136.3,29.6,-1.2,17,974.7835294,70.14967988,2.833213344,28,800,30,1,UMi_NLOS_28
234.5,-116,146,45.8,-2.1,17,974.7729412,70.14876082,2.833213344,28,800,30,1,UMi_NLOS_28
234.6,-109.8,139.8,34.1,3,17,974.7594118,70.1410757,2.833213344,28,800,30,1,UMi_NLOS_28
234.7,-109.7,139.7,33.2,-0.4,17,974.75,70.14047627,2.833213344,28,800,30,1,UMi_NLOS_28
234.8,-108.6,138.6,42.8,-4.1,17,974.7411765,70.13670977,2.833213344,28,800,30,1,UMi_NLOS_28
234.8,-105.4,135.4,40,-2.3,17,974.7258824,70.13029563,2.833213344,28,800,30,1,UMi_NLOS_28
234.9,-106.4,136.4,24.5,0.6,97,1074.912268,361.1971143,4.574710978,28,800,30,1,UMi_NLOS_28
235,-110.5,140.5,20.6,9.7,17,974.7123529,70.12533934,2.833213344,28,800,30,1,UMi_NLOS_28
235.1,-100.5,130.5,27.6,0,17,974.7088235,70.12773169,2.833213344,28,800,30,1,UMi_NLOS_28
235.2,-107.9,137.9,43,-4.8,17,974.6994118,70.1237067,2.833213344,28,800,30,1,UMi_NLOS_28
235.3,-106.9,136.9,24.6,-1.4,17,974.6970588,70.12509526,2.833213344,28,800,30,1,UMi_NLOS_28
235.4,-112.1,142.1,26.5,-2.3,17,974.6870588,70.12272979,2.833213344,28,800,30,1,UMi_NLOS_28
235.4,-107.3,137.3,21.9,0.4,17,974.6729412,70.11654783,2.833213344,28,800,30,1,UMi_NLOS_28
235.5,-108,138,30,-2.7,17,974.6647059,70.11451231,2.833213344,28,800,30,1,UMi_NLOS_28
235.6,-108.9,138.9,33.6,-1.5,17,974.6494118,70.10653074,2.833213344,28,800,30,1,UMi_NLOS_28
235.7,-107.8,137.8,28.9,2.5,17,974.6417647,70.10456495,2.833213344,28,800,30,1,UMi_NLOS_28
235.8,-102.1,132.1,41.4,-0.5,17,974.6329412,70.10227342,2.833213344,28,800,30,1,UMi_NLOS_28
235.9,-110.3,140.3,49.3,3.6,97,1074.925258,361.1984865,4.574710978,28,800,30,1,UMi_NLOS_28
236,-107.4,137.4,15.6,-1.3,17,974.6252941,70.09923513,2.833213344,28,800,30,1,UMi_NLOS_28
236.1,-103.9,133.9,78.6,-2.3,17,974.6152941,70.0969125,2.833213344,28,800,30,1,UMi_NLOS_28
236.1,-103,133,24.3,2.5,17,974.6135294,70.10007283,2.833213344,28,800,30,1,UMi_NLOS_28
236.2,-106.8,136.8,14,11.2,17,974.6047059,70.09622698,2.833213344,28,800,30,1,UMi_NLOS_28
236.3,-111.7,141.7,24.6,-2.9,17,974.5964706,70.09264063,2.833213344,28,800,30,1,UMi_NLOS_28
236.4,-103.3,133.3,29.9,3.1,17,974.5829412,70.08600714,2.833213344,28,800,30,1,UMi_NLOS_28
236.5,-113.5,143.5,28.7,0.6,17,974.5676471,70.08146525,2.833213344,28,800,30,1,UMi_NLOS_28
236.6,-105.2,135.2,30.3,1.9,17,974.5594118,70.07775022,2.833213344,28,800,30,1,UMi_NLOS_28
236.7,-103.1,133.1,23,1.7,17,974.5511765,70.07589431,2.833213344,28,800,30,1,UMi_NLOS_28
236.7,-111.3,141.3,27.7,7.9,17,974.5435294,70.07280004,2.833213344,28,800,30,1,UMi_NLOS_28
236.8,-103.9,133.9,38,11,97,1074.933608,361.1962513,4.574710978,28,800,30,1,UMi_NLOS_28
236.9,-114.6,144.6,41.1,2.3,17,974.5352941,70.06901615,2.833213344,28,800,30,1,UMi_NLOS_28
237,-111.3,141.3,23,4.1,17,974.5329412,70.07215842,2.833213344,28,800,30,1,UMi_NLOS_28
237.1,-109.4,139.4,42.1,4,17,974.5188235,70.06597529,2.833213344,28,800,30,1,UMi_NLOS_28
237.2,-108.2,138.2,31.1,0,17,974.5164706,70.0665445,2.833213344,28,800,30,1,UMi_NLOS_28
237.3,-108.8,138.8,17.2,-1.5,17,974.5082353,70.06278531,2.833213344,28,800,30,1,UMi_NLOS_28
237.3,-111.7,141.7,39.2,8.9,17,974.4947059,70.05509077,2.833213344,28,800,30,1,UMi_NLOS_28
237.4,-109,139,27.6,3.6,17,974.4864706,70.05318592,2.833213344,28,800,30,1,UMi_NLOS_28
237.5,-103.1,133.1,53.9,-1.8,17,974.4794118,70.04969719,2.833213344,28,800,30,1,UMi_NLOS_28
237.6,-107.3,137.3,30.4,3.2,17,974.4658824,70.04547288,2.833213344,28,800,30,1,UMi_NLOS_28
237.7,-113.5,143.5,36,1,17,974.4635294,70.04705292,2.833213344,28,800,30,1,UMi_NLOS_28
237.8,-107.4,137.4,31,6.4,97,1074.941753,361.1928344,4.574710978,28,800,30,1,UMi_NLOS_28
237.9,-112.5,142.5,24.9,1.2,17,974.4558824,70.04353202,2.833213344,28,800,30,1,UMi_NLOS_28
238,-100.9,130.9,18.4,1.3,17,974.4417647,70.03738827,2.833213344,28,800,30,1,UMi_NLOS_28
238,-109.3,139.3,42.7,-1.7,17,974.4405882,70.03616843,2.833213344,28,800,30,1,UMi_NLOS_28
238.1,-110.5,140.5,18.5,11.7,17,974.4329412,70.03436356,2.833213344,28,800,30,1,UMi_NLOS_28
238.2,-101.8,131.8,19.8,8.7,17,974.42,70.02683948,2.833213344,28,800,30,1,UMi_NLOS_28
238.3,-107.2,137.2,41.6,-1,17,974.4117647,70.0231787,2.833213344,28,800,30,1,UMi_NLOS_28
238.4,-109.4,139.4,70.3,3.5,17,974.4035294,70.02129449,2.833213344,28,800,30,1,UMi_NLOS_28
238.5,-113.3,143.3,16.6,-0.2,17,974.4094118,70.02774101,2.833213344,28,800,30,1,UMi_NLOS_28
238.6,-100.3,130.3,13.8,6.3,17,974.3952941,70.02015123,2.833213344,28,800,30,1,UMi_NLOS_28
238.6,-111.6,141.6,16,1.9,17,974.3876471,70.01834302,2.833213344,28,800,30,1,UMi_NLOS_28
238.7,-100.3,130.3,14.3,4.2,97,1074.953814,361.1952826,4.574710978,28,800,30,1,UMi_NLOS_28
238.8,-105.2,135.2,37.1,0.9,17,974.3805882,70.01474319,2.833213344,28,800,30,1,UMi_NLOS_28
238.9,-107.8,137.8,18.1,0.2,17,974.3717647,70.01118299,2.833213344,28,800,30,1,UMi_NLOS_28
239,-109.6,139.6,30.7,-2.8,17,974.3588235,70.00499032,2.833213344,28,800,30,1,UMi_NLOS_28
239.1,-104.3,134.3,56.7,-1,17,974.3511765,70.00138048,2.833213344,28,800,30,1,UMi_NLOS_28
239.2,-108.6,138.6,41.8,2.4,17,974.3388235,69.9942042,2.833213344,28,800,30,1,UMi_NLOS_28
239.3,-98.2,128.2,34.2,-0.8,17,974.3441176,70.00058748,2.833213344,28,800,30,1,UMi_NLOS_28
239.3,-106.9,136.9,15.5,-0.3,17,974.3370588,69.99722766,2.833213344,28,800,30,1,UMi_NLOS_28
239.4,-104,134,22.1,1.2,17,974.3288235,69.99532958,2.833213344,28,800,30,1,UMi_NLOS_28
239.5,-105.8,135.8,31.4,2.3,17,974.3164706,69.98792425,2.833213344,28,800,30,1,UMi_NLOS_28
239.6,-110.2,140.2,52.1,-0.4,17,974.3082353,69.98603972,2.833213344,28,800,30,1,UMi_NLOS_28
239.7,-99.8,129.8,64.5,-1.4,97,1074.961237,361.19059,4.574710978,28,800,30,1,UMi_NLOS_28
239.8,-107.6,137.6,29.8,2.9,17,974.3076471,69.98511586,2.833213344,28,800,30,1,UMi_NLOS_28
239.9,-112,142,26.5,5.1,17,974.2941176,69.9776983,2.833213344,28,800,30,1,UMi_NLOS_28
239.9,-108.8,138.8,21.8,11.1,17,974.2947059,69.97964571,2.833213344,28,800,30,1,UMi_NLOS_28
240,-117.3,147.3,20.4,3.5,17,974.2864706,69.97617989,2.833213344,28,800,30,1,UMi_NLOS_28
240.1,-115.1,145.1,48,8.4,17,974.2747059,69.97075979,2.833213344,28,800,30,1,UMi_NLOS_28
240.2,-110.8,140.8,30.2,0.8,17,974.2670588,69.96886457,2.833213344,28,800,30,1,UMi_NLOS_28
240.3,-110.4,140.4,30.1,1.3,17,974.2611765,69.96557354,2.833213344,28,800,30,1,UMi_NLOS_28
240.4,-104.2,134.2,24.5,3.7,17,974.2535294,69.9621971,2.833213344,28,800,30,1,UMi_NLOS_28
240.5,-106,136,38.6,4.3,17,974.2464706,69.95890238,2.833213344,28,800,30,1,UMi_NLOS_28
240.6,-108.5,138.5,38.5,0.4,17,974.2394118,69.95546823,2.833213344,28,800,30,1,UMi_NLOS_28
240.6,-103.8,133.8,29,8.7,97,1074.97567,361.1932231,4.574710978,28,800,30,1,UMi_NLOS_28
240.7,-110.6,140.6,21.2,3.1,17,974.2382353,69.95890073,2.833213344,28,800,30,1,UMi_NLOS_28
240.8,-114,144,36.8,3.4,17,974.2258824,69.95004697,2.833213344,28,800,30,1,UMi_NLOS_28
240.9,-110.6,140.6,26.6,4.4,17,974.2252941,69.95148244,2.833213344,28,800,30,1,UMi_NLOS_28
241,-112.9,142.9,21.3,2.7,17,974.2182353,69.94985382,2.833213344,28,800,30,1,UMi_NLOS_28
241.1,-112.1,142.1,31.6,0,17,974.2117647,69.94647384,2.833213344,28,800,30,1,UMi_NLOS_28
241.2,-104.3,134.3,44.4,-3.1,17,974.1994118,69.93939313,2.833213344,28,800,30,1,UMi_NLOS_28
241.3,-112.9,142.9,15.5,4.2,17,974.1988235,69.94013254,2.833213344,28,800,30,1,UMi_NLOS_28
241.3,-106.7,136.7,29.4,-1.2,17,974.1911765,69.93919543,2.833213344,28,800,30,1,UMi_NLOS_28
241.4,-108.7,138.7,43.2,2.2,17,974.1852941,69.93598713,2.833213344,28,800,30,1,UMi_NLOS_28
241.5,-107.4,137.4,19,3.5,17,974.1729412,69.92868533,2.833213344,28,800,30,1,UMi_NLOS_28
241.6,-108.4,138.4,31.3,-0.2,97,1074.984639,361.1901726,4.574710978,28,800,30,1,UMi_NLOS_28
241.7,-109,139,58.6,5.3,17,974.1664706,69.92561669,2.833213344,28,800,30,1,UMi_NLOS_28
241.8,-106.8,136.8,77.1,1,17,974.1664706,69.92689232,2.833213344,28,800,30,1,UMi_NLOS_28
241.9,-109.7,139.7,29.5,4.7,17,974.1588235,69.92505954,2.833213344,28,800,30,1,UMi_NLOS_28
241.9,-107.6,137.6,29.5,1.8,17,974.1535294,69.9219538,2.833213344,28,800,30,1,UMi_NLOS_28
242,-105.8,135.8,29.5,1.4,17,974.1588235,69.92628597,2.833213344,28,800,30,1,UMi_NLOS_28
242.1,-109,139,51.5,5.1,17,974.1517647,69.92480669,2.833213344,28,800,30,1,UMi_NLOS_28
242.2,-107.2,137.2,54.5,1.6,17,974.1394118,69.91755805,2.833213344,28,800,30,1,UMi_NLOS_28
242.3,-108.1,138.1,45.3,1.7,17,974.1341176,69.91275623,2.833213344,28,800,30,1,UMi_NLOS_28
242.4,-110.5,140.5,24.1,6.5,17,974.1270588,69.91133761,2.833213344,28,800,30,1,UMi_NLOS_28
242.5,-107.5,137.5,57.4,1.3,17,974.1211765,69.91005346,2.833213344,28,800,30,1,UMi_NLOS_28
242.6,-105,135,35.2,8.2,97,1074.991959,361.1848508,4.574710978,28,800,30,1,UMi_NLOS_28
242.6,-105.9,135.9,38.4,6.4,17,974.1141176,69.90615895,2.833213344,28,800,30,1,UMi_NLOS_28
242.7,-108.1,138.1,32.3,2.5,17,974.1205882,69.91244924,2.833213344,28,800,30,1,UMi_NLOS_28
242.8,-108.4,138.4,20.6,1.6,17,974.1147059,69.9094029,2.833213344,28,800,30,1,UMi_NLOS_28
242.9,-106.8,136.8,55.3,-0.6,17,974.1076471,69.90597151,2.833213344,28,800,30,1,UMi_NLOS_28
243,-107.2,137.2,20.5,1.7,17,974.0970588,69.89914295,2.833213344,28,800,30,1,UMi_NLOS_28
243.1,-106.7,136.7,36.9,2.2,17,974.0905882,69.89593041,2.833213344,28,800,30,1,UMi_NLOS_28
243.2,-105.3,135.3,71.3,0.5,17,974.0852941,69.89292248,2.833213344,28,800,30,1,UMi_NLOS_28
243.3,-105.7,135.7,33,5,17,974.0841176,69.89609533,2.833213344,28,800,30,1,UMi_NLOS_28
243.3,-108.4,138.4,37,-0.5,17,974.0782353,69.8942339,2.833213344,28,800,30,1,UMi_NLOS_28
243.4,-108.9,138.9,32.1,0.5,17,974.0782353,69.89365967,2.833213344,28,800,30,1,UMi_NLOS_28
243.5,-106.6,136.6,20.5,-1.6,97,1074.256701,361.23741,4.574710978,28,800,30,1,UMi_NLOS_28
243.6,-107.1,137.1,36.8,9.4,97,1075.006082,361.1881032,4.574710978,28,800,30,1,UMi_NLOS_28
243.7,-108.2,138.2,18.9,11.7,2,801.245,9.805,0.693147181,28,800,30,1,UMi_NLOS_28
243.8,-107.5,137.5,49.5,-2.6,27,1011.761852,140.8825609,3.295836866,28,800,30,1,UMi_NLOS_28
243.9,-106.6,136.6,66.7,3.2,27,1011.779259,140.8820518,3.295836866,28,800,30,1,UMi_NLOS_28
244,-107.3,137.3,42.8,1.4,27,1011.788148,140.876642,3.295836866,28,800,30,1,UMi_NLOS_28
244,-107.6,137.6,19.7,5.3,27,1011.800741,140.8786776,3.295836866,28,800,30,1,UMi_NLOS_28
244.1,-105.8,135.8,35.4,5.2,27,1011.817407,140.8775375,3.295836866,28,800,30,1,UMi_NLOS_28
244.2,-107.8,137.8,27.8,-0.5,27,1011.827407,140.8741182,3.295836866,28,800,30,1,UMi_NLOS_28
244.3,-107.7,137.7,18.2,4.8,27,1011.84,140.8742895,3.295836866,28,800,30,1,UMi_NLOS_28
244.4,-108.7,138.7,12.3,0.6,27,1011.854074,140.8766512,3.295836866,28,800,30,1,UMi_NLOS_28
244.5,-107.7,137.7,7.3,7.5,27,1011.879259,140.8837122,3.295836866,28,800,30,1,UMi_NLOS_28
244.6,-104.5,134.5,18.8,2,97,1075.014948,361.1853916,4.574710978,28,800,30,1,UMi_NLOS_28
244.7,-107.5,137.5,11.3,4.2,27,1011.884815,140.8765092,3.295836866,28,800,30,1,UMi_NLOS_28
244.7,-108.5,138.5,12.5,3.3,27,1011.898519,140.8730988,3.295836866,28,800,30,1,UMi_NLOS_28
244.8,-107.6,137.6,10.6,3.5,27,1011.914815,140.8730838,3.295836866,28,800,30,1,UMi_NLOS_28
244.9,-107.9,137.9,10.4,1.1,27,1011.924815,140.8729806,3.295836866,28,800,30,1,UMi_NLOS_28
245,-107.4,137.4,15.1,-2.6,27,1011.945926,140.8815855,3.295836866,28,800,30,1,UMi_NLOS_28
245.1,-106.9,136.9,19.2,1.8,27,1011.962593,140.882582,3.295836866,28,800,30,1,UMi_NLOS_28
245.2,-108.6,138.6,10.7,2.3,27,1011.972222,140.8741215,3.295836866,28,800,30,1,UMi_NLOS_28
245.3,-106.7,136.7,7.7,1.4,27,1011.986296,140.8696418,3.295836866,28,800,30,1,UMi_NLOS_28
245.4,-106,136,10.8,2.6,27,1012,140.8719338,3.295836866,28,800,30,1,UMi_NLOS_28
245.4,-107.2,137.2,9.5,2.5,27,1012.012963,140.8691956,3.295836866,28,800,30,1,UMi_NLOS_28
245.5,-110.1,140.1,8.1,5.5,97,1075.028351,361.1869872,4.574710978,28,800,30,1,UMi_NLOS_28
245.6,-108.3,138.3,7.5,-0.6,27,1012.026296,140.8727901,3.295836866,28,800,30,1,UMi_NLOS_28
245.7,-107.5,137.5,10.7,4.4,27,1012.043704,140.8716728,3.295836866,28,800,30,1,UMi_NLOS_28
245.8,-109,139,12.7,0.8,27,1012.057037,140.8684718,3.295836866,28,800,30,1,UMi_NLOS_28
245.9,-107.9,137.9,10.6,-4.7,27,1012.067037,140.8657694,3.295836866,28,800,30,1,UMi_NLOS_28
246,-108.1,138.1,23.4,-2.1,27,1012.085185,140.8654243,3.295836866,28,800,30,1,UMi_NLOS_28
246.1,-108.7,138.7,7.1,4.2,27,1012.094815,140.8622829,3.295836866,28,800,30,1,UMi_NLOS_28
246.1,-108.8,138.8,12.4,-2,27,1012.119259,140.8715204,3.295836866,28,800,30,1,UMi_NLOS_28
246.2,-109.2,139.2,10.9,-0.7,27,1012.136667,140.8741857,3.295836866,28,800,30,1,UMi_NLOS_28
246.3,-108.7,138.7,7.5,-1.7,27,1012.142963,140.8693058,3.295836866,28,800,30,1,UMi_NLOS_28
246.4,-104.7,134.7,6.5,-0.9,27,1012.16,140.865299,3.295836866,28,800,30,1,UMi_NLOS_28
246.5,-103.7,133.7,6.6,1.2,97,1075.038866,361.1854449,4.574710978,28,800,30,1,UMi_NLOS_28
246.6,-110.1,140.1,15.8,-0.3,27,1012.174444,140.861595,3.295836866,28,800,30,1,UMi_NLOS_28
246.7,-109.7,139.7,11.2,0.4,27,1012.187778,140.8615194,3.295836866,28,800,30,1,UMi_NLOS_28
246.8,-107.4,137.4,11.5,3.9,27,1012.208519,140.871844,3.295836866,28,800,30,1,UMi_NLOS_28
246.8,-112.2,142.2,18.6,0.4,27,1012.223333,140.8687869,3.295836866,28,800,30,1,UMi_NLOS_28
246.9,-103.3,133.3,15.7,-2.4,27,1012.237037,140.8625882,3.295836866,28,800,30,1,UMi_NLOS_28
247,-110,140,9.8,-1.9,27,1012.251111,140.8589925,3.295836866,28,800,30,1,UMi_NLOS_28
247.1,-104.8,134.8,14.1,1.1,27,1012.261852,140.8591427,3.295836866,28,800,30,1,UMi_NLOS_28
247.2,-107,137,13.4,-1.6,27,1012.286296,140.8628274,3.295836866,28,800,30,1,UMi_NLOS_28
247.3,-106.1,136.1,12.1,0.9,27,1012.303704,140.8659317,3.295836866,28,800,30,1,UMi_NLOS_28
247.4,-110.2,140.2,12.8,-2.3,27,1012.314074,140.8622358,3.295836866,28,800,30,1,UMi_NLOS_28
247.5,-104.7,134.7,7.7,3.6,97,1075.048351,361.1829195,4.574710978,28,800,30,1,UMi_NLOS_28
247.5,-107.9,137.9,9.9,0.9,27,1012.332593,140.8636186,3.295836866,28,800,30,1,UMi_NLOS_28
247.6,-107.8,137.8,15.5,-4.8,27,1012.345926,140.8610994,3.295836866,28,800,30,1,UMi_NLOS_28
247.7,-106.1,136.1,11.1,0.8,27,1012.356667,140.8544453,3.295836866,28,800,30,1,UMi_NLOS_28
247.8,-105.8,135.8,8.6,0.7,27,1012.374444,140.8545315,3.295836866,28,800,30,1,UMi_NLOS_28
247.9,-109.9,139.9,7.6,2.8,27,1012.396296,140.8626626,3.295836866,28,800,30,1,UMi_NLOS_28
248,-106.5,136.5,6.8,3.6,27,1012.413333,140.8652548,3.295836866,28,800,30,1,UMi_NLOS_28
248.1,-100.5,130.5,10.5,1,27,1012.427778,140.8621246,3.295836866,28,800,30,1,UMi_NLOS_28
248.2,-108.5,138.5,6.9,6.6,27,1012.441852,140.8603478,3.295836866,28,800,30,1,UMi_NLOS_28
248.2,-106.7,136.7,13,-1,27,1012.452593,140.8515991,3.295836866,28,800,30,1,UMi_NLOS_28
248.3,-107.9,137.9,9.6,-1.7,27,1012.471111,140.8523995,3.295836866,28,800,30,1,UMi_NLOS_28
248.4,-106.1,136.1,11.6,0.9,97,1075.061031,361.1835408,4.574710978,28,800,30,1,UMi_NLOS_28
248.5,-110,140,7.8,0.7,27,1012.488519,140.8543152,3.295836866,28,800,30,1,UMi_NLOS_28
248.6,-103.9,133.9,5.4,6.2,27,1012.507037,140.8539733,3.295836866,28,800,30,1,UMi_NLOS_28
248.7,-107,137,12.4,-2.8,27,1012.520741,140.8517271,3.295836866,28,800,30,1,UMi_NLOS_28
248.8,-108.8,138.8,7.8,1.8,27,1012.535556,140.8529495,3.295836866,28,800,30,1,UMi_NLOS_28
248.9,-110.3,140.3,11.4,5.9,27,1012.54963,140.8458073,3.295836866,28,800,30,1,UMi_NLOS_28
248.9,-103.7,133.7,12.2,4.2,27,1012.567037,140.8492231,3.295836866,28,800,30,1,UMi_NLOS_28
249,-114.8,144.8,5.7,7.9,27,1012.581481,140.8486321,3.295836866,28,800,30,1,UMi_NLOS_28
249.1,-108.7,138.7,13.1,-2.3,27,1012.603704,140.8523628,3.295836866,28,800,30,1,UMi_NLOS_28
249.2,-99,129,8.1,0.9,27,1012.629259,140.858162,3.295836866,28,800,30,1,UMi_NLOS_28
249.3,-107.2,137.2,9.3,3.2,27,1012.64037,140.8557176,3.295836866,28,800,30,1,UMi_NLOS_28
249.4,-100.6,130.6,20.2,-3.5,97,1075.072371,361.1834335,4.574710978,28,800,30,1,UMi_NLOS_28
249.5,-104.3,134.3,13.6,-0.3,27,1012.650741,140.84718,3.295836866,28,800,30,1,UMi_NLOS_28
249.6,-115.6,145.6,21.9,-5.9,27,1012.672593,140.8554853,3.295836866,28,800,30,1,UMi_NLOS_28
249.6,-106.1,136.1,11.3,-1,27,1012.698148,140.8592394,3.295836866,28,800,30,1,UMi_NLOS_28
249.7,-105,135,10.1,-0.6,27,1012.712963,140.8548955,3.295836866,28,800,30,1,UMi_NLOS_28
249.8,-115.4,145.4,11.1,-0.9,27,1012.727407,140.8509644,3.295836866,28,800,30,1,UMi_NLOS_28
249.9,-112.7,142.7,7.7,7.5,27,1012.742593,140.8468517,3.295836866,28,800,30,1,UMi_NLOS_28
250,-110.4,140.4,10.9,0.8,27,1012.760741,140.8485193,3.295836866,28,800,30,1,UMi_NLOS_28
250.1,-106.9,136.9,15,1.4,27,1012.778889,140.8469433,3.295836866,28,800,30,1,UMi_NLOS_28
250.2,-111.5,141.5,8.4,1.6,27,1012.78963,140.845334,3.295836866,28,800,30,1,UMi_NLOS_28
250.3,-101.8,131.8,12.8,0.6,27,1012.811852,140.8483923,3.295836866,28,800,30,1,UMi_NLOS_28
250.4,-108.8,138.8,8.8,0.1,97,1075.081443,361.1804991,4.574710978,28,800,30,1,UMi_NLOS_28
250.4,-107.4,137.4,12.2,-4.6,27,1012.827037,140.8439013,3.295836866,28,800,30,1,UMi_NLOS_28
250.5,-105.7,135.7,14.1,-3.2,27,1012.844815,140.8485291,3.295836866,28,800,30,1,UMi_NLOS_28
250.6,-108.5,138.5,11.3,-0.4,27,1012.86,140.8451065,3.295836866,28,800,30,1,UMi_NLOS_28
250.7,-111.8,141.8,3.3,11.6,27,1012.885926,140.8495345,3.295836866,28,800,30,1,UMi_NLOS_28
250.8,-110.7,140.7,16.8,-2.9,27,1012.904074,140.8488257,3.295836866,28,800,30,1,UMi_NLOS_28
250.9,-110.5,140.5,4.4,10.5,27,1012.915185,140.844682,3.295836866,28,800,30,1,UMi_NLOS_28
251,-105.3,135.3,15.2,-0.7,27,1012.937778,140.8482146,3.295836866,28,800,30,1,UMi_NLOS_28
251.1,-107.1,137.1,10.9,-0.6,27,1012.96037,140.8517464,3.295836866,28,800,30,1,UMi_NLOS_28
251.1,-107.9,137.9,7.6,1.2,27,1012.967037,140.8432572,3.295836866,28,800,30,1,UMi_NLOS_28
251.2,-105.6,135.6,9.2,2,27,1012.99,140.8461839,3.295836866,28,800,30,1,UMi_NLOS_28
251.3,-116.7,146.7,11.5,0.2,67,867.5426866,200.8615876,4.204692619,28,800,30,1,UMi_NLOS_28
251.4,-105.4,135.4,10.6,1.4,27,1013.015556,140.8489128,3.295836866,28,800,30,1,UMi_NLOS_28
251.5,-105,135,12.5,-1.4,27,1013.027407,140.8442846,3.295836866,28,800,30,1,UMi_NLOS_28
251.6,-114.1,144.1,17.6,0.5,27,1013.045926,140.84662,3.295836866,28,800,30,1,UMi_NLOS_28
251.7,-115,145,11.8,-2.9,27,1013.057407,140.8373138,3.295836866,28,800,30,1,UMi_NLOS_28
251.8,-102.6,132.6,13.6,0.4,27,1013.08037,140.8422777,3.295836866,28,800,30,1,UMi_NLOS_28
251.8,-113.5,143.5,17,-1.5,27,1013.095556,140.8396333,3.295836866,28,800,30,1,UMi_NLOS_28
251.9,-109.8,139.8,9,1.5,27,1013.11037,140.8361036,3.295836866,28,800,30,1,UMi_NLOS_28
252,-109.9,139.9,12.5,-0.3,27,1013.143704,140.8525302,3.295836866,28,800,30,1,UMi_NLOS_28
252.1,-103.9,133.9,6.4,2.1,27,1013.155556,140.8474994,3.295836866,28,800,30,1,UMi_NLOS_28
252.2,-112.3,142.3,9.7,-0.9,27,1013.171111,140.8402861,3.295836866,28,800,30,1,UMi_NLOS_28
252.3,-101.5,131.5,8,5,51,782.6401961,150.4644347,3.931825633,28,800,30,1,UMi_NLOS_28
252.4,-103.2,133.2,13.4,-0.2,27,1013.19,140.8393447,3.295836866,28,800,30,1,UMi_NLOS_28
252.5,-105.4,135.4,15.2,-0.9,27,1013.212593,140.8419076,3.295836866,28,800,30,1,UMi_NLOS_28
252.6,-107,137,12.7,3.3,27,1013.227407,140.8446181,3.295836866,28,800,30,1,UMi_NLOS_28
252.6,-103.6,133.6,15.3,1.8,27,1013.25,140.846188,3.295836866,28,800,30,1,UMi_NLOS_28
252.7,-113.2,143.2,13.7,-1.8,27,1013.26963,140.8438886,3.295836866,28,800,30,1,UMi_NLOS_28
252.8,-102.7,132.7,9.4,-2.3,27,1013.285556,140.8350549,3.295836866,28,800,30,1,UMi_NLOS_28
252.9,-117.1,147.1,5.6,3,27,1013.296667,140.8312753,3.295836866,28,800,30,1,UMi_NLOS_28
253,-105.6,135.6,14.8,-1.6,27,1013.315556,140.8292961,3.295836866,28,800,30,1,UMi_NLOS_28
253.1,-108.3,138.3,12.9,-3.2,27,1013.341852,140.838521,3.295836866,28,800,30,1,UMi_NLOS_28
253.2,-114.1,144.1,22,-1.5,27,1013.364444,140.840377,3.295836866,28,800,30,1,UMi_NLOS_28
T-R,Separation,Distance,(m),Received,56,527.9073214,157.2983054,4.025351691,73,800,30,1,UMi_NLOS_73
91.8,-100.2,130.2,28.7,-5.1,56,527.9241071,157.3043398,4.025351691,73,800,30,1,UMi_NLOS_73
91.8,-100.8,130.8,36,-4.9,98,903.3071429,459.5227833,4.584967479,73,800,30,1,UMi_NLOS_73
91.8,-100.7,130.7,51.7,-3.6,40,662.4415,135.1284256,3.688879454,73,800,30,1,UMi_NLOS_73
91.9,-100.4,130.4,27.8,-2.8,110,898.7047273,438.6835996,4.700480366,73,800,30,1,UMi_NLOS_73
91.9,-100,130,49.3,-0.4,118,867.7815254,438.1446946,4.770684624,73,800,30,1,UMi_NLOS_73
92,-99.3,129.3,36.3,-2.5,114,884.0164912,436.6431517,4.736198448,73,800,30,1,UMi_NLOS_73
92,-100.3,130.3,33.9,-3.4,114,884.0435965,436.6477014,4.736198448,73,800,30,1,UMi_NLOS_73
92,-99.4,129.4,21.2,-2.1,114,884.0642982,436.6460282,4.736198448,73,800,30,1,UMi_NLOS_73
92.1,-99.5,129.5,61.8,-3.2,114,884.0839474,436.6428299,4.736198448,73,800,30,1,UMi_NLOS_73
92.1,-100.3,130.3,36.7,-3.3,114,884.1044737,436.6403007,4.736198448,73,800,30,1,UMi_NLOS_73
92.1,-100.2,130.2,29.1,-3.6,114,884.1281579,436.6436577,4.736198448,73,800,30,1,UMi_NLOS_73
92.2,-100.3,130.3,39.5,-6.9,114,884.1521053,436.6439051,4.736198448,73,800,30,1,UMi_NLOS_73
92.2,-100,130,21.1,-4.2,56,527.9266071,157.3041782,4.025351691,73,800,30,1,UMi_NLOS_73
92.3,-100.3,130.3,35,-5.8,114,884.1718421,436.639455,4.736198448,73,800,30,1,UMi_NLOS_73
92.3,-100.2,130.2,29.9,-5.4,114,884.1929825,436.6368362,4.736198448,73,800,30,1,UMi_NLOS_73
92.3,-100.4,130.4,40.1,-3.1,114,884.2168421,436.639878,4.736198448,73,800,30,1,UMi_NLOS_73
92.4,-100.2,130.2,49.1,-5,114,884.2399123,436.6390705,4.736198448,73,800,30,1,UMi_NLOS_73
92.4,-100.3,130.3,62.7,-6.4,114,884.2610526,436.6357809,4.736198448,73,800,30,1,UMi_NLOS_73
92.5,-100.2,130.2,22.5,-2,114,884.2860526,436.638825,4.736198448,73,800,30,1,UMi_NLOS_73
92.5,-100.2,130.2,32.4,-3.4,114,884.3078947,436.6385411,4.736198448,73,800,30,1,UMi_NLOS_73
92.5,-100.3,130.3,34.2,-5.7,114,884.3320175,436.6391425,4.736198448,73,800,30,1,UMi_NLOS_73
92.6,-100.2,130.2,24.5,-5.2,114,884.3536842,436.6362215,4.736198448,73,800,30,1,UMi_NLOS_73
92.6,-100.4,130.4,46.2,-3.6,114,884.3747368,436.631703,4.736198448,73,800,30,1,UMi_NLOS_73
92.7,-99.8,129.8,41.4,-5.4,56,527.9294643,157.3046712,4.025351691,73,800,30,1,UMi_NLOS_73
92.7,-100.7,130.7,36.2,3.3,114,884.3963158,436.6303498,4.736198448,73,800,30,1,UMi_NLOS_73
92.7,-101.3,131.3,64.7,0.5,114,884.4230702,436.630912,4.736198448,73,800,30,1,UMi_NLOS_73
92.8,-99.9,129.9,35.7,-3.3,114,884.4433333,436.6281282,4.736198448,73,800,30,1,UMi_NLOS_73
92.8,-100.7,130.7,20.3,3.8,114,884.465,436.6247121,4.736198448,73,800,30,1,UMi_NLOS_73
92.9,-100.6,130.6,34.1,2,114,884.4890351,436.6260876,4.736198448,73,800,30,1,UMi_NLOS_73
92.9,-100.4,130.4,39.4,-1.7,114,884.5171053,436.6262303,4.736198448,73,800,30,1,UMi_NLOS_73
92.9,-99.6,129.6,30.8,-5,114,884.5388596,436.6254301,4.736198448,73,800,30,1,UMi_NLOS_73
93,-99.9,129.9,39.2,-4.1,114,884.5620175,436.6242453,4.736198448,73,800,30,1,UMi_NLOS_73
93,-100.4,130.4,32.8,0,114,884.5807018,436.6168246,4.736198448,73,800,30,1,UMi_NLOS_73
93.1,-100.1,130.1,43.3,-3.8,114,884.6075439,436.6184958,4.736198448,73,800,30,1,UMi_NLOS_73
93.1,-99.9,129.9,92.6,-6.4,56,527.9317857,157.3054681,4.025351691,73,800,30,1,UMi_NLOS_73
93.2,-101.1,131.1,63.1,1.6,114,884.6320175,436.6196506,4.736198448,73,800,30,1,UMi_NLOS_73
93.2,-99.5,129.5,28.2,3.1,114,884.6566667,436.6178269,4.736198448,73,800,30,1,UMi_NLOS_73
93.2,-101,131,62.7,-3.1,114,884.6797368,436.6164665,4.736198448,73,800,30,1,UMi_NLOS_73
93.3,-100.7,130.7,34.8,-1.9,114,884.7028947,436.6124597,4.736198448,73,800,30,1,UMi_NLOS_73
93.3,-98.9,128.9,42.5,-0.8,114,884.7254386,436.6094009,4.736198448,73,800,30,1,UMi_NLOS_73
93.4,-97.4,127.4,30.9,-0.9,114,884.7499123,436.6076744,4.736198448,73,800,30,1,UMi_NLOS_73
93.4,-96.6,126.6,28.4,-5.5,114,884.7707895,436.6034686,4.736198448,73,800,30,1,UMi_NLOS_73
93.4,-99.7,129.7,35.8,-5.3,114,884.7961403,436.6017263,4.736198448,73,800,30,1,UMi_NLOS_73
93.5,-101.7,131.7,30.4,-1.1,114,884.8246491,436.6054847,4.736198448,73,800,30,1,UMi_NLOS_73
93.5,-101.8,131.8,34.7,-4,114,884.8487719,436.6021865,4.736198448,73,800,30,1,UMi_NLOS_73
93.6,-100.4,130.4,31.6,-1.4,56,527.9342857,157.3052369,4.025351691,73,800,30,1,UMi_NLOS_73
93.6,-103.4,133.4,27.4,-3.2,114,884.8713158,436.598394,4.736198448,73,800,30,1,UMi_NLOS_73
93.7,-99.3,129.3,39.9,-5.9,114,884.8977193,436.5981911,4.736198448,73,800,30,1,UMi_NLOS_73
93.7,-100.5,130.5,30,-3,114,884.9190351,436.5941077,4.736198448,73,800,30,1,UMi_NLOS_73
93.7,-99,129,35.4,-0.1,114,884.945,436.5917617,4.736198448,73,800,30,1,UMi_NLOS_73
93.8,-101.6,131.6,26.1,-0.5,114,884.9735088,436.593877,4.736198448,73,800,30,1,UMi_NLOS_73
93.8,-103.5,133.5,56.5,-4.9,114,884.9982456,436.5911119,4.736198448,73,800,30,1,UMi_NLOS_73
93.9,-101.9,131.9,41.9,-2.9,114,885.020614,436.585166,4.736198448,73,800,30,1,UMi_NLOS_73
93.9,-99.2,129.2,37.5,-4.4,114,885.0457018,436.5815852,4.736198448,73,800,30,1,UMi_NLOS_73
94,-100.6,130.6,34.8,-5.1,114,885.072807,436.5813683,4.736198448,73,800,30,1,UMi_NLOS_73
94,-102.9,132.9,23.4,-5.6,114,885.0984211,436.5812951,4.736198448,73,800,30,1,UMi_NLOS_73
94,-99.9,129.9,48.4,-0.4,56,527.9366071,157.3057344,4.025351691,73,800,30,1,UMi_NLOS_73
94.1,-102.2,132.2,31.2,-4.2,114,885.122807,436.5759959,4.736198448,73,800,30,1,UMi_NLOS_73
94.1,-99.9,129.9,44.4,-2.8,114,885.1474561,436.5749344,4.736198448,73,800,30,1,UMi_NLOS_73
94.2,-99.3,129.3,63.9,-5.3,114,885.1724561,436.570225,4.736198448,73,800,30,1,UMi_NLOS_73
94.2,-102.6,132.6,24.5,-5,114,885.197807,436.5658305,4.736198448,73,800,30,1,UMi_NLOS_73
94.3,-100.7,130.7,42.6,-7.6,114,885.2257018,436.5669163,4.736198448,73,800,30,1,UMi_NLOS_73
94.3,-98.4,128.4,30.4,3.3,114,885.2503509,436.5632511,4.736198448,73,800,30,1,UMi_NLOS_73
94.3,-103.6,133.6,38.9,0.6,114,885.2770175,436.5619079,4.736198448,73,800,30,1,UMi_NLOS_73
94.4,-98.4,128.4,37,-4.2,114,885.3042105,436.5597727,4.736198448,73,800,30,1,UMi_NLOS_73
94.4,-102.6,132.6,77.7,-4.8,114,885.3296491,436.5565829,4.736198448,73,800,30,1,UMi_NLOS_73
94.5,-102.5,132.5,32.4,-6,114,885.3562281,436.5528472,4.736198448,73,800,30,1,UMi_NLOS_73
94.5,-101.6,131.6,26.1,-4.8,56,527.9396429,157.3062497,4.025351691,73,800,30,1,UMi_NLOS_73
94.6,-98.6,128.6,32.5,-3.4,114,885.3816667,436.5494165,4.736198448,73,800,30,1,UMi_NLOS_73
94.6,-100.7,130.7,25.1,2.1,114,885.4086842,436.5469124,4.736198448,73,800,30,1,UMi_NLOS_73
94.7,-111.1,141.1,28.4,-2.9,114,885.437193,436.5466243,4.736198448,73,800,30,1,UMi_NLOS_73
94.7,-103.1,133.1,32,-4.6,114,885.4637719,436.5425138,4.736198448,73,800,30,1,UMi_NLOS_73
94.7,-96.8,126.8,41.7,-5.5,114,885.4895614,436.5399268,4.736198448,73,800,30,1,UMi_NLOS_73
94.8,-103.7,133.7,71.3,-3.6,114,885.5132456,436.5314989,4.736198448,73,800,30,1,UMi_NLOS_73
94.8,-101,131,40.2,0.8,114,885.5451754,436.5348543,4.736198448,73,800,30,1,UMi_NLOS_73
94.9,-103.9,133.9,26.9,-3.1,114,885.5711404,436.5304484,4.736198448,73,800,30,1,UMi_NLOS_73
94.9,-104,134,21.9,-4.2,114,885.5978947,436.5271198,4.736198448,73,800,30,1,UMi_NLOS_73
95,-103.8,133.8,33.3,-4.1,114,885.6261404,436.5251309,4.736198448,73,800,30,1,UMi_NLOS_73
95,-98.6,128.6,44.6,-3.9,56,527.9423214,157.3067924,4.025351691,73,800,30,1,UMi_NLOS_73
95.1,-104,134,20.3,-2.4,114,885.6551754,436.5218356,4.736198448,73,800,30,1,UMi_NLOS_73
95.1,-100.7,130.7,33.9,-0.1,114,885.6785088,436.5141768,4.736198448,73,800,30,1,UMi_NLOS_73
95.2,-99.2,129.2,34.3,-2.8,114,885.7073684,436.5131097,4.736198448,73,800,30,1,UMi_NLOS_73
95.2,-103.2,133.2,27.2,-1.4,114,885.7321053,436.506561,4.736198448,73,800,30,1,UMi_NLOS_73
95.2,-97.3,127.3,66.2,-2.3,114,885.7622807,436.5032746,4.736198448,73,800,30,1,UMi_NLOS_73
95.3,-102.2,132.2,40.5,-2.8,114,885.7909649,436.5013701,4.736198448,73,800,30,1,UMi_NLOS_73
95.3,-100.3,130.3,28.2,-4,114,885.8170175,436.4963741,4.736198448,73,800,30,1,UMi_NLOS_73
95.4,-97.9,127.9,25,-5.3,114,885.845614,436.492556,4.736198448,73,800,30,1,UMi_NLOS_73
95.4,-97.3,127.3,32.5,-2.7,114,885.8736842,436.4872057,4.736198448,73,800,30,1,UMi_NLOS_73
95.5,-104.3,134.3,34.2,-3.3,114,885.905,436.4888623,4.736198448,73,800,30,1,UMi_NLOS_73
95.5,-100.2,130.2,57.1,0,56,527.9457143,157.3075233,4.025351691,73,800,30,1,UMi_NLOS_73
95.6,-101,131,29.7,-3.4,114,885.9294737,436.4813695,4.736198448,73,800,30,1,UMi_NLOS_73
95.6,-95.9,125.9,61.2,-4.2,114,885.9587719,436.4767545,4.736198448,73,800,30,1,UMi_NLOS_73
95.7,-99,129,59.1,0.9,114,885.9908772,436.4764436,4.736198448,73,800,30,1,UMi_NLOS_73
95.7,-105.6,135.6,63.3,-3.8,114,886.0183333,436.4725309,4.736198448,73,800,30,1,UMi_NLOS_73
95.8,-101.1,131.1,30.9,-5.6,114,886.0486842,436.4691014,4.736198448,73,800,30,1,UMi_NLOS_73
95.8,-100.7,130.7,28.6,-2.2,114,886.072193,436.4585427,4.736198448,73,800,30,1,UMi_NLOS_73
95.8,-92.7,122.7,58.4,-1.5,114,886.1025439,436.4567404,4.736198448,73,800,30,1,UMi_NLOS_73
95.9,-95,125,30.9,-4.9,114,886.1341228,436.4544975,4.736198448,73,800,30,1,UMi_NLOS_73
95.9,-99.9,129.9,37.9,-5.2,114,886.1626316,436.4487926,4.736198448,73,800,30,1,UMi_NLOS_73
96,-94.8,124.8,45.4,1,114,886.1887719,436.4413886,4.736198448,73,800,30,1,UMi_NLOS_73
96,-103.6,133.6,79.7,0.5,56,527.9482143,157.3071436,4.025351691,73,800,30,1,UMi_NLOS_73
96.1,-106.6,136.6,27.7,1.3,114,886.2201754,436.4394971,4.736198448,73,800,30,1,UMi_NLOS_73
96.1,-107.3,137.3,44.3,-4.6,114,886.2521053,436.4370745,4.736198448,73,800,30,1,UMi_NLOS_73
96.2,-103.7,133.7,31.8,-3.2,114,886.2808772,436.4327835,4.736198448,73,800,30,1,UMi_NLOS_73
96.2,-102,132,72.5,-3.2,114,886.3082456,436.4247009,4.736198448,73,800,30,1,UMi_NLOS_73
96.3,-100.4,130.4,73.6,-3.8,114,886.3414912,436.4230529,4.736198448,73,800,30,1,UMi_NLOS_73
96.3,-95.8,125.8,33.3,-4.5,114,886.3699123,436.4166498,4.736198448,73,800,30,1,UMi_NLOS_73
96.4,-103.3,133.3,30.7,-1.3,114,886.3985965,436.4101583,4.736198448,73,800,30,1,UMi_NLOS_73
96.4,-91.6,121.6,40.1,-0.9,114,886.4282456,436.4052002,4.736198448,73,800,30,1,UMi_NLOS_73
96.5,-106.2,136.2,38,-3.2,114,886.4565789,436.3991068,4.736198448,73,800,30,1,UMi_NLOS_73
96.5,-111.3,141.3,57.2,-0.5,92,703.6122826,294.3569131,4.521788577,73,800,30,1,UMi_NLOS_73
96.6,-110.7,140.7,39.8,-4.4,56,527.9085714,157.2986391,4.025351691,73,800,30,1,UMi_NLOS_73
96.6,-103.7,133.7,37.1,-5.4,56,527.9514286,157.3078039,4.025351691,73,800,30,1,UMi_NLOS_73
96.6,-101,131,34,-6.5,89,637.0751685,211.4212543,4.48863637,73,800,30,1,UMi_NLOS_73
96.7,-100.9,130.9,34.2,-0.9,85,593.6510588,172.7603458,4.442651256,73,800,30,1,UMi_NLOS_73
96.7,-101.5,131.5,44.8,-0.4,70,607.4247143,187.5778466,4.248495242,73,800,30,1,UMi_NLOS_73
96.8,-107.1,137.1,37.2,3,67,612.3583582,190.6882974,4.204692619,73,800,30,1,UMi_NLOS_73
96.8,-107.4,137.4,57.5,-7.8,67,612.3668657,190.6901629,4.204692619,73,800,30,1,UMi_NLOS_73
96.9,-109.6,139.6,70,-6.6,67,612.3744776,190.6918764,4.204692619,73,800,30,1,UMi_NLOS_73
96.9,-95.1,125.1,67.8,-2.2,67,612.381791,190.6944244,4.204692619,73,800,30,1,UMi_NLOS_73
97,-93.5,123.5,33.6,-1.1,67,612.3898507,190.6963182,4.204692619,73,800,30,1,UMi_NLOS_73
97,-110.5,140.5,34.6,-5,67,612.3980597,190.6978329,4.204692619,73,800,30,1,UMi_NLOS_73
97.1,-94.6,124.6,51.8,0.3,67,612.4056716,190.6998018,4.204692619,73,800,30,1,UMi_NLOS_73
97.1,-98.6,128.6,35.3,-6.5,56,527.955,157.3075055,4.025351691,73,800,30,1,UMi_NLOS_73
97.2,-115,145,55.9,-5.5,67,612.4135821,190.7021176,4.204692619,73,800,30,1,UMi_NLOS_73
97.2,-97.5,127.5,72.6,-4.4,67,612.421194,190.7042455,4.204692619,73,800,30,1,UMi_NLOS_73
97.3,-110.4,140.4,35.4,-3.3,67,612.4295522,190.7058556,4.204692619,73,800,30,1,UMi_NLOS_73
97.3,-96.3,126.3,27.3,-1.1,67,612.4373134,190.7082085,4.204692619,73,800,30,1,UMi_NLOS_73
97.4,-103.4,133.4,64.8,-4.3,67,612.4455224,190.709961,4.204692619,73,800,30,1,UMi_NLOS_73
97.4,-108.2,138.2,31.2,-6.9,67,612.4535821,190.7116617,4.204692619,73,800,30,1,UMi_NLOS_73
97.5,-111.7,141.7,55.6,-4.9,67,612.4620896,190.7141265,4.204692619,73,800,30,1,UMi_NLOS_73
97.5,-100.6,130.6,77,-2.2,67,612.4710448,190.7154695,4.204692619,73,800,30,1,UMi_NLOS_73
97.6,-103.6,133.6,53,-5.7,67,612.4786567,190.7172107,4.204692619,73,800,30,1,UMi_NLOS_73
97.6,-104.5,134.5,39.6,-7.4,67,612.4874627,190.7192764,4.204692619,73,800,30,1,UMi_NLOS_73
97.7,-105.4,135.4,32.7,-4.5,56,527.9583929,157.3085539,4.025351691,73,800,30,1,UMi_NLOS_73
97.7,-86,116,19.5,-1.6,67,612.4947761,190.7219494,4.204692619,73,800,30,1,UMi_NLOS_73
97.8,-93.8,123.8,28.8,2.2,67,612.5038806,190.723386,4.204692619,73,800,30,1,UMi_NLOS_73
97.8,-102.6,132.6,79.8,-6.7,67,612.5125373,190.7250501,4.204692619,73,800,30,1,UMi_NLOS_73
97.9,-102.6,132.6,47,0,67,612.5202985,190.7271291,4.204692619,73,800,30,1,UMi_NLOS_73
97.9,-107.2,137.2,58.3,0.3,67,612.5295522,190.7289596,4.204692619,73,800,30,1,UMi_NLOS_73
98,-106.5,136.5,59.1,1.1,67,612.538209,190.7311967,4.204692619,73,800,30,1,UMi_NLOS_73
98,-104.5,134.5,26.3,-3.4,67,612.5471642,190.733526,4.204692619,73,800,30,1,UMi_NLOS_73
98.1,-102.2,132.2,27.2,-6.6,67,612.5550746,190.7347316,4.204692619,73,800,30,1,UMi_NLOS_73
98.1,-91.1,121.1,36.8,-5.2,67,612.5646269,190.7367592,4.204692619,73,800,30,1,UMi_NLOS_73
98.2,-96,126,27.5,-6.8,67,612.5732836,190.7385517,4.204692619,73,800,30,1,UMi_NLOS_73
98.2,-103,133,37.3,-4.6,56,527.9617857,157.3078873,4.025351691,73,800,30,1,UMi_NLOS_73
98.3,-109.2,139.2,33.3,-1.3,67,612.5813433,190.7404399,4.204692619,73,800,30,1,UMi_NLOS_73
98.3,-121.3,151.3,34.9,-1.2,67,612.590597,190.7425062,4.204692619,73,800,30,1,UMi_NLOS_73
98.4,-94.9,124.9,56.3,-3.9,67,612.5998507,190.7445151,4.204692619,73,800,30,1,UMi_NLOS_73
98.4,-99.2,129.2,30.4,-6.2,67,612.609403,190.7470218,4.204692619,73,800,30,1,UMi_NLOS_73
98.5,-94.1,124.1,41.2,0,67,612.6186567,190.7482709,4.204692619,73,800,30,1,UMi_NLOS_73
98.5,-94.2,124.2,78.6,-0.5,67,612.6274627,190.7501319,4.204692619,73,800,30,1,UMi_NLOS_73
98.6,-105.8,135.8,79.9,-1,67,612.6364179,190.7516324,4.204692619,73,800,30,1,UMi_NLOS_73
98.6,-116.6,146.6,54.9,-3.3,67,612.6459701,190.7534371,4.204692619,73,800,30,1,UMi_NLOS_73
98.7,-100.7,130.7,36.6,2.7,67,612.6555224,190.7555471,4.204692619,73,800,30,1,UMi_NLOS_73
98.7,-108.6,138.6,46.2,-1.8,67,612.6646269,190.7576702,4.204692619,73,800,30,1,UMi_NLOS_73
98.8,-91,121,37.5,-3.8,56,527.9655357,157.3092052,4.025351691,73,800,30,1,UMi_NLOS_73
98.8,-101.7,131.7,32.8,-5.1,67,612.6735821,190.7592086,4.204692619,73,800,30,1,UMi_NLOS_73
98.9,-99.3,129.3,40.2,-4.1,67,612.6829851,190.7612566,4.204692619,73,800,30,1,UMi_NLOS_73
98.9,-94.9,124.9,30.5,-2.6,67,612.6919403,190.7631565,4.204692619,73,800,30,1,UMi_NLOS_73
99,-100.3,130.3,45.7,-3.8,67,612.7019403,190.7647096,4.204692619,73,800,30,1,UMi_NLOS_73
99,-118.9,148.9,61.7,1.6,67,612.711791,190.7667762,4.204692619,73,800,30,1,UMi_NLOS_73
99.1,-114.6,144.6,33.5,-4.6,67,612.7214925,190.7684631,4.204692619,73,800,30,1,UMi_NLOS_73
99.1,-83.8,113.8,60.5,-5,67,612.731194,190.7703687,4.204692619,73,800,30,1,UMi_NLOS_73
99.2,-93.3,123.3,36.2,-4,67,612.7410448,190.7724263,4.204692619,73,800,30,1,UMi_NLOS_73
99.3,-110.9,140.9,58,-2.5,67,612.75,190.7738012,4.204692619,73,800,30,1,UMi_NLOS_73
99.3,-103,133,31.8,-0.3,67,612.7604478,190.7759062,4.204692619,73,800,30,1,UMi_NLOS_73
99.4,-93,123,44.8,-3.2,56,527.9691071,157.3092551,4.025351691,73,800,30,1,UMi_NLOS_73
99.4,-115.1,145.1,37,-3.3,67,612.7702985,190.7780382,4.204692619,73,800,30,1,UMi_NLOS_73
99.5,-100,130,39.5,-4.9,67,612.78,190.7798139,4.204692619,73,800,30,1,UMi_NLOS_73
99.5,-98.8,128.8,36.6,-2,67,612.79,190.7811458,4.204692619,73,800,30,1,UMi_NLOS_73
99.6,-98.3,128.3,48,1.3,67,612.8001493,190.7830743,4.204692619,73,800,30,1,UMi_NLOS_73
99.6,-92.6,122.6,28.3,-6.1,67,612.8095522,190.7843437,4.204692619,73,800,30,1,UMi_NLOS_73
99.7,-116.1,146.1,41.9,-3,67,612.8201493,190.7865334,4.204692619,73,800,30,1,UMi_NLOS_73
99.7,-95.5,125.5,43.2,0.1,67,612.8310448,190.7883568,4.204692619,73,800,30,1,UMi_NLOS_73
99.8,-91.7,121.7,50.6,-7.9,67,612.840597,190.7901552,4.204692619,73,800,30,1,UMi_NLOS_73
99.8,-98.2,128.2,26.2,2.3,67,612.8508955,190.7915612,4.204692619,73,800,30,1,UMi_NLOS_73
99.9,-104.4,134.4,43.8,-2.9,67,612.8616418,190.7933991,4.204692619,73,800,30,1,UMi_NLOS_73
99.9,-107.7,137.7,42.2,-4.2,56,527.9728571,157.3085272,4.025351691,73,800,30,1,UMi_NLOS_73
100,-103.4,133.4,58.8,-4.8,67,612.8719403,190.7951278,4.204692619,73,800,30,1,UMi_NLOS_73
100,-107.8,137.8,28,-6.5,67,612.8829851,190.7972006,4.204692619,73,800,30,1,UMi_NLOS_73
100.1,-97.9,127.9,25,-5.4,67,612.8929851,190.7989606,4.204692619,73,800,30,1,UMi_NLOS_73
100.1,-105.5,135.5,34.1,-4.1,67,612.9037313,190.8010084,4.204692619,73,800,30,1,UMi_NLOS_73
100.2,-103.9,133.9,36.6,-3.4,67,612.9138806,190.8024017,4.204692619,73,800,30,1,UMi_NLOS_73
100.3,-90.9,120.9,70,1.7,67,612.9244776,190.8046395,4.204692619,73,800,30,1,UMi_NLOS_73
100.3,-101.6,131.6,84.2,-3.8,67,612.9356716,190.806137,4.204692619,73,800,30,1,UMi_NLOS_73
100.4,-101.5,131.5,23,-4.2,67,612.9461194,190.8075224,4.204692619,73,800,30,1,UMi_NLOS_73
100.4,-90.3,120.3,25.5,-5.8,67,612.9571642,190.8087121,4.204692619,73,800,30,1,UMi_NLOS_73
100.5,-105.8,135.8,50.1,-4.1,67,612.9674627,190.81126,4.204692619,73,800,30,1,UMi_NLOS_73
100.5,-119.5,149.5,41.6,-4.9,56,527.9766071,157.3088894,4.025351691,73,800,30,1,UMi_NLOS_73
100.6,-91.6,121.6,37.4,-3.9,67,612.9783582,190.8131684,4.204692619,73,800,30,1,UMi_NLOS_73
100.6,-101.9,131.9,30.6,-3.3,67,612.9895522,190.8148067,4.204692619,73,800,30,1,UMi_NLOS_73
100.7,-87.8,117.8,41.1,-4.3,67,613.0007463,190.8161196,4.204692619,73,800,30,1,UMi_NLOS_73
100.7,-108.8,138.8,54.7,-6.1,67,613.0120896,190.8184614,4.204692619,73,800,30,1,UMi_NLOS_73
100.8,-106.1,136.1,49.7,-4.9,67,613.0231343,190.8192327,4.204692619,73,800,30,1,UMi_NLOS_73
100.8,-109.2,139.2,42.5,-3.3,67,613.0340299,190.8207692,4.204692619,73,800,30,1,UMi_NLOS_73
100.9,-114.5,144.5,62.3,-1.4,67,613.0450746,190.8229522,4.204692619,73,800,30,1,UMi_NLOS_73
101,-100.6,130.6,45.1,-4.2,67,613.0568657,190.8242947,4.204692619,73,800,30,1,UMi_NLOS_73
101,-98.6,128.6,34.3,-6.5,67,613.0677612,190.8260556,4.204692619,73,800,30,1,UMi_NLOS_73
101.1,-114.8,144.8,25.9,-4.9,67,613.0801493,190.8277298,4.204692619,73,800,30,1,UMi_NLOS_73
101.1,-90.3,120.3,25.5,-4.9,56,527.9808929,157.3094449,4.025351691,73,800,30,1,UMi_NLOS_73
101.2,-99.3,129.3,22.6,-4.9,67,613.0913433,190.829339,4.204692619,73,800,30,1,UMi_NLOS_73
101.2,-93.2,123.2,19,-4.4,67,613.1023881,190.8303788,4.204692619,73,800,30,1,UMi_NLOS_73
101.3,-92.4,122.4,45.5,1.2,67,613.1138806,190.8327884,4.204692619,73,800,30,1,UMi_NLOS_73
101.3,-105.9,135.9,45.7,-6.9,67,613.1255224,190.8340353,4.204692619,73,800,30,1,UMi_NLOS_73
101.4,-93.1,123.1,59.8,-4.1,67,613.1370149,190.8355712,4.204692619,73,800,30,1,UMi_NLOS_73
101.4,-95.7,125.7,61.3,-5.4,67,613.1495522,190.8377704,4.204692619,73,800,30,1,UMi_NLOS_73
101.5,-79.4,109.4,56.7,-5.9,67,613.1616418,190.8391043,4.204692619,73,800,30,1,UMi_NLOS_73
101.6,-114.7,144.7,68.7,-6.6,67,613.1726866,190.8407261,4.204692619,73,800,30,1,UMi_NLOS_73
101.6,-94.4,124.4,37.5,-3.4,67,613.1844776,190.8430373,4.204692619,73,800,30,1,UMi_NLOS_73
101.7,-97.3,127.3,34.5,-5.9,67,613.1970149,190.8434606,4.204692619,73,800,30,1,UMi_NLOS_73
101.7,-104.6,134.6,27.6,-4.4,56,527.9846429,157.3088078,4.025351691,73,800,30,1,UMi_NLOS_73
101.8,-101.7,131.7,22.5,-2,67,613.2080597,190.8450201,4.204692619,73,800,30,1,UMi_NLOS_73
101.8,-88.4,118.4,54.4,0.2,67,613.2208955,190.8470949,4.204692619,73,800,30,1,UMi_NLOS_73
101.9,-91.4,121.4,32.2,2.2,67,613.2328358,190.8483002,4.204692619,73,800,30,1,UMi_NLOS_73
101.9,-103.7,133.7,40.6,-6.1,67,613.2450746,190.8495407,4.204692619,73,800,30,1,UMi_NLOS_73
102,-102.6,132.6,44.6,-6.4,67,613.2576119,190.8517613,4.204692619,73,800,30,1,UMi_NLOS_73
102.1,-95.4,125.4,47.2,-6.1,67,613.2698507,190.8525346,4.204692619,73,800,30,1,UMi_NLOS_73
102.1,-108.1,138.1,27.3,-5.4,67,613.2822388,190.8544272,4.204692619,73,800,30,1,UMi_NLOS_73
102.2,-105.4,135.4,37.2,-4.4,67,613.2943284,190.8555865,4.204692619,73,800,30,1,UMi_NLOS_73
102.2,-102.2,132.2,62.5,-3.1,67,613.3070149,190.8577502,4.204692619,73,800,30,1,UMi_NLOS_73
102.3,-103.4,133.4,44.7,-2.1,61,581.7513115,169.7621206,4.110873864,73,800,30,1,UMi_NLOS_73
102.3,-96.7,126.7,38,-2.3,56,527.9101786,157.2998804,4.025351691,73,800,30,1,UMi_NLOS_73
102.4,-109.2,139.2,44.9,-0.9,56,527.98875,157.3093539,4.025351691,73,800,30,1,UMi_NLOS_73
102.4,-101.6,131.6,30,-1.9,50,528.5224,139.3651084,3.912023005,73,800,30,1,UMi_NLOS_73
102.5,-97.8,127.8,71.5,-6.9,28,413.9489286,65.44857973,3.33220451,73,800,30,1,UMi_NLOS_73
102.6,-94.1,124.1,32.1,3.1,48,488.3908333,99.90125647,3.871201011,73,800,30,1,UMi_NLOS_73
102.6,-100.1,130.1,35.2,-5.4,47,496.5246809,92.57706554,3.850147602,73,800,30,1,UMi_NLOS_73
102.7,-109.1,139.1,45.8,0.1,47,496.5391489,92.58518437,3.850147602,73,800,30,1,UMi_NLOS_73
102.7,-97.7,127.7,27.9,-0.3,47,496.5519149,92.59195259,3.850147602,73,800,30,1,UMi_NLOS_73
102.8,-94.1,124.1,48.9,-3.4,47,496.5657447,92.59852857,3.850147602,73,800,30,1,UMi_NLOS_73
102.8,-98.4,128.4,26.6,-5.3,47,496.5793617,92.60590529,3.850147602,73,800,30,1,UMi_NLOS_73
102.9,-93.4,123.4,32.7,0.8,47,496.5919149,92.6121902,3.850147602,73,800,30,1,UMi_NLOS_73
103,-96.6,126.6,37.6,-3,47,496.6055319,92.6195466,3.850147602,73,800,30,1,UMi_NLOS_73
103,-102.2,132.2,22.6,-0.2,56,527.9925,157.3096945,4.025351691,73,800,30,1,UMi_NLOS_73
103.1,-94,124,23.1,-5.2,47,496.6189362,92.62640509,3.850147602,73,800,30,1,UMi_NLOS_73
103.1,-105.8,135.8,40.9,-1.8,47,496.6334043,92.63353251,3.850147602,73,800,30,1,UMi_NLOS_73
103.2,-96.8,126.8,50.4,-6,47,496.6468085,92.64017857,3.850147602,73,800,30,1,UMi_NLOS_73
103.2,-98.1,128.1,36.9,-5.2,47,496.6606383,92.64797426,3.850147602,73,800,30,1,UMi_NLOS_73
103.3,-94.7,124.7,36.3,-7,47,496.6744681,92.65524424,3.850147602,73,800,30,1,UMi_NLOS_73
103.3,-107,137,31,-4.8,47,496.6874468,92.66137278,3.850147602,73,800,30,1,UMi_NLOS_73
103.4,-106.1,136.1,57,-7.5,47,496.7017021,92.66943124,3.850147602,73,800,30,1,UMi_NLOS_73
103.5,-97.6,127.6,71.3,-4.7,47,496.7155319,92.67687613,3.850147602,73,800,30,1,UMi_NLOS_73
103.5,-93.4,123.4,31.8,-5.5,47,496.7295745,92.68304929,3.850147602,73,800,30,1,UMi_NLOS_73
103.6,-106.5,136.5,66.8,-5.5,47,496.7442553,92.69167962,3.850147602,73,800,30,1,UMi_NLOS_73
103.6,-104.3,134.3,67.4,-4.3,56,527.9967857,157.3095761,4.025351691,73,800,30,1,UMi_NLOS_73
103.7,-99.8,129.8,40.5,-5.5,47,496.757234,92.6986081,3.850147602,73,800,30,1,UMi_NLOS_73
103.8,-101.4,131.4,40.9,-2,47,496.7710638,92.70543855,3.850147602,73,800,30,1,UMi_NLOS_73
103.8,-97.3,127.3,60.9,-4.8,47,496.7853191,92.71371722,3.850147602,73,800,30,1,UMi_NLOS_73
103.9,-101.1,131.1,44.3,-2.2,47,496.8002128,92.72078097,3.850147602,73,800,30,1,UMi_NLOS_73
103.9,-100.8,130.8,50.6,-6.1,47,496.8134043,92.72796955,3.850147602,73,800,30,1,UMi_NLOS_73
104,-102.4,132.4,48.2,-1.9,47,496.8280851,92.73572007,3.850147602,73,800,30,1,UMi_NLOS_73
104,-108.4,138.4,55.5,-4.4,47,496.842766,92.74315729,3.850147602,73,800,30,1,UMi_NLOS_73
104.1,-104.6,134.6,51,-8,47,496.8561702,92.75063213,3.850147602,73,800,30,1,UMi_NLOS_73
104.2,-93.7,123.7,51.1,-7.5,47,496.8695745,92.75822778,3.850147602,73,800,30,1,UMi_NLOS_73
104.2,-94.2,124.2,41.5,-5.1,47,496.8851064,92.76621425,3.850147602,73,800,30,1,UMi_NLOS_73
104.3,-100.4,130.4,50.2,0.2,56,528.0008929,157.3092606,4.025351691,73,800,30,1,UMi_NLOS_73
104.3,-110.2,140.2,30.3,-1.9,47,496.8997872,92.77408794,3.850147602,73,800,30,1,UMi_NLOS_73
104.4,-105.9,135.9,25.8,-6.8,47,496.9144681,92.78144655,3.850147602,73,800,30,1,UMi_NLOS_73
104.4,-109.3,139.3,45.2,-0.5,47,496.9285106,92.78871018,3.850147602,73,800,30,1,UMi_NLOS_73
104.5,-98.9,128.9,18.9,-4.1,47,496.9423404,92.79720622,3.850147602,73,800,30,1,UMi_NLOS_73
104.6,-99.3,129.3,22.4,-4.5,47,496.9574468,92.80418501,3.850147602,73,800,30,1,UMi_NLOS_73
104.6,-90.4,120.4,34.3,-4.8,47,496.9721277,92.81264216,3.850147602,73,800,30,1,UMi_NLOS_73
104.7,-107.5,137.5,56.2,-1.8,47,496.9868085,92.82027053,3.850147602,73,800,30,1,UMi_NLOS_73
104.7,-109.4,139.4,56.3,-7.7,47,497.0021277,92.8280379,3.850147602,73,800,30,1,UMi_NLOS_73
104.8,-103.8,133.8,65.1,-4.4,47,497.016383,92.83759257,3.850147602,73,800,30,1,UMi_NLOS_73
104.9,-97.1,127.1,43.6,-8.2,47,497.0306383,92.84460308,3.850147602,73,800,30,1,UMi_NLOS_73
104.9,-100.8,130.8,33.9,0,56,528.0055357,157.3096798,4.025351691,73,800,30,1,UMi_NLOS_73
105,-106.3,136.3,36.6,-7.1,47,497.0453191,92.85247608,3.850147602,73,800,30,1,UMi_NLOS_73
105,-105.5,135.5,26.8,-5.8,47,497.0604255,92.86029021,3.850147602,73,800,30,1,UMi_NLOS_73
105.1,-110.6,140.6,66,-8.9,47,497.0761702,92.86905024,3.850147602,73,800,30,1,UMi_NLOS_73
105.2,-110.1,140.1,25.4,-5.1,47,497.0906383,92.87672329,3.850147602,73,800,30,1,UMi_NLOS_73
105.2,-100.2,130.2,29.2,-2,47,497.1053191,92.88534884,3.850147602,73,800,30,1,UMi_NLOS_73
105.3,-102.9,132.9,62.2,-5.5,47,497.1204255,92.89307679,3.850147602,73,800,30,1,UMi_NLOS_73
105.3,-95.6,125.6,54.8,-8.2,47,497.1355319,92.90197103,3.850147602,73,800,30,1,UMi_NLOS_73
105.4,-107.7,137.7,51,-7.6,47,497.1506383,92.91019678,3.850147602,73,800,30,1,UMi_NLOS_73
105.4,-101.2,131.2,53.5,-2.7,47,497.1659574,92.91791165,3.850147602,73,800,30,1,UMi_NLOS_73
105.5,-107.5,137.5,71.7,-8.3,47,497.1810638,92.92748704,3.850147602,73,800,30,1,UMi_NLOS_73
105.6,-104.6,134.6,43.5,-5.5,56,528.0105357,157.3095955,4.025351691,73,800,30,1,UMi_NLOS_73
105.6,-95.2,125.2,48.2,-3.3,47,497.1955319,92.93506616,3.850147602,73,800,30,1,UMi_NLOS_73
105.7,-99,129,25.1,-3.6,47,497.2117021,92.94306066,3.850147602,73,800,30,1,UMi_NLOS_73
105.7,-101.1,131.1,63.8,-5.8,47,497.2270213,92.95171212,3.850147602,73,800,30,1,UMi_NLOS_73
105.8,-101.4,131.4,53.4,-2,47,497.2429787,92.96041475,3.850147602,73,800,30,1,UMi_NLOS_73
105.9,-94.8,124.8,23.7,-4.1,47,497.2580851,92.9685637,3.850147602,73,800,30,1,UMi_NLOS_73
105.9,-101.5,131.5,44.1,-3.8,47,497.2742553,92.9774829,3.850147602,73,800,30,1,UMi_NLOS_73
106,-99.9,129.9,38.7,0.3,47,497.2889362,92.9861594,3.850147602,73,800,30,1,UMi_NLOS_73
106,-101.2,131.2,33.7,-4.3,47,497.3038298,92.99513894,3.850147602,73,800,30,1,UMi_NLOS_73
106.1,-106.4,136.4,40.8,-6.1,47,497.3202128,93.00379664,3.850147602,73,800,30,1,UMi_NLOS_73
106.2,-103.5,133.5,52.7,-6.7,47,497.3365957,93.01228458,3.850147602,73,800,30,1,UMi_NLOS_73
106.2,-105.5,135.5,42.9,-8,56,528.0144643,157.3093908,4.025351691,73,800,30,1,UMi_NLOS_73
106.3,-99.5,129.5,29.9,-2.8,47,497.3517021,93.02076024,3.850147602,73,800,30,1,UMi_NLOS_73
106.3,-105.2,135.2,64.2,-5.7,47,497.3680851,93.02982587,3.850147602,73,800,30,1,UMi_NLOS_73
106.4,-113.6,143.6,35.2,-3.9,47,497.3831915,93.03901906,3.850147602,73,800,30,1,UMi_NLOS_73
106.5,-100.7,130.7,19,-6.8,47,497.3995745,93.04756246,3.850147602,73,800,30,1,UMi_NLOS_73
106.5,-99.7,129.7,61.8,-3.8,47,497.4153191,93.05641978,3.850147602,73,800,30,1,UMi_NLOS_73
106.6,-101.5,131.5,31.6,-3.4,47,497.4312766,93.06583745,3.850147602,73,800,30,1,UMi_NLOS_73
106.7,-102.6,132.6,38,-7.3,47,497.4476596,93.07489849,3.850147602,73,800,30,1,UMi_NLOS_73
106.7,-100.1,130.1,48.4,-2,47,497.4638298,93.08388142,3.850147602,73,800,30,1,UMi_NLOS_73
106.8,-105.8,135.8,42.7,-2.5,47,497.48,93.09354453,3.850147602,73,800,30,1,UMi_NLOS_73
106.8,-105.7,135.7,31.9,-3.8,47,497.4961702,93.10269358,3.850147602,73,800,30,1,UMi_NLOS_73
106.9,-104.2,134.2,30.3,-3.8,56,528.0192857,157.3086,4.025351691,73,800,30,1,UMi_NLOS_73
107,-107.9,137.9,35.7,-3.8,47,497.5114894,93.11132328,3.850147602,73,800,30,1,UMi_NLOS_73
107,-107.6,137.6,43,-4.4,47,497.5287234,93.12097784,3.850147602,73,800,30,1,UMi_NLOS_73
107.1,-101.3,131.3,29.4,-2.3,47,497.5448936,93.12951179,3.850147602,73,800,30,1,UMi_NLOS_73
107.1,-102.2,132.2,62.7,-7.9,47,497.5623404,93.13978164,3.850147602,73,800,30,1,UMi_NLOS_73
107.2,-105.6,135.6,45.6,-2,47,497.5778723,93.14963884,3.850147602,73,800,30,1,UMi_NLOS_73
107.3,-109.9,139.9,46.6,-2.4,47,497.5942553,93.15855954,3.850147602,73,800,30,1,UMi_NLOS_73
107.3,-100.3,130.3,39,-1.5,47,497.6104255,93.16779422,3.850147602,73,800,30,1,UMi_NLOS_73
107.4,-103.9,133.9,34.1,-0.8,47,497.6270213,93.17727926,3.850147602,73,800,30,1,UMi_NLOS_73
107.4,-103,133,30.8,3.5,47,497.643617,93.18670507,3.850147602,73,800,30,1,UMi_NLOS_73
107.5,-105.7,135.7,33.8,-2.4,47,497.6608511,93.19633887,3.850147602,73,800,30,1,UMi_NLOS_73
107.6,-107.6,137.6,30.7,-6.3,56,528.0244643,157.308456,4.025351691,73,800,30,1,UMi_NLOS_73
107.6,-104,134,29.8,-6.1,47,497.6780851,93.2063468,3.850147602,73,800,30,1,UMi_NLOS_73
107.7,-98.5,128.5,37,-5.5,47,497.6946809,93.21664185,3.850147602,73,800,30,1,UMi_NLOS_73
107.8,-101.4,131.4,50.4,-6,47,497.7117021,93.22540605,3.850147602,73,800,30,1,UMi_NLOS_73
107.8,-105.6,135.6,20.8,-5.9,47,497.7280851,93.23467706,3.850147602,73,800,30,1,UMi_NLOS_73
107.9,-101.4,131.4,74.2,-8.2,47,497.7453191,93.24470592,3.850147602,73,800,30,1,UMi_NLOS_73
107.9,-104.4,134.4,40.3,-5.4,47,497.7629787,93.25499624,3.850147602,73,800,30,1,UMi_NLOS_73
108,-98.4,128.4,49,-5,47,497.7797872,93.26541254,3.850147602,73,800,30,1,UMi_NLOS_73
108.1,-96,126,38.7,-4.4,47,497.7970213,93.27418408,3.850147602,73,800,30,1,UMi_NLOS_73
108.1,-99.6,129.6,17.4,-7.4,47,497.8148936,93.28392041,3.850147602,73,800,30,1,UMi_NLOS_73
108.2,-103.2,133.2,21,-2.4,47,497.8312766,93.29514424,3.850147602,73,800,30,1,UMi_NLOS_73
108.2,-100.6,130.6,41,-5.6,56,528.0294643,157.3086172,4.025351691,73,800,30,1,UMi_NLOS_73
108.3,-100,130,18.2,-1.3,47,497.8487234,93.3059424,3.850147602,73,800,30,1,UMi_NLOS_73
108.4,-101.2,131.2,34.7,-4,47,497.8668085,93.31527396,3.850147602,73,800,30,1,UMi_NLOS_73
108.4,-103.1,133.1,20.2,-6.2,47,497.8844681,93.32539405,3.850147602,73,800,30,1,UMi_NLOS_73
108.5,-113,143,24.3,-1.2,47,497.9019149,93.3358783,3.850147602,73,800,30,1,UMi_NLOS_73
108.6,-106.3,136.3,59,-5.6,47,497.9189362,93.34595008,3.850147602,73,800,30,1,UMi_NLOS_73
108.6,-106,136,61.2,-4.4,47,497.9368085,93.35598487,3.850147602,73,800,30,1,UMi_NLOS_73
108.7,-105.9,135.9,68.7,-1.6,47,497.9544681,93.36720739,3.850147602,73,800,30,1,UMi_NLOS_73
108.7,-97.4,127.4,25.9,-2,47,497.9719149,93.37684962,3.850147602,73,800,30,1,UMi_NLOS_73
108.8,-108.8,138.8,61.8,-2.9,47,497.99,93.3878695,3.850147602,73,800,30,1,UMi_NLOS_73
108.9,-104.5,134.5,33.7,-7.6,76,749.8367105,332.2465016,4.33073334,73,800,30,1,UMi_NLOS_73
108.9,-100.1,130.1,59.2,-5.5,56,527.9119643,157.3009064,4.025351691,73,800,30,1,UMi_NLOS_73
109,-105.9,135.9,39,-6,56,528.0339286,157.3090715,4.025351691,73,800,30,1,UMi_NLOS_73
109.1,-99.4,129.4,23.7,-7.7,85,753.9877647,314.5178758,4.442651256,73,800,30,1,UMi_NLOS_73
109.1,-102.2,132.2,28,-1.8,81,762.055679,319.7152058,4.394449155,73,800,30,1,UMi_NLOS_73
109.2,-103.6,133.6,50.7,-3.4,65,854.2386154,290.2867666,4.17438727,73,800,30,1,UMi_NLOS_73
109.3,-107.1,137.1,40.3,-4.2,65,854.2283077,290.2871214,4.17438727,73,800,30,1,UMi_NLOS_73
109.3,-105.5,135.5,49,-3.3,65,854.2166154,290.2857567,4.17438727,73,800,30,1,UMi_NLOS_73
109.4,-97.6,127.6,51.3,-5.4,65,854.2044615,290.2856281,4.17438727,73,800,30,1,UMi_NLOS_73
109.4,-104.7,134.7,41.9,-2.3,65,854.1998462,290.293811,4.17438727,73,800,30,1,UMi_NLOS_73
109.5,-101.2,131.2,53.6,-5,65,854.188,290.2925662,4.17438727,73,800,30,1,UMi_NLOS_73
109.6,-103.4,133.4,60.5,-2.2,65,854.1806154,290.2958371,4.17438727,73,800,30,1,UMi_NLOS_73
109.6,-100.7,130.7,46.1,-3.2,65,854.1687692,290.2952864,4.17438727,73,800,30,1,UMi_NLOS_73
109.7,-103.5,133.5,55.9,-7,56,528.0398214,157.3081355,4.025351691,73,800,30,1,UMi_NLOS_73
109.8,-103.7,133.7,30.6,-4.9,65,854.1613846,290.298368,4.17438727,73,800,30,1,UMi_NLOS_73
109.8,-105.4,135.4,44.9,-5.7,65,854.1558462,290.3046107,4.17438727,73,800,30,1,UMi_NLOS_73
109.9,-99.1,129.1,34.1,-3.4,65,854.142,290.3030595,4.17438727,73,800,30,1,UMi_NLOS_73
109.9,-104.3,134.3,44.1,-2,65,854.1330769,290.3039864,4.17438727,73,800,30,1,UMi_NLOS_73
110,-101.3,131.3,34.1,-3.9,65,854.1255385,290.3083883,4.17438727,73,800,30,1,UMi_NLOS_73
110.1,-105.6,135.6,34.3,-5.4,65,854.114,290.3069475,4.17438727,73,800,30,1,UMi_NLOS_73
110.1,-103.8,133.8,19,-5.7,65,854.1035385,290.3088549,4.17438727,73,800,30,1,UMi_NLOS_73
110.2,-105.9,135.9,70,-3.8,65,854.0947692,290.309622,4.17438727,73,800,30,1,UMi_NLOS_73
110.3,-100.9,130.9,56.4,-4.3,65,854.0841538,290.3100816,4.17438727,73,800,30,1,UMi_NLOS_73
110.3,-102.9,132.9,38.9,-5.8,65,854.0721538,290.3098025,4.17438727,73,800,30,1,UMi_NLOS_73
110.4,-97.9,127.9,34.8,-4.3,56,528.0442857,157.3081561,4.025351691,73,800,30,1,UMi_NLOS_73
110.5,-107.8,137.8,56,-6.8,65,854.0629231,290.3121202,4.17438727,73,800,30,1,UMi_NLOS_73
110.5,-104.7,134.7,81.1,-6.6,65,854.0524615,290.313003,4.17438727,73,800,30,1,UMi_NLOS_73
110.6,-102.7,132.7,20.9,-6.6,65,854.0496923,290.3221288,4.17438727,73,800,30,1,UMi_NLOS_73
110.7,-102.2,132.2,45.4,-3.8,65,854.0363077,290.3195058,4.17438727,73,800,30,1,UMi_NLOS_73
110.7,-102.5,132.5,43.6,-2.5,65,854.0296923,290.3225482,4.17438727,73,800,30,1,UMi_NLOS_73
110.8,-106.3,136.3,46.7,-4,65,854.0203077,290.3253204,4.17438727,73,800,30,1,UMi_NLOS_73
110.8,-98.9,128.9,33.7,-0.5,65,854.0095385,290.3249006,4.17438727,73,800,30,1,UMi_NLOS_73
110.9,-102,132,34.6,-4.1,65,854.0010769,290.3281935,4.17438727,73,800,30,1,UMi_NLOS_73
111,-97.7,127.7,43.1,-4,65,853.9909231,290.3277066,4.17438727,73,800,30,1,UMi_NLOS_73
111,-98.2,128.2,72.4,-7.5,65,853.9836923,290.3318833,4.17438727,73,800,30,1,UMi_NLOS_73
111.1,-105.5,135.5,33.2,1,56,528.0501786,157.3080344,4.025351691,73,800,30,1,UMi_NLOS_73
111.2,-103.7,133.7,34.4,-6.7,65,853.9698462,290.3301612,4.17438727,73,800,30,1,UMi_NLOS_73
111.2,-99,129,29.4,-2.1,65,853.9626154,290.3345964,4.17438727,73,800,30,1,UMi_NLOS_73
111.3,-103.7,133.7,66.3,-8.2,65,853.9567692,290.3410949,4.17438727,73,800,30,1,UMi_NLOS_73
111.4,-102.6,132.6,41.8,-2.9,65,853.9447692,290.3380194,4.17438727,73,800,30,1,UMi_NLOS_73
111.4,-101.8,131.8,55.7,-7.1,65,853.9346154,290.3391647,4.17438727,73,800,30,1,UMi_NLOS_73
111.5,-105.2,135.2,44.5,-2.8,65,853.9253846,290.3415627,4.17438727,73,800,30,1,UMi_NLOS_73
111.6,-102.9,132.9,29,-5.5,65,853.9198462,290.3468004,4.17438727,73,800,30,1,UMi_NLOS_73
111.6,-100.2,130.2,37.6,0.3,65,853.908,290.3460586,4.17438727,73,800,30,1,UMi_NLOS_73
111.7,-101.9,131.9,47.1,0.8,65,853.8986154,290.3485853,4.17438727,73,800,30,1,UMi_NLOS_73
111.8,-101.2,131.2,30.9,-4.2,65,853.8901538,290.3504898,4.17438727,73,800,30,1,UMi_NLOS_73
111.8,-101.4,131.4,80.4,-5.8,56,528.0544643,157.3073054,4.025351691,73,800,30,1,UMi_NLOS_73
111.9,-102.8,132.8,28.5,-6.2,65,853.8778462,290.3501088,4.17438727,73,800,30,1,UMi_NLOS_73
111.9,-102.1,132.1,31.5,-4.3,65,853.8693846,290.3518727,4.17438727,73,800,30,1,UMi_NLOS_73
112,-103.5,133.5,46.4,-2.6,65,853.8606154,290.3547758,4.17438727,73,800,30,1,UMi_NLOS_73
112.1,-103.9,133.9,51.5,-2.1,65,853.8516923,290.3562858,4.17438727,73,800,30,1,UMi_NLOS_73
112.1,-105.3,135.3,45,-3.1,65,853.8413846,290.3570471,4.17438727,73,800,30,1,UMi_NLOS_73
112.2,-101.8,131.8,25.3,-3.4,65,853.8330769,290.3589437,4.17438727,73,800,30,1,UMi_NLOS_73
112.3,-102.1,132.1,25.1,-3.4,65,853.822,290.3606861,4.17438727,73,800,30,1,UMi_NLOS_73
112.3,-101.2,131.2,57.2,-4.9,65,853.8129231,290.3630529,4.17438727,73,800,30,1,UMi_NLOS_73
112.4,-103.1,133.1,71.5,-4.6,65,853.8055385,290.3677211,4.17438727,73,800,30,1,UMi_NLOS_73
112.5,-102,132,21.9,-5.8,65,853.7923077,290.3624272,4.17438727,73,800,30,1,UMi_NLOS_73
112.5,-102.2,132.2,32.6,-5.7,56,528.0601786,157.3075555,4.025351691,73,800,30,1,UMi_NLOS_73
112.6,-103.1,133.1,19.8,-6.3,65,853.784,290.3650464,4.17438727,73,800,30,1,UMi_NLOS_73
112.7,-102.1,132.1,47.5,-7,65,853.7733846,290.3654353,4.17438727,73,800,30,1,UMi_NLOS_73
112.7,-103.1,133.1,30.2,2.8,65,853.7650769,290.3684434,4.17438727,73,800,30,1,UMi_NLOS_73
112.8,-102.9,132.9,29.2,-4,65,853.756,290.3710311,4.17438727,73,800,30,1,UMi_NLOS_73
112.9,-102.9,132.9,43.6,-1.4,65,853.7484615,290.3747035,4.17438727,73,800,30,1,UMi_NLOS_73
112.9,-103,133,24.3,-2.1,65,853.7412308,290.3789915,4.17438727,73,800,30,1,UMi_NLOS_73
113,-103,133,43.7,-5.4,65,853.7278462,290.3770914,4.17438727,73,800,30,1,UMi_NLOS_73
113.1,-103,133,29.9,-3.5,65,853.7190769,290.3809593,4.17438727,73,800,30,1,UMi_NLOS_73
113.1,-103,133,36.4,-5.2,65,853.7055385,290.3771244,4.17438727,73,800,30,1,UMi_NLOS_73
113.2,-103,133,25.3,-6.4,65,853.6969231,290.3794709,4.17438727,73,800,30,1,UMi_NLOS_73
113.3,-103,133,54.8,-7.1,56,528.0667857,157.3066128,4.025351691,73,800,30,1,UMi_NLOS_73
113.3,-103.1,133.1,60.3,-3.1,65,853.6886154,290.3804458,4.17438727,73,800,30,1,UMi_NLOS_73
113.4,-103,133,20.3,4.5,65,853.6824615,290.386047,4.17438727,73,800,30,1,UMi_NLOS_73
113.5,-103,133,22,2.2,65,853.6735385,290.3885445,4.17438727,73,800,30,1,UMi_NLOS_73
113.5,-103,133,28.1,5.7,65,853.6649231,290.3915749,4.17438727,73,800,30,1,UMi_NLOS_73
113.6,-102.9,132.9,57.5,-0.3,65,853.6556923,290.394299,4.17438727,73,800,30,1,UMi_NLOS_73
113.7,-102.7,132.7,46.2,4.1,65,853.6450769,290.3941276,4.17438727,73,800,30,1,UMi_NLOS_73
113.7,-103.3,133.3,55.8,4.9,65,853.6307692,290.3898038,4.17438727,73,800,30,1,UMi_NLOS_73
113.8,-104.1,134.1,48,0.3,65,853.6218462,290.3930471,4.17438727,73,800,30,1,UMi_NLOS_73
113.9,-102.6,132.6,30.2,2.3,65,853.614,290.3979236,4.17438727,73,800,30,1,UMi_NLOS_73
113.9,-102.9,132.9,40.8,6,65,853.6070769,290.4011227,4.17438727,73,800,30,1,UMi_NLOS_73
114,-103.5,133.5,56.5,0.1,56,528.0714286,157.3061498,4.025351691,73,800,30,1,UMi_NLOS_73
114.1,-102.8,132.8,14.3,11.6,65,853.5983077,290.4032159,4.17438727,73,800,30,1,UMi_NLOS_73
114.1,-104.6,134.6,18.9,0.9,65,853.5864615,290.4018122,4.17438727,73,800,30,1,UMi_NLOS_73
114.2,-103.8,133.8,45.8,-0.2,65,853.5796923,290.4047429,4.17438727,73,800,30,1,UMi_NLOS_73
114.3,-101.9,131.9,73.2,2.3,65,853.5723077,290.4093187,4.17438727,73,800,30,1,UMi_NLOS_73
114.3,-103.7,133.7,34.4,-0.1,65,853.5587692,290.407374,4.17438727,73,800,30,1,UMi_NLOS_73
114.4,-103.4,133.4,29,7.4,65,853.5467692,290.4067083,4.17438727,73,800,30,1,UMi_NLOS_73
114.5,-103.9,133.9,33.7,3,65,853.5383077,290.4074224,4.17438727,73,800,30,1,UMi_NLOS_73
114.5,-102.8,132.8,51.4,-1.1,65,853.5293846,290.4109041,4.17438727,73,800,30,1,UMi_NLOS_73
114.6,-103.7,133.7,65.6,0.2,65,853.5206154,290.4127186,4.17438727,73,800,30,1,UMi_NLOS_73
114.7,-103,133,45.2,-2.5,65,853.5115385,290.4154594,4.17438727,73,800,30,1,UMi_NLOS_73
114.7,-102.4,132.4,45.5,2.5,56,528.0778571,157.306263,4.025351691,73,800,30,1,UMi_NLOS_73
114.8,-101.4,131.4,34.2,3.9,65,853.504,290.4191009,4.17438727,73,800,30,1,UMi_NLOS_73
114.9,-104.4,134.4,72,-2.7,65,853.494,290.4194453,4.17438727,73,800,30,1,UMi_NLOS_73
114.9,-103.2,133.2,52.4,0.3,65,853.4876923,290.4259795,4.17438727,73,800,30,1,UMi_NLOS_73
115,-101.9,131.9,45.5,4,65,853.4781538,290.4252619,4.17438727,73,800,30,1,UMi_NLOS_73
115.1,-103.4,133.4,40.4,1,65,853.4675385,290.4262729,4.17438727,73,800,30,1,UMi_NLOS_73
115.1,-103.7,133.7,46.1,-0.3,65,853.4556923,290.4256276,4.17438727,73,800,30,1,UMi_NLOS_73
115.2,-103.5,133.5,49,2.5,65,853.4467692,290.4283011,4.17438727,73,800,30,1,UMi_NLOS_73
115.3,-102.9,132.9,12.3,1.5,65,853.4398462,290.4316521,4.17438727,73,800,30,1,UMi_NLOS_73
115.3,-103.9,133.9,45,-1.7,65,853.4272308,290.4316969,4.17438727,73,800,30,1,UMi_NLOS_73
115.4,-102.4,132.4,45.5,7.5,65,853.4192308,290.4328082,4.17438727,73,800,30,1,UMi_NLOS_73
115.5,-104.2,134.2,59.5,-1.4,56,528.0833929,157.3055999,4.025351691,73,800,30,1,UMi_NLOS_73
115.5,-103.3,133.3,50.6,1.7,65,853.4086154,290.4340624,4.17438727,73,800,30,1,UMi_NLOS_73
115.6,-103.4,133.4,68.4,-3.4,65,853.406,290.4429944,4.17438727,73,800,30,1,UMi_NLOS_73
115.7,-103.7,133.7,13.2,-0.8,65,853.3972308,290.4457308,4.17438727,73,800,30,1,UMi_NLOS_73
115.8,-104.1,134.1,23.7,3.6,65,853.3855385,290.4446327,4.17438727,73,800,30,1,UMi_NLOS_73
115.8,-102.9,132.9,20,7,65,853.3752308,290.4445708,4.17438727,73,800,30,1,UMi_NLOS_73
115.9,-103.6,133.6,32.5,5.1,65,853.3653846,290.4447417,4.17438727,73,800,30,1,UMi_NLOS_73
116,-103.5,133.5,63.2,-1.9,65,853.3563077,290.4474984,4.17438727,73,800,30,1,UMi_NLOS_73
116,-103.3,133.3,60.5,-2.7,65,853.3486154,290.4529432,4.17438727,73,800,30,1,UMi_NLOS_73
116.1,-102.6,132.6,29.4,1.5,65,853.3384615,290.4533756,4.17438727,73,800,30,1,UMi_NLOS_73
116.2,-103.2,133.2,21.1,0.8,85,977.9881176,339.619592,4.442651256,73,800,30,1,UMi_NLOS_73
116.2,-103,133,39.6,8.1,56,527.9132143,157.3014023,4.025351691,73,800,30,1,UMi_NLOS_73
116.3,-103.5,133.5,20.2,3.6,56,528.0896429,157.3051274,4.025351691,73,800,30,1,UMi_NLOS_73
116.4,-103.3,133.3,32.8,2.3,75,950.4836,349.9750606,4.317488113,73,800,30,1,UMi_NLOS_73
116.4,-103.3,133.3,18.9,10.6,84,946.8069048,330.8771875,4.430816799,73,800,30,1,UMi_NLOS_73
116.5,-103.2,133.2,25.4,-2.4,62,1088.487903,268.2728242,4.127134385,73,800,30,1,UMi_NLOS_73
116.6,-103.9,133.9,31.9,-0.6,83,944.5459036,340.6065117,4.418840608,73,800,30,1,UMi_NLOS_73
116.6,-103.9,133.9,17.2,4.6,83,944.5677108,340.6084693,4.418840608,73,800,30,1,UMi_NLOS_73
116.7,-103.3,133.3,33.9,0.6,83,944.5855422,340.6106754,4.418840608,73,800,30,1,UMi_NLOS_73
116.8,-103.3,133.3,29.6,7.7,83,944.6024096,340.6082274,4.418840608,73,800,30,1,UMi_NLOS_73
116.8,-103.8,133.8,47,0.1,83,944.6193976,340.6084281,4.418840608,73,800,30,1,UMi_NLOS_73
116.9,-103.4,133.4,28.2,-0.4,83,944.6412048,340.6116275,4.418840608,73,800,30,1,UMi_NLOS_73
117,-103,133,55.2,-2.4,83,944.6644578,340.6147909,4.418840608,73,800,30,1,UMi_NLOS_73
117.1,-103.1,133.1,18.3,3.8,56,528.0957143,157.3047227,4.025351691,73,800,30,1,UMi_NLOS_73
117.1,-103.3,133.3,21.6,6.6,83,944.683494,340.6153398,4.418840608,73,800,30,1,UMi_NLOS_73
117.2,-103.5,133.5,39.8,-0.8,83,944.6972289,340.6117954,4.418840608,73,800,30,1,UMi_NLOS_73
117.3,-104.3,134.3,29.8,-0.5,83,944.716506,340.6131834,4.418840608,73,800,30,1,UMi_NLOS_73
117.3,-102.8,132.8,33.3,1.7,83,944.7360241,340.6132067,4.418840608,73,800,30,1,UMi_NLOS_73
117.4,-103.7,133.7,51,0.5,83,944.756747,340.61659,4.418840608,73,800,30,1,UMi_NLOS_73
117.5,-103.1,133.1,44.1,0.5,83,944.7787952,340.6185737,4.418840608,73,800,30,1,UMi_NLOS_73
117.5,-103.4,133.4,31,2.8,83,944.7985542,340.6184405,4.418840608,73,800,30,1,UMi_NLOS_73
117.6,-103.6,133.6,43.4,1.4,83,944.8145783,340.6170655,4.418840608,73,800,30,1,UMi_NLOS_73
117.7,-103.3,133.3,50.7,1.8,83,944.8314458,340.6155354,4.418840608,73,800,30,1,UMi_NLOS_73
117.7,-104.4,134.4,50.8,0.7,83,944.8549398,340.6198436,4.418840608,73,800,30,1,UMi_NLOS_73
117.8,-103.5,133.5,22.6,2,56,528.1014286,157.3039243,4.025351691,73,800,30,1,UMi_NLOS_73
117.9,-102.8,132.8,31.2,-2.6,83,944.8749398,340.6197944,4.418840608,73,800,30,1,UMi_NLOS_73
118,-103.5,133.5,50.9,1.7,83,944.8919277,340.618538,4.418840608,73,800,30,1,UMi_NLOS_73
118,-103.7,133.7,80.7,-6.8,83,944.9144578,340.6211768,4.418840608,73,800,30,1,UMi_NLOS_73
118.1,-103.9,133.9,39.3,-1,83,944.9349398,340.6225389,4.418840608,73,800,30,1,UMi_NLOS_73
118.2,-103.4,133.4,35.1,0.6,83,944.9553012,340.6249033,4.418840608,73,800,30,1,UMi_NLOS_73
118.2,-103.6,133.6,73.2,-2.3,83,944.9772289,340.6276341,4.418840608,73,800,30,1,UMi_NLOS_73
118.3,-104.3,134.3,68.6,2,83,944.9896386,340.6201393,4.418840608,73,800,30,1,UMi_NLOS_73
118.4,-104.3,134.3,35.5,5,83,945.0133735,340.6237629,4.418840608,73,800,30,1,UMi_NLOS_73
118.4,-103,133,54.6,0.2,83,945.0319277,340.623675,4.418840608,73,800,30,1,UMi_NLOS_73
118.5,-104.1,134.1,61,1.3,83,945.053494,340.6258982,4.418840608,73,800,30,1,UMi_NLOS_73
118.6,-103.3,133.3,58.7,-1,56,528.1073214,157.3041947,4.025351691,73,800,30,1,UMi_NLOS_73
118.6,-103.1,133.1,35.7,3.3,83,945.0739759,340.6258267,4.418840608,73,800,30,1,UMi_NLOS_73
118.7,-103.3,133.3,28.8,4.2,83,945.0945783,340.6266988,4.418840608,73,800,30,1,UMi_NLOS_73
118.8,-103.6,133.6,18,8.6,83,945.1156627,340.6282064,4.418840608,73,800,30,1,UMi_NLOS_73
118.9,-103.8,133.8,37.1,0.4,83,945.1346988,340.6273565,4.418840608,73,800,30,1,UMi_NLOS_73
118.9,-104.1,134.1,66.9,1.8,83,945.1526506,340.6256451,4.418840608,73,800,30,1,UMi_NLOS_73
119,-103.5,133.5,13.8,-1.8,83,945.1786747,340.6323863,4.418840608,73,800,30,1,UMi_NLOS_73
119.1,-102.6,132.6,70,-0.6,83,945.1966265,340.6296798,4.418840608,73,800,30,1,UMi_NLOS_73
119.1,-104.7,134.7,28.7,5.3,83,945.2185542,340.6330696,4.418840608,73,800,30,1,UMi_NLOS_73
119.2,-103.9,133.9,35.2,0,83,945.2307229,340.6246882,4.418840608,73,800,30,1,UMi_NLOS_73
119.3,-103.1,133.1,35,4.3,83,945.2573494,340.6291315,4.418840608,73,800,30,1,UMi_NLOS_73
119.4,-104.4,134.4,21.9,10.8,56,528.1141071,157.3025495,4.025351691,73,800,30,1,UMi_NLOS_73
119.4,-103.8,133.8,28.5,2.1,83,945.2787952,340.6307214,4.418840608,73,800,30,1,UMi_NLOS_73
119.5,-104.1,134.1,64,1.1,83,945.2996386,340.6338314,4.418840608,73,800,30,1,UMi_NLOS_73
119.6,-104.5,134.5,14.1,2.2,83,945.3166265,340.6308185,4.418840608,73,800,30,1,UMi_NLOS_73
119.6,-103.8,133.8,25.5,-1.3,83,945.3357831,340.6278359,4.418840608,73,800,30,1,UMi_NLOS_73
119.7,-104.8,134.8,47.8,-0.2,83,945.3589157,340.6299434,4.418840608,73,800,30,1,UMi_NLOS_73
119.8,-102.4,132.4,15.1,5.2,83,945.3806024,340.6314341,4.418840608,73,800,30,1,UMi_NLOS_73
119.8,-103.9,133.9,18.9,0.4,83,945.4010843,340.6317125,4.418840608,73,800,30,1,UMi_NLOS_73
119.9,-103.5,133.5,54.7,-1.4,83,945.4213253,340.6321947,4.418840608,73,800,30,1,UMi_NLOS_73
120,-105.3,135.3,22.4,-1.5,83,945.4433735,340.6327857,4.418840608,73,800,30,1,UMi_NLOS_73
120.1,-104.4,134.4,56.3,2.6,83,945.4639759,340.6327726,4.418840608,73,800,30,1,UMi_NLOS_73
120.1,-104.7,134.7,56.1,2.6,56,528.1207143,157.3032108,4.025351691,73,800,30,1,UMi_NLOS_73
120.2,-103,133,12.9,5,83,945.4868675,340.6345965,4.418840608,73,800,30,1,UMi_NLOS_73
120.3,-104.6,134.6,21.6,-0.4,83,945.5087952,340.6347794,4.418840608,73,800,30,1,UMi_NLOS_73
120.3,-102.8,132.8,36,-2.4,83,945.5254217,340.6313506,4.418840608,73,800,30,1,UMi_NLOS_73
120.4,-104.3,134.3,37.8,-1.1,83,945.5449398,340.6318661,4.418840608,73,800,30,1,UMi_NLOS_73
120.5,-103,133,47.7,0.9,83,945.566506,340.6331116,4.418840608,73,800,30,1,UMi_NLOS_73
120.6,-104.1,134.1,18.4,-1,83,945.5937349,340.6373703,4.418840608,73,800,30,1,UMi_NLOS_73
120.6,-103.9,133.9,26.5,-0.2,83,945.6131325,340.6367996,4.418840608,73,800,30,1,UMi_NLOS_73
120.7,-103.9,133.9,20.8,-1.2,83,945.6306024,340.6304445,4.418840608,73,800,30,1,UMi_NLOS_73
120.8,-104,134,34.4,-4.2,83,945.6536145,340.6343184,4.418840608,73,800,30,1,UMi_NLOS_73
120.8,-103.8,133.8,18.7,-1.7,83,945.6798795,340.637069,4.418840608,73,800,30,1,UMi_NLOS_73
120.9,-103.7,133.7,64.9,-6.3,56,528.1271429,157.3011704,4.025351691,73,800,30,1,UMi_NLOS_73
121,-103.7,133.7,30.7,-2.5,83,945.7013253,340.6384531,4.418840608,73,800,30,1,UMi_NLOS_73
121.1,-103.7,133.7,49,-2.8,83,945.7174699,340.6340628,4.418840608,73,800,30,1,UMi_NLOS_73
121.1,-104,134,28,-4.7,83,945.7373494,340.6310848,4.418840608,73,800,30,1,UMi_NLOS_73
121.2,-103.7,133.7,30,2.6,83,945.7633735,340.6355812,4.418840608,73,800,30,1,UMi_NLOS_73
121.3,-103.5,133.5,36.3,-2.1,83,945.7821687,340.6332462,4.418840608,73,800,30,1,UMi_NLOS_73
121.3,-103.9,133.9,24.9,-3.9,83,945.8049398,340.6355142,4.418840608,73,800,30,1,UMi_NLOS_73
121.4,-103.6,133.6,37,-4.3,83,945.8278313,340.6342844,4.418840608,73,800,30,1,UMi_NLOS_73
121.5,-103.4,133.4,20.5,-0.4,83,945.8463855,340.6305977,4.418840608,73,800,30,1,UMi_NLOS_73
121.6,-103.9,133.9,24.2,0.1,83,945.8714458,340.6343535,4.418840608,73,800,30,1,UMi_NLOS_73
121.6,-104,134,31.2,-4.5,83,945.8910843,340.6330902,4.418840608,73,800,30,1,UMi_NLOS_73
121.7,-104,134,22.5,0.8,56,528.1341071,157.301354,4.025351691,73,800,30,1,UMi_NLOS_73
121.8,-103.9,133.9,32.6,-2.3,83,945.9140964,340.6324949,4.418840608,73,800,30,1,UMi_NLOS_73
121.8,-104.1,134.1,29.1,-0.5,83,945.9325301,340.6283901,4.418840608,73,800,30,1,UMi_NLOS_73
121.9,-103.8,133.8,24.5,-2.1,83,945.9548193,340.6300117,4.418840608,73,800,30,1,UMi_NLOS_73
122,-102.8,132.8,37.4,-1.8,83,945.9822892,340.635351,4.418840608,73,800,30,1,UMi_NLOS_73
122.1,-103.5,133.5,44.3,-1.3,83,945.9989157,340.6291213,4.418840608,73,800,30,1,UMi_NLOS_73
122.1,-104.3,134.3,23.5,3.3,83,946.023012,340.6297791,4.418840608,73,800,30,1,UMi_NLOS_73
122.2,-104,134,34.4,-3.9,83,946.0427711,340.628266,4.418840608,73,800,30,1,UMi_NLOS_73
122.3,-104.8,134.8,23.1,-3.2,83,946.0706024,340.6321893,4.418840608,73,800,30,1,UMi_NLOS_73
122.3,-103.7,133.7,24.6,-2.5,83,946.0942169,340.6348691,4.418840608,73,800,30,1,UMi_NLOS_73
122.4,-105,135,30.7,-3.3,83,946.1124096,340.6300393,4.418840608,73,800,30,1,UMi_NLOS_73
122.5,-102.1,132.1,37.4,-5.1,56,528.1414286,157.3003226,4.025351691,73,800,30,1,UMi_NLOS_73
122.6,-104.9,134.9,73.3,-4.1,83,946.1333735,340.6303272,4.418840608,73,800,30,1,UMi_NLOS_73
122.6,-103.6,133.6,19.7,5.3,83,946.1579518,340.6311837,4.418840608,73,800,30,1,UMi_NLOS_73
122.7,-103,133,55.3,-3.5,83,946.1820482,340.6295355,4.418840608,73,800,30,1,UMi_NLOS_73
122.8,-101.7,131.7,26.7,0.9,83,946.203253,340.6293415,4.418840608,73,800,30,1,UMi_NLOS_73
122.8,-103.6,133.6,53.4,-4.2,83,946.2263855,340.629223,4.418840608,73,800,30,1,UMi_NLOS_73
122.9,-103.5,133.5,35.3,-3,83,946.2454217,340.6265785,4.418840608,73,800,30,1,UMi_NLOS_73
123,-103.8,133.8,46.3,8.3,83,946.2710843,340.6271398,4.418840608,73,800,30,1,UMi_NLOS_73
123.1,-103,133,27.8,-3.9,83,946.2927711,340.6259468,4.418840608,73,800,30,1,UMi_NLOS_73
123.1,-105.7,135.7,24.4,4.5,83,946.3184337,340.6274685,4.418840608,73,800,30,1,UMi_NLOS_73
123.2,-105.7,135.7,29.6,-1.8,83,946.3413253,340.6283612,4.418840608,73,800,30,1,UMi_NLOS_73
123.3,-103.8,133.8,29.9,2.4,56,528.1475,157.2991916,4.025351691,73,800,30,1,UMi_NLOS_73
123.4,-104,134,24.3,1.5,83,946.3609639,340.6245715,4.418840608,73,800,30,1,UMi_NLOS_73
123.4,-104.3,134.3,39,-3.2,83,946.3825301,340.6226889,4.418840608,73,800,30,1,UMi_NLOS_73
123.5,-108.8,138.8,24.5,-1.4,83,946.4112048,340.6270627,4.418840608,73,800,30,1,UMi_NLOS_73
123.6,-106.6,136.6,31.6,-1.2,83,946.4306024,340.6227896,4.418840608,73,800,30,1,UMi_NLOS_73
123.6,-104,134,47.2,-2.8,83,946.4538554,340.6213428,4.418840608,73,800,30,1,UMi_NLOS_73
123.7,-102.9,132.9,28.5,-3,83,946.476506,340.6211267,4.418840608,73,800,30,1,UMi_NLOS_73
123.8,-101.6,131.6,22,-4.7,83,946.5004819,340.6215283,4.418840608,73,800,30,1,UMi_NLOS_73
123.9,-100.6,130.6,48.3,-1.5,83,946.5256627,340.6228371,4.418840608,73,800,30,1,UMi_NLOS_73
123.9,-102.6,132.6,40,-2.2,83,946.5457831,340.6189738,4.418840608,73,800,30,1,UMi_NLOS_73
124,-104,134,58.6,-1.9,63,807.3536508,268.3101396,4.143134726,73,800,30,1,UMi_NLOS_73
124.1,-107.2,137.2,32,3.3,56,527.9164286,157.301691,4.025351691,73,800,30,1,UMi_NLOS_73
124.2,-105,135,33.6,-4.6,56,528.1546429,157.2989671,4.025351691,73,800,30,1,UMi_NLOS_73
124.2,-104.6,134.6,49.8,-1,44,661.7043182,178.6583228,3.784189634,73,800,30,1,UMi_NLOS_73
124.3,-105.5,135.5,31.3,-3.4,42,627.1719048,145.1538536,3.737669618,73,800,30,1,UMi_NLOS_73
124.4,-103.1,133.1,31.3,-5.6,56,607.2291071,128.4945112,4.025351691,73,800,30,1,UMi_NLOS_73
124.5,-103.5,133.5,37.2,-2.3,43,622.0272093,139.2461791,3.761200116,73,800,30,1,UMi_NLOS_73
124.5,-102.8,132.8,35,-0.4,43,622.0086047,139.2452942,3.761200116,73,800,30,1,UMi_NLOS_73
124.6,-102.8,132.8,25.3,-0.6,43,621.9911628,139.2438609,3.761200116,73,800,30,1,UMi_NLOS_73
124.7,-105.6,135.6,31.3,-2.4,43,621.9732558,139.2421738,3.761200116,73,800,30,1,UMi_NLOS_73
124.7,-102.5,132.5,33.5,-2.6,43,621.9553488,139.241224,3.761200116,73,800,30,1,UMi_NLOS_73
124.8,-102.3,132.3,23.9,-3.4,43,621.9374419,139.2399565,3.761200116,73,800,30,1,UMi_NLOS_73
124.9,-102.7,132.7,21.7,-0.7,43,621.9197674,139.2387388,3.761200116,73,800,30,1,UMi_NLOS_73
125,-109.3,139.3,31,-0.8,56,528.1614286,157.2986092,4.025351691,73,800,30,1,UMi_NLOS_73
125,-107.4,137.4,34.2,-3,43,621.9013953,139.2370482,3.761200116,73,800,30,1,UMi_NLOS_73
125.1,-100.7,130.7,27.3,-4,43,621.8844186,139.235879,3.761200116,73,800,30,1,UMi_NLOS_73
125.2,-108,138,27.3,-4,43,621.8660465,139.2349766,3.761200116,73,800,30,1,UMi_NLOS_73
125.3,-104.1,134.1,64.7,-5.5,43,621.8490698,139.2334951,3.761200116,73,800,30,1,UMi_NLOS_73
125.3,-100.8,130.8,19.7,0,43,621.8313953,139.232204,3.761200116,73,800,30,1,UMi_NLOS_73
125.4,-106.6,136.6,30.5,-0.5,43,621.8139535,139.2305462,3.761200116,73,800,30,1,UMi_NLOS_73
125.5,-101.2,131.2,30.9,-5.1,43,621.7962791,139.2297925,3.761200116,73,800,30,1,UMi_NLOS_73
125.6,-108.4,138.4,33.7,-2.6,43,621.7793023,139.2276367,3.761200116,73,800,30,1,UMi_NLOS_73
125.6,-108,138,48.8,-2.6,43,621.7611628,139.2258745,3.761200116,73,800,30,1,UMi_NLOS_73
125.7,-107,137,26.9,0.2,43,621.7446512,139.2249561,3.761200116,73,800,30,1,UMi_NLOS_73
125.8,-99.9,129.9,21.3,0.2,56,528.1689286,157.2975259,4.025351691,73,800,30,1,UMi_NLOS_73
125.8,-103.6,133.6,16.3,7.3,43,621.7288372,139.2232766,3.761200116,73,800,30,1,UMi_NLOS_73
125.9,-106.4,136.4,32.9,-2.6,43,621.7109302,139.2215503,3.761200116,73,800,30,1,UMi_NLOS_73
126,-107.3,137.3,35.3,-2,43,621.6939535,139.2203288,3.761200116,73,800,30,1,UMi_NLOS_73
126.1,-109.8,139.8,30.4,-1.2,43,621.6774419,139.218552,3.761200116,73,800,30,1,UMi_NLOS_73
126.1,-107.7,137.7,18.9,3.6,43,621.6609302,139.2182961,3.761200116,73,800,30,1,UMi_NLOS_73
126.2,-101.8,131.8,38.8,-0.3,43,621.6444186,139.2161198,3.761200116,73,800,30,1,UMi_NLOS_73
126.3,-111,141,24.2,-5.6,43,621.6274419,139.2152179,3.761200116,73,800,30,1,UMi_NLOS_73
126.4,-104.6,134.6,31.9,1.7,43,621.6111628,139.2134176,3.761200116,73,800,30,1,UMi_NLOS_73
126.4,-99.7,129.7,27.9,-0.1,43,621.5939535,139.2111737,3.761200116,73,800,30,1,UMi_NLOS_73
126.5,-103.7,133.7,22,-3.9,43,621.5776744,139.2096421,3.761200116,73,800,30,1,UMi_NLOS_73
126.6,-104.1,134.1,36.8,-3.7,56,528.1769643,157.2967382,4.025351691,73,800,30,1,UMi_NLOS_73
126.7,-107.1,137.1,36.4,-3.5,43,621.5609302,139.2075674,3.761200116,73,800,30,1,UMi_NLOS_73
126.7,-98.1,128.1,45.8,-5.5,43,621.5453488,139.2068213,3.761200116,73,800,30,1,UMi_NLOS_73
126.8,-100.1,130.1,29.2,-2,43,621.5283721,139.2054663,3.761200116,73,800,30,1,UMi_NLOS_73
126.9,-104.7,134.7,20.2,-3.2,43,621.512093,139.2027948,3.761200116,73,800,30,1,UMi_NLOS_73
127,-100.1,130.1,45,-0.9,43,621.4967442,139.2022671,3.761200116,73,800,30,1,UMi_NLOS_73
127,-106.3,136.3,52.8,-3.6,43,621.4809302,139.2008127,3.761200116,73,800,30,1,UMi_NLOS_73
127.1,-106.4,136.4,35.9,-3.6,43,621.4646512,139.1992864,3.761200116,73,800,30,1,UMi_NLOS_73
127.2,-108.6,138.6,47.2,-4.3,43,621.4490698,139.1971886,3.761200116,73,800,30,1,UMi_NLOS_73
127.3,-110.6,140.6,37.5,-5,43,621.4332558,139.1949545,3.761200116,73,800,30,1,UMi_NLOS_73
127.3,-107.7,137.7,38.8,0.6,43,621.4172093,139.1940603,3.761200116,73,800,30,1,UMi_NLOS_73
127.4,-108.3,138.3,39.7,0.6,56,528.1833929,157.2959655,4.025351691,73,800,30,1,UMi_NLOS_73
127.5,-103.5,133.5,44,-0.2,43,621.4013953,139.1916494,3.761200116,73,800,30,1,UMi_NLOS_73
127.6,-107.3,137.3,38.6,-3,43,621.3853488,139.1901493,3.761200116,73,800,30,1,UMi_NLOS_73
127.6,-110.9,140.9,34.9,1.5,43,621.37,139.1884986,3.761200116,73,800,30,1,UMi_NLOS_73
127.7,-93.8,123.8,55.9,-4.7,43,621.3548837,139.1869177,3.761200116,73,800,30,1,UMi_NLOS_73
127.8,-103.2,133.2,24.3,-0.2,43,621.3388372,139.1853806,3.761200116,73,800,30,1,UMi_NLOS_73
127.9,-104.9,134.9,21.2,-1,43,621.3237209,139.1834725,3.761200116,73,800,30,1,UMi_NLOS_73
127.9,-101.7,131.7,38.5,-1.7,43,621.3081395,139.1820428,3.761200116,73,800,30,1,UMi_NLOS_73
128,-102.7,132.7,34.1,-4.8,43,621.2932558,139.1808943,3.761200116,73,800,30,1,UMi_NLOS_73
128.1,-106,136,51.9,-3.7,43,621.277907,139.1791936,3.761200116,73,800,30,1,UMi_NLOS_73
128.2,-101.5,131.5,33.3,-0.2,43,621.2634884,139.1764037,3.761200116,73,800,30,1,UMi_NLOS_73
128.2,-102,132,25,-0.9,56,528.1908929,157.2953344,4.025351691,73,800,30,1,UMi_NLOS_73
128.3,-103.3,133.3,43.8,-5.2,43,621.2474419,139.1748067,3.761200116,73,800,30,1,UMi_NLOS_73
128.4,-103,133,23.3,-4.1,43,621.2327907,139.173436,3.761200116,73,800,30,1,UMi_NLOS_73
128.5,-113.3,143.3,29.3,0,43,621.2167442,139.1717565,3.761200116,73,800,30,1,UMi_NLOS_73
128.5,-107.2,137.2,44.7,-3.4,43,621.2027907,139.1696726,3.761200116,73,800,30,1,UMi_NLOS_73
128.6,-107.4,137.4,41.1,-4.5,43,621.1874419,139.1674873,3.761200116,73,800,30,1,UMi_NLOS_73
128.7,-105.4,135.4,29.5,-5.2,43,621.1734884,139.1662113,3.761200116,73,800,30,1,UMi_NLOS_73
128.8,-104.3,134.3,57.2,0.3,43,621.1583721,139.1641476,3.761200116,73,800,30,1,UMi_NLOS_73
128.8,-108.3,138.3,52.7,-6,43,621.1432558,139.1624261,3.761200116,73,800,30,1,UMi_NLOS_73
128.9,-99.1,129.1,28.3,-3.6,43,621.1295349,139.1610439,3.761200116,73,800,30,1,UMi_NLOS_73
129,-105.1,135.1,39.9,-5.4,43,621.1148837,139.1592219,3.761200116,73,800,30,1,UMi_NLOS_73
129.1,-104.3,134.3,22.3,-4.1,56,528.19875,157.2940004,4.025351691,73,800,30,1,UMi_NLOS_73
129.1,-109.1,139.1,43.2,-4.9,43,621.1,139.157636,3.761200116,73,800,30,1,UMi_NLOS_73
129.2,-112.2,142.2,42.5,-3.2,43,621.0853488,139.1556381,3.761200116,73,800,30,1,UMi_NLOS_73
129.3,-100.8,130.8,41.9,-6.3,43,621.0716279,139.1537234,3.761200116,73,800,30,1,UMi_NLOS_73
129.4,-108.4,138.4,38.8,-7.3,43,621.0574419,139.1514236,3.761200116,73,800,30,1,UMi_NLOS_73
129.4,-102.1,132.1,48.4,-6.5,43,621.0427907,139.1497607,3.761200116,73,800,30,1,UMi_NLOS_73
129.5,-98.6,128.6,41.4,-0.9,43,621.0288372,139.1478246,3.761200116,73,800,30,1,UMi_NLOS_73
129.6,-107.2,137.2,27.6,-4,43,621.0146512,139.1460476,3.761200116,73,800,30,1,UMi_NLOS_73
129.7,-111.7,141.7,43.2,0.6,43,621.0004651,139.1439966,3.761200116,73,800,30,1,UMi_NLOS_73
129.7,-97,127,43.1,-3.4,43,620.9862791,139.1420742,3.761200116,73,800,30,1,UMi_NLOS_73
129.8,-103.2,133.2,52.1,-2.7,43,620.9737209,139.1399564,3.761200116,73,800,30,1,UMi_NLOS_73
129.9,-106,136,50.9,-4.4,56,528.2058929,157.293437,4.025351691,73,800,30,1,UMi_NLOS_73
130,-111,141,34.2,-4.6,43,620.9597674,139.1383973,3.761200116,73,800,30,1,UMi_NLOS_73
130,-97.3,127.3,64.3,-5.1,43,620.9453488,139.1351179,3.761200116,73,800,30,1,UMi_NLOS_73
130.1,-112.7,142.7,45.3,-2.7,43,620.9318605,139.1345907,3.761200116,73,800,30,1,UMi_NLOS_73
130.2,-107.8,137.8,28.7,-3.6,43,620.917907,139.1317359,3.761200116,73,800,30,1,UMi_NLOS_73
130.3,-107.7,137.7,31.6,-5.6,43,620.9044186,139.1313262,3.761200116,73,800,30,1,UMi_NLOS_73
130.3,-103.5,133.5,17.3,1,43,620.8904651,139.1287031,3.761200116,73,800,30,1,UMi_NLOS_73
130.4,-99.4,129.4,26.7,8.6,43,620.8767442,139.1259172,3.761200116,73,800,30,1,UMi_NLOS_73
130.5,-111.9,141.9,43.5,-2.9,43,620.864186,139.1240989,3.761200116,73,800,30,1,UMi_NLOS_73
130.6,-105.2,135.2,50.5,-7,43,620.8506977,139.1230058,3.761200116,73,800,30,1,UMi_NLOS_73
130.7,-110.1,140.1,52.1,-2.6,43,620.8367442,139.1211636,3.761200116,73,800,30,1,UMi_NLOS_73
130.7,-100.9,130.9,57.7,-4.7,56,528.2139286,157.2924814,4.025351691,73,800,30,1,UMi_NLOS_73
130.8,-105.2,135.2,24.8,-4.4,43,620.824186,139.1181222,3.761200116,73,800,30,1,UMi_NLOS_73
130.9,-96.7,126.7,42,0,43,620.8104651,139.1166954,3.761200116,73,800,30,1,UMi_NLOS_73
131,-97.5,127.5,38.7,-3.4,43,620.7976744,139.1143196,3.761200116,73,800,30,1,UMi_NLOS_73
131,-109.4,139.4,39.2,-4.6,43,620.7848837,139.1123407,3.761200116,73,800,30,1,UMi_NLOS_73
131.1,-97.5,127.5,57,-5.4,43,620.7716279,139.1108576,3.761200116,73,800,30,1,UMi_NLOS_73
131.2,-102.2,132.2,46.4,-3,43,620.7581395,139.1088283,3.761200116,73,800,30,1,UMi_NLOS_73
131.3,-103.2,133.2,48.5,-5.6,43,620.7453488,139.1058743,3.761200116,73,800,30,1,UMi_NLOS_73
131.3,-106,136,32,-6,43,620.7325581,139.1043016,3.761200116,73,800,30,1,UMi_NLOS_73
131.4,-96.8,126.8,42.3,1.2,43,620.7197674,139.1020803,3.761200116,73,800,30,1,UMi_NLOS_73
131.5,-96.3,126.3,16.4,-4.2,43,620.7069767,139.1009476,3.761200116,73,800,30,1,UMi_NLOS_73
131.6,-103.3,133.3,27.2,-6.7,56,528.2225,157.2919737,4.025351691,73,800,30,1,UMi_NLOS_73
131.6,-106.8,136.8,57.5,-2.9,43,620.6944186,139.098576,3.761200116,73,800,30,1,UMi_NLOS_73
131.7,-98.8,128.8,76.4,-2.4,43,620.6823256,139.0961549,3.761200116,73,800,30,1,UMi_NLOS_73
131.8,-96.3,126.3,60.3,-8.2,43,620.67,139.0949729,3.761200116,73,800,30,1,UMi_NLOS_73
131.9,-113,143,53.4,-4.9,43,620.6567442,139.0916395,3.761200116,73,800,30,1,UMi_NLOS_73
131.9,-103.3,133.3,37.9,-5.5,43,620.6446512,139.0908806,3.761200116,73,800,30,1,UMi_NLOS_73
132,-113.6,143.6,43.2,-8.1,43,620.6318605,139.0877041,3.761200116,73,800,30,1,UMi_NLOS_73
132.1,-109.6,139.6,20.7,-1,43,620.6206977,139.0861729,3.761200116,73,800,30,1,UMi_NLOS_73
132.2,-103.1,133.1,31.1,-1,43,620.6081395,139.084219,3.761200116,73,800,30,1,UMi_NLOS_73
132.3,-115.4,145.4,51.9,-1.9,43,620.595814,139.0819444,3.761200116,73,800,30,1,UMi_NLOS_73
132.3,-108.4,138.4,22.2,-2.3,45,654.5768889,205.20726,3.80666249,73,800,30,1,UMi_NLOS_73
132.4,-115.3,145.3,50.5,-4,56,527.9183929,157.3017308,4.025351691,73,800,30,1,UMi_NLOS_73
132.5,-105,135,53.2,-7,56,528.23,157.2906327,4.025351691,73,800,30,1,UMi_NLOS_73
132.6,-104,134,40.9,-6.4,61,763.832459,256.5995355,4.110873864,73,800,30,1,UMi_NLOS_73
132.6,-112.2,142.2,36.5,-6.5,52,779.7759615,283.1761235,3.951243719,73,800,30,1,UMi_NLOS_73
132.7,-104.4,134.4,42.7,-3.4,49,865.8002041,250.6864114,3.891820298,73,800,30,1,UMi_NLOS_73
132.8,-113,143,51,-5.2,63,823.7239683,231.0451376,4.143134726,73,800,30,1,UMi_NLOS_73
132.9,-103.5,133.5,44.5,-3.4,63,823.7233333,231.0395512,4.143134726,73,800,30,1,UMi_NLOS_73
132.9,-99.5,129.5,54.6,-5.2,63,823.7238095,231.0368518,4.143134726,73,800,30,1,UMi_NLOS_73
133,-104.6,134.6,31,-2.4,63,823.725873,231.0370572,4.143134726,73,800,30,1,UMi_NLOS_73
133.1,-98.4,128.4,49.8,0.7,63,823.7250794,231.0322878,4.143134726,73,800,30,1,UMi_NLOS_73
133.2,-96.8,126.8,29.1,-2.2,63,823.7230159,231.0259,4.143134726,73,800,30,1,UMi_NLOS_73
133.3,-104.2,134.2,49,-0.4,63,823.72,231.0181874,4.143134726,73,800,30,1,UMi_NLOS_73
133.3,-104.4,134.4,50.5,0.6,56,528.2378571,157.2888564,4.025351691,73,800,30,1,UMi_NLOS_73
133.4,-96.3,126.3,63.6,-5.8,63,823.7193651,231.0149546,4.143134726,73,800,30,1,UMi_NLOS_73
133.5,-103.3,133.3,51.6,-3.1,63,823.7201587,231.0109744,4.143134726,73,800,30,1,UMi_NLOS_73
133.6,-112.5,142.5,25.1,-0.3,63,823.7161905,231.0039038,4.143134726,73,800,30,1,UMi_NLOS_73
133.6,-108.2,138.2,57.3,-4.3,63,823.7203175,231.004569,4.143134726,73,800,30,1,UMi_NLOS_73
133.7,-104.8,134.8,39.4,-1.5,63,823.7179365,231.0004162,4.143134726,73,800,30,1,UMi_NLOS_73
133.8,-105,135,53.4,-5,63,823.7149206,230.9938461,4.143134726,73,800,30,1,UMi_NLOS_73
133.9,-101.1,131.1,39.1,-1.7,63,823.7112698,230.983648,4.143134726,73,800,30,1,UMi_NLOS_73
134,-100.7,130.7,54.8,-6,63,823.712381,230.9812882,4.143134726,73,800,30,1,UMi_NLOS_73
134,-102.1,132.1,28.8,-2.6,63,823.7125397,230.9800093,4.143134726,73,800,30,1,UMi_NLOS_73
134.1,-105.4,135.4,25.3,0.3,63,823.7125397,230.9755368,4.143134726,73,800,30,1,UMi_NLOS_73
134.2,-109.8,139.8,54.4,-3.9,56,528.2466071,157.2884925,4.025351691,73,800,30,1,UMi_NLOS_73
134.3,-107.1,137.1,39.3,0.7,63,823.7114286,230.9706809,4.143134726,73,800,30,1,UMi_NLOS_73
134.3,-98.1,128.1,51.2,-4.2,63,823.7109524,230.9645907,4.143134726,73,800,30,1,UMi_NLOS_73
134.4,-113.4,143.4,49,-6.9,63,823.7112698,230.9625498,4.143134726,73,800,30,1,UMi_NLOS_73
134.5,-89.2,119.2,58.8,-5.7,63,823.7128571,230.9608029,4.143134726,73,800,30,1,UMi_NLOS_73
134.6,-116.2,146.2,52,-1.9,63,823.711746,230.9562921,4.143134726,73,800,30,1,UMi_NLOS_73
134.6,-91.7,121.7,82.5,-1.9,63,823.7112698,230.9516146,4.143134726,73,800,30,1,UMi_NLOS_73
134.7,-114.5,144.5,54.8,-5.8,63,823.7074603,230.9410175,4.143134726,73,800,30,1,UMi_NLOS_73
134.8,-111.9,141.9,33.1,-2.9,63,823.7101587,230.9413202,4.143134726,73,800,30,1,UMi_NLOS_73
134.9,-104.1,134.1,61.4,-5.3,63,823.7107937,230.9384604,4.143134726,73,800,30,1,UMi_NLOS_73
135,-97.9,127.9,39.2,-3.7,63,823.7109524,230.9347178,4.143134726,73,800,30,1,UMi_NLOS_73
135,-96.8,126.8,36.7,-3.7,56,528.2546429,157.2869194,4.025351691,73,800,30,1,UMi_NLOS_73
135.1,-108.2,138.2,19.8,-2.9,63,823.7085714,230.927235,4.143134726,73,800,30,1,UMi_NLOS_73
135.2,-107.6,137.6,34.4,-4.2,63,823.7049206,230.9180464,4.143134726,73,800,30,1,UMi_NLOS_73
135.3,-117.6,147.6,27.8,-0.7,63,823.7025397,230.9122406,4.143134726,73,800,30,1,UMi_NLOS_73
135.3,-111.9,141.9,27.7,2.7,63,823.7038095,230.9105661,4.143134726,73,800,30,1,UMi_NLOS_73
135.4,-115.1,145.1,17.7,4.5,63,823.7063492,230.910662,4.143134726,73,800,30,1,UMi_NLOS_73
135.5,-106,136,22.2,-4.3,63,823.7042857,230.9025222,4.143134726,73,800,30,1,UMi_NLOS_73
135.6,-110.5,140.5,26.9,-2.7,63,823.7055556,230.8997409,4.143134726,73,800,30,1,UMi_NLOS_73
135.7,-107.5,137.5,26.3,2.5,63,823.7047619,230.8941667,4.143134726,73,800,30,1,UMi_NLOS_73
135.7,-103.1,133.1,28.7,-3.6,63,823.7060317,230.8924323,4.143134726,73,800,30,1,UMi_NLOS_73
135.8,-106.7,136.7,29.2,-3.3,63,823.7022222,230.8816502,4.143134726,73,800,30,1,UMi_NLOS_73
135.9,-103,133,48.6,0.6,56,528.2632143,157.2854002,4.025351691,73,800,30,1,UMi_NLOS_73
136,-102.5,132.5,27.3,-2.4,63,823.7049206,230.8818347,4.143134726,73,800,30,1,UMi_NLOS_73
136.1,-104.2,134.2,22,-1.6,63,823.7068254,230.8794044,4.143134726,73,800,30,1,UMi_NLOS_73
136.1,-106,136,26.3,-1.4,63,823.7053968,230.8731652,4.143134726,73,800,30,1,UMi_NLOS_73
136.2,-109,139,28.2,3.4,63,823.7049206,230.8673831,4.143134726,73,800,30,1,UMi_NLOS_73
136.3,-102.2,132.2,24.2,4.4,63,823.7042857,230.8622562,4.143134726,73,800,30,1,UMi_NLOS_73
136.4,-110.1,140.1,29.5,-0.5,63,823.7057143,230.8606629,4.143134726,73,800,30,1,UMi_NLOS_73
136.4,-102.8,132.8,23.6,-3.9,63,823.7019048,230.8521046,4.143134726,73,800,30,1,UMi_NLOS_73
136.5,-121.3,151.3,30.4,-3,63,823.7068254,230.8536702,4.143134726,73,800,30,1,UMi_NLOS_73
136.6,-110.5,140.5,24.4,-2.6,63,823.7031746,230.8442387,4.143134726,73,800,30,1,UMi_NLOS_73
136.7,-102,132,22.7,1.1,63,823.7046032,230.8391031,4.143134726,73,800,30,1,UMi_NLOS_73
136.8,-107.5,137.5,26.4,-3.5,56,528.2716071,157.2841995,4.025351691,73,800,30,1,UMi_NLOS_73
136.8,-104.8,134.8,26.5,1.4,63,823.702381,230.8334474,4.143134726,73,800,30,1,UMi_NLOS_73
136.9,-97.8,127.8,29.6,-6,63,823.7044444,230.8309436,4.143134726,73,800,30,1,UMi_NLOS_73
137,-107.8,137.8,22.7,-1.8,63,823.7052381,230.8291892,4.143134726,73,800,30,1,UMi_NLOS_73
137.1,-109.8,139.8,20.9,0,63,823.7036508,230.8230599,4.143134726,73,800,30,1,UMi_NLOS_73
137.1,-102.7,132.7,19.7,-3,63,823.7026984,230.8130974,4.143134726,73,800,30,1,UMi_NLOS_73
137.2,-107.5,137.5,39.5,-2.6,63,823.7020635,230.8090693,4.143134726,73,800,30,1,UMi_NLOS_73
137.3,-106.1,136.1,33.4,0.8,63,823.7047619,230.8081893,4.143134726,73,800,30,1,UMi_NLOS_73
137.4,-106.4,136.4,29,-4.3,63,823.7034921,230.8014703,4.143134726,73,800,30,1,UMi_NLOS_73
137.5,-113.6,143.6,33.4,2.9,63,823.7052381,230.7977365,4.143134726,73,800,30,1,UMi_NLOS_73
137.5,-107.8,137.8,21.6,-4.7,63,823.701746,230.7874327,4.143134726,73,800,30,1,UMi_NLOS_73
137.6,-110.4,140.4,20.1,0.2,56,528.2805357,157.2832672,4.025351691,73,800,30,1,UMi_NLOS_73
137.7,-103.2,133.2,23,0.3,63,823.7053968,230.7872962,4.143134726,73,800,30,1,UMi_NLOS_73
137.8,-118.5,148.5,43.7,-4.6,63,823.7020635,230.7796825,4.143134726,73,800,30,1,UMi_NLOS_73
137.9,-100.7,130.7,25.7,-6.3,63,823.7038095,230.7769101,4.143134726,73,800,30,1,UMi_NLOS_73
137.9,-100.6,130.6,22.1,-2.1,63,823.7069841,230.7750712,4.143134726,73,800,30,1,UMi_NLOS_73
138,-100.8,130.8,34.6,-2,63,823.7074603,230.7707903,4.143134726,73,800,30,1,UMi_NLOS_73
138.1,-109.9,139.9,29.7,-5.4,63,823.7050794,230.7623237,4.143134726,73,800,30,1,UMi_NLOS_73
138.2,-110.4,140.4,46.8,-4.7,63,823.7069841,230.7599008,4.143134726,73,800,30,1,UMi_NLOS_73
138.3,-102.8,132.8,54.9,-4.7,63,823.7093651,230.757633,4.143134726,73,800,30,1,UMi_NLOS_73
138.3,-110,140,22.5,-3.1,63,823.7073016,230.7494537,4.143134726,73,800,30,1,UMi_NLOS_73
138.4,-105.9,135.9,63.5,1.7,63,823.7071429,230.7441538,4.143134726,73,800,30,1,UMi_NLOS_73
138.5,-108.4,138.4,41.8,3.8,56,528.2892857,157.281952,4.025351691,73,800,30,1,UMi_NLOS_73
138.6,-109.4,139.4,32.7,-1.3,63,823.707619,230.7382061,4.143134726,73,800,30,1,UMi_NLOS_73
138.6,-109.7,139.7,29.4,2.9,63,823.7109524,230.7380224,4.143134726,73,800,30,1,UMi_NLOS_73
138.7,-114,144,22.6,-4.9,63,823.7095238,230.7312412,4.143134726,73,800,30,1,UMi_NLOS_73
138.8,-98.1,128.1,27.4,-2.4,63,823.7080952,230.7235988,4.143134726,73,800,30,1,UMi_NLOS_73
138.9,-108,138,20.2,-3.5,63,823.7080952,230.7204373,4.143134726,73,800,30,1,UMi_NLOS_73
139,-97.9,127.9,34.6,-3.5,63,823.705873,230.7108747,4.143134726,73,800,30,1,UMi_NLOS_73
139,-107.9,137.9,22.9,0.1,63,823.7087302,230.7083862,4.143134726,73,800,30,1,UMi_NLOS_73
139.1,-99.1,129.1,38.2,-3.9,63,823.7107937,230.7062087,4.143134726,73,800,30,1,UMi_NLOS_73
139.2,-109.7,139.7,41.2,-4.1,63,823.7096825,230.6971564,4.143134726,73,800,30,1,UMi_NLOS_73
139.3,-103.1,133.1,29.9,-4.7,63,823.7096825,230.6933408,4.143134726,73,800,30,1,UMi_NLOS_73
139.4,-103.1,133.1,66.2,0.9,56,528.2976786,157.2801918,4.025351691,73,800,30,1,UMi_NLOS_73
139.4,-108.8,138.8,25.1,-1.8,63,823.7120635,230.6907944,4.143134726,73,800,30,1,UMi_NLOS_73
139.5,-105.8,135.8,21,0.3,63,823.714127,230.6869783,4.143134726,73,800,30,1,UMi_NLOS_73
139.6,-107.8,137.8,35.4,-4.7,63,823.712381,230.678111,4.143134726,73,800,30,1,UMi_NLOS_73
139.7,-110.1,140.1,17.4,-0.5,63,823.7168254,230.6760129,4.143134726,73,800,30,1,UMi_NLOS_73
139.8,-101.4,131.4,26.7,0.4,63,823.714127,230.667384,4.143134726,73,800,30,1,UMi_NLOS_73
139.8,-108.7,138.7,19.4,-3.9,63,823.7155556,230.6647019,4.143134726,73,800,30,1,UMi_NLOS_73
139.9,-105.9,135.9,25.4,-3.4,63,823.7195238,230.6649028,4.143134726,73,800,30,1,UMi_NLOS_73
140,-104,134,22.1,2.2,63,823.7180952,230.6560454,4.143134726,73,800,30,1,UMi_NLOS_73
140.1,-111.5,141.5,29.3,-2,63,823.7219048,230.6529664,4.143134726,73,800,30,1,UMi_NLOS_73
140.2,-106.3,136.3,31.7,-1.3,63,823.7211111,230.646504,4.143134726,73,800,30,1,UMi_NLOS_73
140.2,-107.5,137.5,31.4,-4.8,56,528.3073214,157.2787278,4.025351691,73,800,30,1,UMi_NLOS_73
140.3,-105.7,135.7,21.7,-4.5,63,823.7215873,230.6418292,4.143134726,73,800,30,1,UMi_NLOS_73
140.4,-107.9,137.9,21.2,-4.2,63,823.7238095,230.6383606,4.143134726,73,800,30,1,UMi_NLOS_73
140.5,-110.8,140.8,23.5,1.2,63,823.722381,230.630852,4.143134726,73,800,30,1,UMi_NLOS_73
140.6,-109.6,139.6,44.5,-4.5,63,823.72,230.6204934,4.143134726,73,800,30,1,UMi_NLOS_73
140.6,-110.8,140.8,18.2,1,63,823.7234921,230.6194221,4.143134726,73,800,30,1,UMi_NLOS_73
140.7,-114.9,144.9,20,2.3,63,823.725873,230.6168888,4.143134726,73,800,30,1,UMi_NLOS_73
140.8,-111.3,141.3,14.2,6.7,63,823.7255556,230.6094626,4.143134726,73,800,30,1,UMi_NLOS_73
140.9,-95.7,125.7,27.6,-2.8,63,823.7255556,230.6036934,4.143134726,73,800,30,1,UMi_NLOS_73
141,-101.1,131.1,64.8,1.2,63,823.7247619,230.5971275,4.143134726,73,800,30,1,UMi_NLOS_73
141,-109,139,24.9,-0.6,66,833.9266667,224.7456808,4.189654742,73,800,30,1,UMi_NLOS_73
141.1,-108.8,138.8,30.8,-1.8,56,527.9201786,157.3022477,4.025351691,73,800,30,1,UMi_NLOS_73
141.2,-99.7,129.7,28.4,-2.6,56,528.3157143,157.2787279,4.025351691,73,800,30,1,UMi_NLOS_73
141.3,-106.2,136.2,19.8,-1.3,63,808.6192063,207.030902,4.143134726,73,800,30,1,UMi_NLOS_73
141.4,-107.8,137.8,29.7,-0.2,72,795.3056944,190.6374017,4.276666119,73,800,30,1,UMi_NLOS_73
141.4,-102.8,132.8,41.2,-5,88,733.88625,188.8923806,4.477336814,73,800,30,1,UMi_NLOS_73
141.5,-105.5,135.5,25.8,-4.8,70,765.8837143,194.7195155,4.248495242,73,800,30,1,UMi_NLOS_73
141.6,-109,139,28.8,-2.1,70,765.8734286,194.7205381,4.248495242,73,800,30,1,UMi_NLOS_73
141.7,-100.5,130.5,25.8,-1.6,70,765.8648571,194.724534,4.248495242,73,800,30,1,UMi_NLOS_73
141.8,-111.8,141.8,31,-2.8,70,765.8525714,194.7233519,4.248495242,73,800,30,1,UMi_NLOS_73
141.8,-104.9,134.9,12.4,-0.9,70,765.844,194.7259693,4.248495242,73,800,30,1,UMi_NLOS_73
141.9,-105,135,43.5,-2,70,765.8355714,194.7293257,4.248495242,73,800,30,1,UMi_NLOS_73
142,-104.5,134.5,23.9,-2.2,70,765.8242857,194.7302847,4.248495242,73,800,30,1,UMi_NLOS_73
142.1,-105.9,135.9,39.9,3.2,56,528.3253571,157.2771661,4.025351691,73,800,30,1,UMi_NLOS_73
142.2,-102.4,132.4,35.8,2,70,765.8155714,194.7341129,4.248495242,73,800,30,1,UMi_NLOS_73
142.2,-105.9,135.9,24,-2.7,70,765.8058571,194.7355936,4.248495242,73,800,30,1,UMi_NLOS_73
142.3,-101,131,29.4,-3,70,765.7958571,194.7372528,4.248495242,73,800,30,1,UMi_NLOS_73
142.4,-97.2,127.2,33.3,-4.1,70,765.7874286,194.7413958,4.248495242,73,800,30,1,UMi_NLOS_73
142.5,-110.8,140.8,20.8,-1.8,70,765.7788571,194.7449324,4.248495242,73,800,30,1,UMi_NLOS_73
142.6,-103.5,133.5,22.2,-0.3,70,765.7695714,194.7458015,4.248495242,73,800,30,1,UMi_NLOS_73
142.6,-103.3,133.3,43.9,-1.9,70,765.761,194.7511663,4.248495242,73,800,30,1,UMi_NLOS_73
142.7,-101.9,131.9,36.9,1.2,70,765.7508571,194.7533729,4.248495242,73,800,30,1,UMi_NLOS_73
142.8,-102,132,29.2,-0.3,70,765.7434286,194.7565286,4.248495242,73,800,30,1,UMi_NLOS_73
142.9,-105.3,135.3,31.3,-1.5,70,765.7331429,194.7578641,4.248495242,73,800,30,1,UMi_NLOS_73
143,-103.2,133.2,31.3,-1.5,56,528.3346429,157.2750368,4.025351691,73,800,30,1,UMi_NLOS_73
143,-103.9,133.9,59.3,-4.6,70,765.723,194.7601066,4.248495242,73,800,30,1,UMi_NLOS_73
143.1,-110.1,140.1,46.3,-3.5,70,765.7137143,194.7619484,4.248495242,73,800,30,1,UMi_NLOS_73
143.2,-108.7,138.7,38.5,-4.4,70,765.7048571,194.767391,4.248495242,73,800,30,1,UMi_NLOS_73
143.3,-107.4,137.4,28.5,-4.6,70,765.6988571,194.7732015,4.248495242,73,800,30,1,UMi_NLOS_73
143.4,-108.6,138.6,32,2.2,70,765.6887143,194.7744421,4.248495242,73,800,30,1,UMi_NLOS_73
143.4,-105.5,135.5,56.7,-4.1,70,765.677,194.7757312,4.248495242,73,800,30,1,UMi_NLOS_73
143.5,-104.2,134.2,50.7,-3.9,70,765.6688571,194.778097,4.248495242,73,800,30,1,UMi_NLOS_73
143.6,-109.2,139.2,42.2,-3.8,70,765.6578571,194.7772522,4.248495242,73,800,30,1,UMi_NLOS_73
143.7,-105.3,135.3,22.7,0.6,70,765.6502857,194.7804856,4.248495242,73,800,30,1,UMi_NLOS_73
143.8,-106.2,136.2,32.4,3.9,70,765.641,194.7851885,4.248495242,73,800,30,1,UMi_NLOS_73
143.8,-104.5,134.5,55.8,-6.6,56,528.3441071,157.2739596,4.025351691,73,800,30,1,UMi_NLOS_73
143.9,-106.4,136.4,34.3,-2.2,70,765.6315714,194.7853008,4.248495242,73,800,30,1,UMi_NLOS_73
144,-103.9,133.9,45.9,2.9,70,765.6244286,194.7907805,4.248495242,73,800,30,1,UMi_NLOS_73
144.1,-103,133,29.3,-2.2,70,765.6137143,194.7928207,4.248495242,73,800,30,1,UMi_NLOS_73
144.2,-101.9,131.9,27.4,-1.5,70,765.6057143,194.7966897,4.248495242,73,800,30,1,UMi_NLOS_73
144.3,-105.2,135.2,59.6,-0.8,70,765.5957143,194.7979599,4.248495242,73,800,30,1,UMi_NLOS_73
144.3,-106.4,136.4,35.1,-2.7,70,765.5851429,194.7979541,4.248495242,73,800,30,1,UMi_NLOS_73
144.4,-95.7,125.7,64.5,-2.1,70,765.5765714,194.8017764,4.248495242,73,800,30,1,UMi_NLOS_73
144.5,-103.1,133.1,41.7,-5.1,70,765.569,194.8056279,4.248495242,73,800,30,1,UMi_NLOS_73
144.6,-102,132,55.7,-6.4,70,765.5594286,194.8064972,4.248495242,73,800,30,1,UMi_NLOS_73
144.7,-106.7,136.7,30,-2.7,70,765.5515714,194.8112711,4.248495242,73,800,30,1,UMi_NLOS_73
144.7,-108.8,138.8,55.3,-5.1,56,528.3535714,157.2721454,4.025351691,73,800,30,1,UMi_NLOS_73
144.8,-104.1,134.1,37.5,-1.7,70,765.542,194.8131958,4.248495242,73,800,30,1,UMi_NLOS_73
144.9,-106.3,136.3,30.5,-0.2,70,765.534,194.8168458,4.248495242,73,800,30,1,UMi_NLOS_73
145,-112.8,142.8,47.9,-2,70,765.522,194.8168276,4.248495242,73,800,30,1,UMi_NLOS_73
145.1,-108,138,57.8,-6.6,70,765.5154286,194.8220931,4.248495242,73,800,30,1,UMi_NLOS_73
145.1,-108.3,138.3,48,-0.4,70,765.5048571,194.82111,4.248495242,73,800,30,1,UMi_NLOS_73
145.2,-109.5,139.5,47.2,0.6,70,765.4975714,194.8267642,4.248495242,73,800,30,1,UMi_NLOS_73
145.3,-103.5,133.5,45.4,-1.4,70,765.4857143,194.8239974,4.248495242,73,800,30,1,UMi_NLOS_73
145.4,-102.4,132.4,22.6,-3.3,70,765.4794286,194.8304564,4.248495242,73,800,30,1,UMi_NLOS_73
145.5,-113.8,143.8,40.8,-6.3,70,765.4702857,194.8322086,4.248495242,73,800,30,1,UMi_NLOS_73
145.5,-108.7,138.7,27,-1.1,70,765.4611429,194.8358438,4.248495242,73,800,30,1,UMi_NLOS_73
145.6,-109,139,12.7,2.6,56,528.36375,157.2708042,4.025351691,73,800,30,1,UMi_NLOS_73
145.7,-103.7,133.7,46.9,-1.7,70,765.4515714,194.8361605,4.248495242,73,800,30,1,UMi_NLOS_73
145.8,-106.2,136.2,52.9,-5.2,70,765.4428571,194.8397045,4.248495242,73,800,30,1,UMi_NLOS_73
145.9,-109.2,139.2,49.9,-4.7,70,765.4347143,194.8430279,4.248495242,73,800,30,1,UMi_NLOS_73
146,-103.8,133.8,34.3,-3.2,70,765.425,194.8444523,4.248495242,73,800,30,1,UMi_NLOS_73
146,-102.4,132.4,48.9,-4.7,70,765.4151429,194.8448057,4.248495242,73,800,30,1,UMi_NLOS_73
146.1,-103.6,133.6,46.3,-0.5,70,765.41,194.8524511,4.248495242,73,800,30,1,UMi_NLOS_73
146.2,-104.4,134.4,36.2,1.7,70,765.3987143,194.8528609,4.248495242,73,800,30,1,UMi_NLOS_73
146.3,-108.3,138.3,48.7,-3.5,70,765.3904286,194.8566868,4.248495242,73,800,30,1,UMi_NLOS_73
146.4,-107.4,137.4,41.2,-3.1,70,765.382,194.8591445,4.248495242,73,800,30,1,UMi_NLOS_73
146.4,-110.5,140.5,61.1,-4.5,70,765.3741429,194.8624343,4.248495242,73,800,30,1,UMi_NLOS_73
146.5,-108.7,138.7,46.3,-4.3,56,528.3726786,157.2688372,4.025351691,73,800,30,1,UMi_NLOS_73
146.6,-99.6,129.6,46.5,-2,70,765.3638571,194.8639615,4.248495242,73,800,30,1,UMi_NLOS_73
146.7,-102.9,132.9,56.6,-4.9,70,765.354,194.8647318,4.248495242,73,800,30,1,UMi_NLOS_73
146.8,-114.9,144.9,26.7,0.1,70,765.3468571,194.8699605,4.248495242,73,800,30,1,UMi_NLOS_73
146.9,-108.1,138.1,28.3,-1.5,70,765.3394286,194.8738573,4.248495242,73,800,30,1,UMi_NLOS_73
146.9,-106.3,136.3,52.3,-6.2,70,765.3285714,194.8761726,4.248495242,73,800,30,1,UMi_NLOS_73
147,-110,140,54,-2.3,70,765.3211429,194.8779071,4.248495242,73,800,30,1,UMi_NLOS_73
147.1,-101,131,39.1,-4.3,70,765.3124286,194.8814372,4.248495242,73,800,30,1,UMi_NLOS_73
147.2,-105.4,135.4,29.8,-2.3,70,765.3031429,194.8825844,4.248495242,73,800,30,1,UMi_NLOS_73
147.3,-107.2,137.2,48.9,-5.7,70,765.2944286,194.8864536,4.248495242,73,800,30,1,UMi_NLOS_73
147.3,-109.9,139.9,32.5,-2.1,70,765.285,194.8864011,4.248495242,73,800,30,1,UMi_NLOS_73
147.4,-98,128,28.4,-0.1,56,528.3823214,157.2678335,4.025351691,73,800,30,1,UMi_NLOS_73
147.5,-102.7,132.7,58.2,-7.7,70,765.274,194.8853866,4.248495242,73,800,30,1,UMi_NLOS_73
147.6,-108.3,138.3,30.6,-3.6,70,765.267,194.8915273,4.248495242,73,800,30,1,UMi_NLOS_73
147.7,-104,134,63.2,2.2,70,765.2591429,194.894092,4.248495242,73,800,30,1,UMi_NLOS_73
147.8,-109.9,139.9,57.2,0.7,70,765.2491429,194.8951974,4.248495242,73,800,30,1,UMi_NLOS_73
147.8,-108.9,138.9,21.7,0.6,70,765.2397143,194.8963206,4.248495242,73,800,30,1,UMi_NLOS_73
147.9,-111.5,141.5,35.5,-2.7,70,765.2331429,194.9011842,4.248495242,73,800,30,1,UMi_NLOS_73
148,-114.1,144.1,46.9,-4.8,70,765.2238571,194.902911,4.248495242,73,800,30,1,UMi_NLOS_73
148.1,-111.6,141.6,46.7,-4.9,70,765.2138571,194.9035094,4.248495242,73,800,30,1,UMi_NLOS_73
148.2,-110.6,140.6,39.8,1.9,70,765.2074286,194.9086668,4.248495242,73,800,30,1,UMi_NLOS_73
148.2,-111.7,141.7,35.1,-2.8,70,765.2008571,194.9146967,4.248495242,73,800,30,1,UMi_NLOS_73
148.3,-101.7,131.7,47.5,-7.8,56,528.3933929,157.2660804,4.025351691,73,800,30,1,UMi_NLOS_73
148.4,-108.5,138.5,63,-6.3,70,765.1911429,194.9155006,4.248495242,73,800,30,1,UMi_NLOS_73
148.5,-103.9,133.9,35.1,-2.8,70,765.1787143,194.9115877,4.248495242,73,800,30,1,UMi_NLOS_73
148.6,-106.4,136.4,55.2,-5,70,765.1721429,194.9166755,4.248495242,73,800,30,1,UMi_NLOS_73
148.7,-102.2,132.2,55.6,-3.2,70,765.1641429,194.920191,4.248495242,73,800,30,1,UMi_NLOS_73
148.7,-113.6,143.6,27.9,-3.7,70,765.1548571,194.9213264,4.248495242,73,800,30,1,UMi_NLOS_73
148.8,-110.1,140.1,49.7,-4.2,70,765.1454286,194.9220862,4.248495242,73,800,30,1,UMi_NLOS_73
148.9,-105.3,135.3,27.8,-5.1,70,765.1362857,194.9253773,4.248495242,73,800,30,1,UMi_NLOS_73
149,-111.3,141.3,22.4,-0.1,70,765.1291429,194.9289547,4.248495242,73,800,30,1,UMi_NLOS_73
149.1,-111.4,141.4,60,-6.2,70,765.1235714,194.9367227,4.248495242,73,800,30,1,UMi_NLOS_73
149.1,-108.1,138.1,28.9,-5.2,70,765.1112857,194.9336958,4.248495242,73,800,30,1,UMi_NLOS_73
149.2,-101.2,131.2,43.2,-6.5,56,528.4023214,157.2646192,4.025351691,73,800,30,1,UMi_NLOS_73
149.3,-107.3,137.3,74.5,-0.8,70,765.1034286,194.9362655,4.248495242,73,800,30,1,UMi_NLOS_73
149.4,-107.9,137.9,52.7,-4.4,70,765.0971429,194.9416526,4.248495242,73,800,30,1,UMi_NLOS_73
149.5,-98.6,128.6,50.7,-7.2,70,765.0877143,194.9429254,4.248495242,73,800,30,1,UMi_NLOS_73
149.6,-105.9,135.9,28.4,0.5,70,765.0768571,194.9417727,4.248495242,73,800,30,1,UMi_NLOS_73
149.6,-104.2,134.2,29.9,4,70,765.0705714,194.9478666,4.248495242,73,800,30,1,UMi_NLOS_73
149.7,-111.4,141.4,54.9,-0.7,70,765.0651429,194.9545632,4.248495242,73,800,30,1,UMi_NLOS_73
149.8,-103.9,133.9,47.7,-1.4,70,765.0587143,194.9609429,4.248495242,73,800,30,1,UMi_NLOS_73
149.9,-109,139,28,-4.3,70,765.0475714,194.9598224,4.248495242,73,800,30,1,UMi_NLOS_73
150,-106.6,136.6,37.8,-2.8,70,765.0412857,194.9649104,4.248495242,73,800,30,1,UMi_NLOS_73
150.1,-104.7,134.7,45.8,-3.7,65,734.232,164.5755106,4.17438727,73,800,30,1,UMi_NLOS_73
150.1,-105.7,135.7,31.8,-0.4,56,527.9221429,157.3036348,4.025351691,73,800,30,1,UMi_NLOS_73
150.2,-106.9,136.9,50.9,-2,56,528.4132143,157.2624031,4.025351691,73,800,30,1,UMi_NLOS_73
150.3,-110.1,140.1,45.2,-0.5,55,688.8649091,137.1503227,4.007333185,73,800,30,1,UMi_NLOS_73
150.4,-103.1,133.1,74.6,-3.2,45,658.4293333,131.8113039,3.80666249,73,800,30,1,UMi_NLOS_73
150.5,-110,140,36.3,-3.9,39,661.84,137.8642378,3.663561646,73,800,30,1,UMi_NLOS_73
150.5,-99.9,129.9,78.8,0.1,40,660.94275,135.1208899,3.688879454,73,800,30,1,UMi_NLOS_73
150.6,-102.6,132.6,37.8,-1.2,40,660.9535,135.1149776,3.688879454,73,800,30,1,UMi_NLOS_73
150.7,-105.4,135.4,33.4,-1,40,660.9675,135.1161419,3.688879454,73,800,30,1,UMi_NLOS_73
150.8,-109.4,139.4,57.3,-3.2,40,660.98125,135.1177732,3.688879454,73,800,30,1,UMi_NLOS_73
150.9,-106,136,49.5,-3.7,40,660.99225,135.112237,3.688879454,73,800,30,1,UMi_NLOS_73
151,-112,142,49.6,-6,40,661.00825,135.1212718,3.688879454,73,800,30,1,UMi_NLOS_73
151,-100.4,130.4,66.9,-4,40,661.0185,135.1158885,3.688879454,73,800,30,1,UMi_NLOS_73
151.1,-113.4,143.4,53.1,-3.8,56,528.4239286,157.2609248,4.025351691,73,800,30,1,UMi_NLOS_73
151.2,-102.8,132.8,51.9,-1.6,40,661.03225,135.1176067,3.688879454,73,800,30,1,UMi_NLOS_73
151.3,-108.6,138.6,44.5,-6.1,40,661.046,135.1191371,3.688879454,73,800,30,1,UMi_NLOS_73
151.4,-106,136,31,0.2,40,661.05525,135.1058084,3.688879454,73,800,30,1,UMi_NLOS_73
151.5,-106.3,136.3,51,-4.3,40,661.071,135.1149687,3.688879454,73,800,30,1,UMi_NLOS_73
151.5,-106.2,136.2,27.4,-2.9,40,661.08575,135.1169685,3.688879454,73,800,30,1,UMi_NLOS_73
151.6,-105.3,135.3,51.6,-5.7,40,661.09725,135.1110177,3.688879454,73,800,30,1,UMi_NLOS_73
151.7,-109.1,139.1,37.4,-2.2,40,661.11125,135.1125123,3.688879454,73,800,30,1,UMi_NLOS_73
151.8,-109.3,139.3,29.2,-4.5,40,661.125,135.1139454,3.688879454,73,800,30,1,UMi_NLOS_73
151.9,-112,142,29.9,-2.4,40,661.13875,135.116086,3.688879454,73,800,30,1,UMi_NLOS_73
152,-109.3,139.3,51.8,-6.8,40,661.1535,135.1171733,3.688879454,73,800,30,1,UMi_NLOS_73
152,-109.2,139.2,33.1,-4,56,528.4335714,157.2587045,4.025351691,73,800,30,1,UMi_NLOS_73
152.1,-110,140,51.6,-6.4,40,661.1675,135.1190875,3.688879454,73,800,30,1,UMi_NLOS_73
152.2,-104.8,134.8,32.6,0.9,40,661.1795,135.1130944,3.688879454,73,800,30,1,UMi_NLOS_73
152.3,-102.2,132.2,36.9,1.7,40,661.19375,135.1143767,3.688879454,73,800,30,1,UMi_NLOS_73
152.4,-106.4,136.4,63.4,-8.1,40,661.20825,135.1161397,3.688879454,73,800,30,1,UMi_NLOS_73
152.5,-105.5,135.5,37.8,-6.7,40,661.222,135.1174773,3.688879454,73,800,30,1,UMi_NLOS_73
152.5,-108.4,138.4,54.4,-0.8,40,661.23625,135.1193288,3.688879454,73,800,30,1,UMi_NLOS_73
152.6,-110.1,140.1,26.1,1.8,40,661.24825,135.1129054,3.688879454,73,800,30,1,UMi_NLOS_73
152.7,-111.8,141.8,52.9,-2.3,40,661.26275,135.1150253,3.688879454,73,800,30,1,UMi_NLOS_73
152.8,-107.5,137.5,16.8,-3.5,40,661.28,135.1236275,3.688879454,73,800,30,1,UMi_NLOS_73
152.9,-108.6,138.6,55.5,-3.3,40,661.29275,135.1178044,3.688879454,73,800,30,1,UMi_NLOS_73
153,-107.7,137.7,23.1,-3.6,56,528.4446429,157.2564463,4.025351691,73,800,30,1,UMi_NLOS_73
153,-106.2,136.2,53.3,-7,40,661.30775,135.1192723,3.688879454,73,800,30,1,UMi_NLOS_73
153.1,-106.3,136.3,49.8,2.7,40,661.32225,135.1204381,3.688879454,73,800,30,1,UMi_NLOS_73
153.2,-103.4,133.4,45.4,-5.6,40,661.33325,135.1149699,3.688879454,73,800,30,1,UMi_NLOS_73
153.3,-110.6,140.6,35.6,-2.1,40,661.34825,135.1160223,3.688879454,73,800,30,1,UMi_NLOS_73
153.4,-109.5,139.5,47.2,-4.2,40,661.3655,135.1248779,3.688879454,73,800,30,1,UMi_NLOS_73
153.5,-109.9,139.9,25.7,-3.3,40,661.37875,135.1185974,3.688879454,73,800,30,1,UMi_NLOS_73
153.5,-108.7,138.7,53.7,-6.9,40,661.3935,135.1205641,3.688879454,73,800,30,1,UMi_NLOS_73
153.6,-104.9,134.9,54.4,-5.5,40,661.40825,135.1219193,3.688879454,73,800,30,1,UMi_NLOS_73
153.7,-104.9,134.9,40.7,-4.9,40,661.4215,135.1157016,3.688879454,73,800,30,1,UMi_NLOS_73
153.8,-108.2,138.2,36.3,-4.4,40,661.4385,135.1251701,3.688879454,73,800,30,1,UMi_NLOS_73
153.9,-105.6,135.6,82.7,-9,56,528.4551786,157.2550005,4.025351691,73,800,30,1,UMi_NLOS_73
154,-107.6,137.6,55.3,-4.1,40,661.45375,135.1260578,3.688879454,73,800,30,1,UMi_NLOS_73
154,-110.7,140.7,26.8,-0.5,40,661.4665,135.1204027,3.688879454,73,800,30,1,UMi_NLOS_73
154.1,-106.7,136.7,44.1,-1.5,40,661.482,135.1213545,3.688879454,73,800,30,1,UMi_NLOS_73
154.2,-107.3,137.3,61.6,-6.7,40,661.4965,135.1227144,3.688879454,73,800,30,1,UMi_NLOS_73
154.3,-109.3,139.3,23.6,-2.9,40,661.512,135.1241354,3.688879454,73,800,30,1,UMi_NLOS_73
154.4,-107.5,137.5,37.7,-5.5,40,661.5275,135.125685,3.688879454,73,800,30,1,UMi_NLOS_73
154.5,-109.2,139.2,62.6,0.3,40,661.543,135.1266133,3.688879454,73,800,30,1,UMi_NLOS_73
154.5,-106.6,136.6,41.8,-2.3,40,661.5555,135.1209714,3.688879454,73,800,30,1,UMi_NLOS_73
154.6,-105.4,135.4,41.2,-4.8,40,661.571,135.1221731,3.688879454,73,800,30,1,UMi_NLOS_73
154.7,-107.4,137.4,49.2,-6.4,40,661.5895,135.1305603,3.688879454,73,800,30,1,UMi_NLOS_73
154.8,-106.7,136.7,32.5,-3.3,56,528.4655357,157.2526915,4.025351691,73,800,30,1,UMi_NLOS_73
154.9,-106.1,136.1,25.1,0.1,40,661.60225,135.1252626,3.688879454,73,800,30,1,UMi_NLOS_73
155,-105.2,135.2,49.6,-6.3,40,661.61825,135.1257051,3.688879454,73,800,30,1,UMi_NLOS_73
155,-105.4,135.4,67.6,-4.5,40,661.63425,135.1269722,3.688879454,73,800,30,1,UMi_NLOS_73
155.1,-108.3,138.3,30.3,-2,40,661.64725,135.1211622,3.688879454,73,800,30,1,UMi_NLOS_73
155.2,-108.2,138.2,45.1,-4.3,40,661.66225,135.1226291,3.688879454,73,800,30,1,UMi_NLOS_73
155.3,-107,137,20.8,0.6,40,661.68125,135.130867,3.688879454,73,800,30,1,UMi_NLOS_73
155.4,-107,137,59.6,-7,40,661.69425,135.1247662,3.688879454,73,800,30,1,UMi_NLOS_73
155.5,-107.2,137.2,47.7,-5.2,40,661.71075,135.1260091,3.688879454,73,800,30,1,UMi_NLOS_73
155.5,-107.9,137.9,53.6,-3.1,40,661.72775,135.126779,3.688879454,73,800,30,1,UMi_NLOS_73
155.6,-105.7,135.7,28.3,4.3,40,661.74075,135.1207727,3.688879454,73,800,30,1,UMi_NLOS_73
155.7,-108.8,138.8,56.2,-4.7,56,528.4766071,157.2515961,4.025351691,73,800,30,1,UMi_NLOS_73
155.8,-106.8,136.8,47.7,-3,40,661.76025,135.1291448,3.688879454,73,800,30,1,UMi_NLOS_73
155.9,-108.1,138.1,36.6,-0.2,40,661.776,135.1309931,3.688879454,73,800,30,1,UMi_NLOS_73
156,-107.8,137.8,46.4,-8.2,40,661.78925,135.1243641,3.688879454,73,800,30,1,UMi_NLOS_73
156,-106.6,136.6,51.7,-9.1,40,661.80625,135.125056,3.688879454,73,800,30,1,UMi_NLOS_73
156.1,-106.5,136.5,47.3,-3.2,40,661.8235,135.1264299,3.688879454,73,800,30,1,UMi_NLOS_73
156.2,-107.6,137.6,49.4,-4,40,661.83675,135.1194903,3.688879454,73,800,30,1,UMi_NLOS_73
156.3,-107,137,41.1,-4.5,40,661.8555,135.1286059,3.688879454,73,800,30,1,UMi_NLOS_73
156.4,-109,139,32.3,-4.1,40,661.8725,135.1295599,3.688879454,73,800,30,1,UMi_NLOS_73
156.5,-106.9,136.9,25.3,-2.4,40,661.88925,135.1301488,3.688879454,73,800,30,1,UMi_NLOS_73
156.6,-107.6,137.6,48.1,-5,40,661.903,135.1241168,3.688879454,73,800,30,1,UMi_NLOS_73
156.6,-108.4,138.4,37.6,-2.4,56,528.4883929,157.2491679,4.025351691,73,800,30,1,UMi_NLOS_73
156.7,-109.5,139.5,48.2,-6.9,40,661.91975,135.1247273,3.688879454,73,800,30,1,UMi_NLOS_73
156.8,-106.9,136.9,37.3,-7.5,40,661.94,135.1336898,3.688879454,73,800,30,1,UMi_NLOS_73
156.9,-108.1,138.1,51.1,-6.4,40,661.9535,135.1272281,3.688879454,73,800,30,1,UMi_NLOS_73
157,-108.6,138.6,44.4,-4.1,40,661.97075,135.1284537,3.688879454,73,800,30,1,UMi_NLOS_73
157.1,-107.4,137.4,27.4,-1.8,40,661.9875,135.129565,3.688879454,73,800,30,1,UMi_NLOS_73
157.1,-107.4,137.4,41.9,-5.6,40,662.002,135.1230611,3.688879454,73,800,30,1,UMi_NLOS_73
157.2,-106.6,136.6,60.6,-1.8,40,662.0185,135.1241323,3.688879454,73,800,30,1,UMi_NLOS_73
157.3,-107.7,137.7,40.9,-5.3,40,662.0385,135.1325024,3.688879454,73,800,30,1,UMi_NLOS_73
157.4,-107.4,137.4,50.5,-7.3,40,662.05525,135.133255,3.688879454,73,800,30,1,UMi_NLOS_73
157.5,-107.2,137.2,39.6,0.9,40,662.07025,135.1270319,3.688879454,73,800,30,1,UMi_NLOS_73
157.6,-107.9,137.9,63.1,-6.9,56,528.49875,157.2468356,4.025351691,73,800,30,1,UMi_NLOS_73
157.6,-107.2,137.2,32.7,-3,40,662.0875,135.1277431,3.688879454,73,800,30,1,UMi_NLOS_73
157.7,-107.3,137.3,22.2,-1.5,40,662.10575,135.1286713,3.688879454,73,800,30,1,UMi_NLOS_73
157.8,-107.6,137.6,34.9,-1,40,662.12225,135.1296369,3.688879454,73,800,30,1,UMi_NLOS_73
157.9,-107.5,137.5,40.9,-7.8,40,662.14025,135.1304034,3.688879454,73,800,30,1,UMi_NLOS_73
158,-107.8,137.8,68.9,-2.7,40,662.1585,135.1311229,3.688879454,73,800,30,1,UMi_NLOS_73
158.1,-107.3,137.3,46.7,-5.1,40,662.17325,135.1244016,3.688879454,73,800,30,1,UMi_NLOS_73
158.2,-107.6,137.6,43.4,-5.8,40,662.19,135.1251844,3.688879454,73,800,30,1,UMi_NLOS_73
158.2,-106.8,136.8,28.9,-1.8,40,662.2085,135.1262515,3.688879454,73,800,30,1,UMi_NLOS_73
158.3,-108,138,19.5,-2.8,40,662.22875,135.1341485,3.688879454,73,800,30,1,UMi_NLOS_73
158.4,-107.8,137.8,47.1,-8.1,40,662.243,135.1280983,3.688879454,73,800,30,1,UMi_NLOS_73
158.5,-107.2,137.2,43.4,-7.8,84,850.794881,476.2978345,4.430816799,73,800,30,1,UMi_NLOS_73
158.6,-107.4,137.4,41,-1.4,40,662.26225,135.1287458,3.688879454,73,800,30,1,UMi_NLOS_73
158.7,-108.1,138.1,53,-3.6,40,662.27975,135.1293817,3.688879454,73,800,30,1,UMi_NLOS_73
158.7,-108.6,138.6,40.8,-6.2,40,662.29525,135.1223816,3.688879454,73,800,30,1,UMi_NLOS_73
158.8,-108.1,138.1,70.7,-0.2,40,662.31425,135.1232089,3.688879454,73,800,30,1,UMi_NLOS_73
158.9,-107.4,137.4,41.2,-3.9,40,662.3345,135.1314703,3.688879454,73,800,30,1,UMi_NLOS_73
159,-107.9,137.9,39.7,-2.4,40,662.35225,135.1325174,3.688879454,73,800,30,1,UMi_NLOS_73
159.1,-107,137,56.4,-6,40,662.3685,135.1251247,3.688879454,73,800,30,1,UMi_NLOS_73
159.2,-106.9,136.9,55.4,-3,40,662.387,135.1261856,3.688879454,73,800,30,1,UMi_NLOS_73
159.3,-108.8,138.8,54,-4.7,40,662.40425,135.1274557,3.688879454,73,800,30,1,UMi_NLOS_73
159.3,-107.9,137.9,35.1,-3.5,40,662.4255,135.1343863,3.688879454,73,800,30,1,UMi_NLOS_73
